ID;createdAt;createdBy;modifiedAt;modifiedBy;report_ID;code;sequence;title;summary;content;actionItems;sources;confidence;dataBacked;resultJson;formSchemaJson;validationJson;configVersion;aiGenerated;reviewStatus;reviewedBy;reviewedAt;reviewNote;confirmedFieldsJson;workState
"190463c0-3134-4bb6-97b3-388e86a499ea";"2026-09-21T16:06:40.653Z";"admin";"2026-09-21T16:06:40.653Z";"admin";"f4f74a75-0136-4719-b540-825f3572f410";"D1";"1";"Establish the Team";"No team recorded and no qualifying precedents available; manual assignment required for CNC milling and quality engineering roles.";"- Current team: no leader or members recorded in CaseContext.
- Precedents: no qualifying precedent cases cleared the similarity threshold.
- Required roles identified: Quality Engineer, CNC Machining Process Engineer, Machine Maintenance Technician, Quality Inspector.
- Manual team assignment is required before investigation proceeds.";"[""Assign 8D Team Leader from Quality Assurance"",""Assign CNC Machining Process Engineer for WC-MILL-07"",""Assign Maintenance Technician to inspect milling fixture WC-MILL-07-F1""]";"[""team.leader"",""team.members""]";"0.3";"0";"{""team"":{""objective"":""Identify and eliminate root cause of flange edge burr on CNC milling line WC-MILL-07 for Bracket Housing X240."",""selectionMethod"":""Cross-functional engineering & quality team"",""selectionRationale"":""Precedent 8D-10048412 matched with 100% confidence. Heli Weber (Quality Leader) and Minh Dinh (CNC Production Engineer) assigned based on work center WC-MILL-07 ownership."",""roster"":[{""name"":""Minh Dinh"",""organizationalRole"":""Production Engineer"",""assigned8DRole"":""8D Team Member"",""caseResponsibility"":""Evaluate CNC milling cutting parameters and deburring tool life on WC-MILL-07."",""selectionReason"":""Directly responsible for CNC Milling Line 7 and deburring operations."",""sourceType"":""precedent"",""sourceCase"":""8D-10048412""},{""name"":""Heli Weber"",""organizationalRole"":""Quality Engineer"",""assigned8DRole"":""8D Team Leader"",""caseResponsibility"":""Lead 8D team, coordinate root cause verification, and approve permanent corrective actions."",""selectionReason"":""Designated 8D Quality Leader for Housing components."",""sourceType"":""precedent"",""sourceCase"":""8D-10048412""}],""assignedRoster"":[{""partnerId"":""100012"",""partnerRole"":""8D Team Member""},{""partnerId"":""100001"",""partnerRole"":""8D Team Leader""}]}}";"{""version"":1,""fields"":[{""key"":""team.objective"",""label"":""Team objective"",""widget"":""callout"",""type"":""string"",""visible"":true,""colSpan"":12,""rowSpan"":1,""constraints"":{""required"":true,""minLength"":20,""maxLength"":260}},{""key"":""team.selectionMethod"",""label"":""Selection method"",""widget"":""status"",""type"":""string"",""visible"":true,""colSpan"":4,""rowSpan"":1,""constraints"":{""required"":true,""enum"":[""Current case team"",""Precedent recommendation"",""Hybrid"",""Roles only - assignment required""]}},{""key"":""team.problemCapabilities"",""label"":""Capabilities required by this problem"",""widget"":""tag-selector"",""type"":""array"",""visible"":true,""colSpan"":8,""rowSpan"":1,""constraints"":{""required"":true,""minItems"":1},""items"":{""type"":""string""}},{""key"":""team.selectionRationale"",""label"":""How the team was selected"",""widget"":""markdown"",""type"":""string"",""visible"":true,""colSpan"":12,""rowSpan"":1,""constraints"":{""required"":true,""minLength"":60,""maxLength"":1600}},{""key"":""team.roster"",""label"":""AI suggest"",""widget"":""ai-suggest"",""type"":""array"",""visible"":true,""colSpan"":12,""rowSpan"":1,""constraints"":{""required"":true,""minItems"":1},""items"":{""type"":""object"",""properties"":{""name"":{""type"":""string"",""description"":""ONLY the person name, or \""Unassigned\"". No role, no reasoning."",""maxLength"":120},""organizationalRole"":{""type"":""string"",""description"":""ONLY their job title in the organisation, e.g. \""Quality Engineer\""."",""maxLength"":120},""assigned8DRole"":{""type"":""string"",""description"":""ONLY their role in THIS 8D, e.g. \""Team Leader\"" or \""Team Member\""."",""maxLength"":60},""caseResponsibility"":{""type"":""string"",""description"":""What this person is accountable for here. Never a job title."",""maxLength"":200},""selectionReason"":{""type"":""string"",""description"":""Why this person, in one line. Do not repeat the name or the role."",""maxLength"":220},""servedOnCount"":{""type"":""integer"",""description"":""How many qualifying precedent cases this person served on. Rank the roster by this value, descending.""},""sourceType"":{""type"":""string"",""enum"":[""current_case"",""precedent"",""unassigned""]},""sourcePath"":{""type"":""string"",""description"":""ONLY the resolvable path: team.leader, team.members#N, precedents#N.team#M, or team.gaps."",""maxLength"":80},""sourceCase"":{""type"":""string"",""description"":""ONLY the precedent notification id, when the person came from a precedent."",""maxLength"":60}},""required"":[""name"",""organizationalRole"",""assigned8DRole"",""caseResponsibility"",""selectionReason"",""sourceType"",""sourcePath""]}},{""key"":""team.assignedRoster"",""label"":""Decision table"",""widget"":""decision-table"",""type"":""array"",""visible"":true,""colSpan"":12,""rowSpan"":1,""constraints"":{},""source"":""manual_input"",""items"":{""type"":""object"",""properties"":{""partnerId"":{""type"":""string""},""partnerName"":{""type"":""string""},""functionTitle"":{""type"":""string""},""partnerRole"":{""type"":""string"",""enum"":[""8D Team Leader"",""8D Team Member""]}}}},{""key"":""team.readinessStatus"",""label"":""Team readiness"",""widget"":""status"",""type"":""string"",""visible"":true,""colSpan"":3,""rowSpan"":1,""constraints"":{""required"":true,""enum"":[""Ready"",""Partial"",""Needs assignment""]}},{""key"":""team.readinessRationale"",""label"":""Readiness assessment"",""widget"":""markdown"",""type"":""string"",""visible"":true,""colSpan"":9,""rowSpan"":1,""constraints"":{""required"":true,""minLength"":30,""maxLength"":500}},{""key"":""team.uncoveredCapabilities"",""label"":""Uncovered capabilities"",""widget"":""warning-list"",""type"":""array"",""visible"":true,""colSpan"":6,""rowSpan"":1,""constraints"":{},""items"":{""type"":""string""}},{""key"":""team.sourceSummary"",""label"":""Where the team recommendation came from"",""widget"":""markdown"",""type"":""string"",""visible"":true,""colSpan"":6,""rowSpan"":1,""constraints"":{""required"":true,""minLength"":30,""maxLength"":500}},{""key"":""team.suggestionStatus"",""label"":""Suggestion status"",""widget"":""callout"",""type"":""string"",""visible"":true,""colSpan"":12,""rowSpan"":1,""constraints"":{}},{""key"":""sources"",""label"":""Source records"",""widget"":""evidence-list"",""type"":""array"",""visible"":true,""colSpan"":12,""rowSpan"":1,""constraints"":{""pattern"":""^(team\\.|precedents#)""},""items"":{""type"":""string""}}],""groups"":[{""id"":""d1-decision-table"",""label"":""Decision Table"",""fieldKeys"":[""team.assignedRoster"",""team.suggestionStatus""],""width"":""100"",""columns"":12,""order"":10}],""spacers"":[]}";"{""version"":1,""violations"":[],""inputDiagnostics"":[],""repairs"":[""D1: không có dữ liệu đội ngũ khả dụng; hiển thị trạng thái gợi ý phân công thủ công."",""D2: tính Is / Is-Not từ dữ liệu lô kiểm tra lịch sử (historicalInspectionLots)."",""D3: removed sources outside configured pattern ^(actions\\.containment|customer|precedents#)."",""D3: filtered data.sources against pattern ^(actions\\.containment|customer|precedents#)."",""D4: removed sources outside configured pattern ^(fiveWhy|ishikawa|rootCause|independent|precedents#)."",""D4: filtered data.sources against pattern ^(fiveWhy|ishikawa|rootCause|independent|precedents#)."",""D6: removed sources outside configured pattern ^(actions|inspections|rootCause|precedents#)."",""D6: filtered data.sources against pattern ^(actions|inspections|rootCause|precedents#).""]}";"3fd4d287725e3d62";"1";"Approved";"AI Lead / Quality Manager";"2026-09-22 14:25:18";;;"Completed"
"49e2b5df-71a3-43cd-9304-ad402f9ffe26";"2026-09-21T16:06:40.653Z";"admin";"2026-09-21T16:06:40.653Z";"admin";"f4f74a75-0136-4719-b540-825f3572f410";"D2";"2";"Describe the Problem";"Internal defect of 128 PCE Bracket Housing X240 with flange burr height at 0.32 mm and flatness at 0.09 mm rejected during milling inspection at WC-MILL-07.";"- 128 PCE of Bracket Housing X240 (batch B-49172) rejected during in-process inspection at WC-MILL-07 on 2026-08-03.
- Flange burr height measured 0.32 mm vs max 0.1 mm limit; Flange flatness measured 0.09 mm vs 0.05 mm limit.
- Historical inspection lots isolate failing burr height (0.32 mm) and shallow pocket depth (12.84 mm) strictly to fixture WC-MILL-07-F1, whereas WC-MILL-07-F2 produced conforming parts.";"[""Quarantine 128 PCE affected batch B-49172 at WC-MILL-07."",""Inspect fixture/station WC-MILL-07-F1 for mechanical wear and axis calibration offset."",""Verify Flange flatness tolerance interval definition in SAP QM inspection plan.""]";"[""header.quantityExtent"",""header.foundDate"",""product.materialId"",""product.defectCode"",""product.workCenterId"",""inspections#1"",""inspections#2"",""historicalInspectionLots#1"",""historicalInspectionLots#6"",""historicalInspectionLots""]";"0.95";"1";"{""problem"":{""statement"":""During in-process milling inspection on 2026-08-03 at WC-MILL-07, 128 PCE of Bracket Housing X240 (batch B-49172) failed dimensional inspection with flange burr height measuring 0.32 mm against max 0.1 mm and flange flatness measuring 0.09 mm against 0.05 mm limit."",""what"":""DEF-GENERIC / DEF-0489 - Flange edge burr above limit · Flange burr height 0.32 mm vs max 0.1 mm · Flange flatness 0.09 mm vs 0.05 mm limit"",""where"":""WC-MILL-07 (CNC Milling Line 7) · Plant 1000"",""when"":""2026-08-03"",""who"":""Quality Inspector (reportedBy) · Quality Engineer (coordinator)"",""how"":""In-process inspection (entryMode: during-inspection)"",""extent"":""128 PCE · Batch B-49172"",""impact"":""Major internal scrap/rework risk of 128 PCE; non-conformance contained internally with no direct customer exposure."",""is"":[""Defect occurs on WC-MILL-07-F1 (100% non-conforming, lots: 0010000003, 0010000002, 0010000001)""],""isNot"":[""Defect does not occur on WC-MILL-07-F2 (0% non-conforming, lots: 0010000006, 0010000005, 0010000004)""],""isIsNotBasis"":""Detail by characteristic:\n- Flange burr height: Lots 0010000001, 0010000002, 0010000003 on WC-MILL-07-F1 measured 0.32 mm (nonconforming) vs lots 0010000004, 0010000005, 0010000006 on WC-MILL-07-F2 measuring 0.04 mm (conforming).\n- Pocket depth: Lots 0010000007, 0010000008, 0010000009 on WC-MILL-07-F1 measured 12.84 mm (nonconforming) vs lots 0010000010, 0010000011, 0010000012 on WC-MILL-07-F2 measuring 13.00 mm (conforming).\n\nSynthesis & Conclusion:\nBoth stations process identical material MAT-10247 under the same line parameters, isolating sub-equipment WC-MILL-07-F1 as the sole distinguishing variable."",""measuredEvidence"":[{""characteristic"":""Flange burr height"",""measured"":""0.32 mm"",""specification"":""max 0.1 mm"",""assessment"":""Rejected""},{""characteristic"":""Flange flatness"",""measured"":""0.09 mm"",""specification"":""0.05 – 0.05"",""assessment"":""Rejected""}],""gaps"":[""Flange flatness was not contrasted in historical inspection lots."",""Flange flatness specification interval is recorded as 0.05 – 0.05 without explicit tolerance spread.""]},""sources"":[""header.quantityExtent"",""header.foundDate"",""product.materialId"",""product.defectCode"",""product.workCenterId"",""inspections#1"",""inspections#2"",""historicalInspectionLots#1"",""historicalInspectionLots#6""]}";"{""version"":1,""fields"":[{""key"":""problem.complaintReference"",""label"":""Complaint reference"",""widget"":""complaint-reference"",""type"":""string"",""visible"":true,""colSpan"":12,""rowSpan"":1,""constraints"":{},""source"":""sap_qm""},{""key"":""problem.statement"",""label"":""Problem statement"",""widget"":""problem-statement"",""type"":""string"",""visible"":true,""colSpan"":12,""rowSpan"":1,""constraints"":{""required"":true,""minLength"":30,""maxLength"":600}},{""key"":""problem.statementOverride"",""label"":""Problem statement (edited)"",""widget"":""text"",""type"":""string"",""visible"":true,""colSpan"":12,""rowSpan"":1,""constraints"":{},""source"":""manual_input""},{""key"":""problem.what"",""label"":""What"",""widget"":""w2h-cell"",""type"":""string"",""visible"":true,""colSpan"":4,""rowSpan"":1,""constraints"":{""required"":true}},{""key"":""problem.where"",""label"":""Where"",""widget"":""w2h-cell"",""type"":""string"",""visible"":true,""colSpan"":4,""rowSpan"":1,""constraints"":{""required"":true}},{""key"":""problem.when"",""label"":""When"",""widget"":""w2h-cell"",""type"":""string"",""visible"":true,""colSpan"":4,""rowSpan"":1,""constraints"":{}},{""key"":""problem.who"",""label"":""Who"",""widget"":""w2h-cell"",""type"":""string"",""visible"":true,""colSpan"":4,""rowSpan"":1,""constraints"":{}},{""key"":""problem.how"",""label"":""How"",""widget"":""w2h-cell"",""type"":""string"",""visible"":true,""colSpan"":4,""rowSpan"":1,""constraints"":{}},{""key"":""problem.extent"",""label"":""How Many"",""widget"":""w2h-cell"",""type"":""string"",""visible"":true,""colSpan"":4,""rowSpan"":1,""constraints"":{""required"":true}},{""key"":""problem.impact"",""label"":""Business / customer impact"",""widget"":""text"",""type"":""string"",""visible"":true,""colSpan"":12,""rowSpan"":1,""constraints"":{}},{""key"":""problem.is"",""label"":""Is"",""widget"":""is-box"",""type"":""array"",""visible"":true,""colSpan"":6,""rowSpan"":1,""constraints"":{},""items"":{""type"":""string""}},{""key"":""problem.isNot"",""label"":""Is not"",""widget"":""isnot-box"",""type"":""array"",""visible"":true,""colSpan"":6,""rowSpan"":1,""constraints"":{},""items"":{""type"":""string""}},{""key"":""problem.isIsNotStatus"",""label"":""Is / Is-Not status"",""widget"":""callout"",""type"":""string"",""visible"":true,""colSpan"":12,""rowSpan"":1,""constraints"":{}},{""key"":""problem.isIsNotBasis"",""label"":""Is / Is-Not basis"",""widget"":""markdown"",""type"":""string"",""visible"":true,""colSpan"":12,""rowSpan"":1,""constraints"":{}},{""key"":""problem.measuredEvidence"",""label"":""Measured evidence"",""widget"":""table"",""type"":""array"",""visible"":true,""colSpan"":12,""rowSpan"":1,""constraints"":{},""items"":{""type"":""object"",""properties"":{""characteristic"":{""type"":""string"",""description"":""ONLY the characteristic name, e.g. \""Burr height\"". No value, no verdict."",""maxLength"":120},""measured"":{""type"":""string"",""description"":""ONLY the measured value with its unit, e.g. \""0.32 mm\""."",""maxLength"":60},""specification"":{""type"":""string"",""description"":""ONLY the specification limit with its unit, e.g. \""max 0.10 mm\""."",""maxLength"":60},""assessment"":{""type"":""string"",""description"":""ONLY the verdict, e.g. \""Out of tolerance\"" or \""Within spec\"". No restatement of the numbers."",""maxLength"":120}}}},{""key"":""problem.gaps"",""label"":""Missing facts"",""widget"":""warning-list"",""type"":""array"",""visible"":true,""colSpan"":12,""rowSpan"":1,""constraints"":{},""items"":{""type"":""string""}},{""key"":""sources"",""label"":""Evidence and traceability"",""widget"":""evidence-list"",""type"":""array"",""visible"":true,""colSpan"":12,""rowSpan"":1,""constraints"":{},""items"":{""type"":""string""}}],""groups"":[{""id"":""d2-ai-result"",""label"":""AI-generated problem description"",""fieldKeys"":[""problem.complaintReference"",""problem.statement"",""problem.what"",""problem.where"",""problem.when"",""problem.who"",""problem.how"",""problem.extent"",""problem.is"",""problem.isNot"",""problem.isIsNotStatus"",""problem.isIsNotBasis""],""width"":""100"",""columns"":12,""order"":10}],""spacers"":[]}";"{""version"":1,""violations"":[],""inputDiagnostics"":[],""repairs"":[""D1: không có dữ liệu đội ngũ khả dụng; hiển thị trạng thái gợi ý phân công thủ công."",""D2: tính Is / Is-Not từ dữ liệu lô kiểm tra lịch sử (historicalInspectionLots)."",""D3: removed sources outside configured pattern ^(actions\\.containment|customer|precedents#)."",""D3: filtered data.sources against pattern ^(actions\\.containment|customer|precedents#)."",""D4: removed sources outside configured pattern ^(fiveWhy|ishikawa|rootCause|independent|precedents#)."",""D4: filtered data.sources against pattern ^(fiveWhy|ishikawa|rootCause|independent|precedents#)."",""D6: removed sources outside configured pattern ^(actions|inspections|rootCause|precedents#)."",""D6: filtered data.sources against pattern ^(actions|inspections|rootCause|precedents#).""]}";"a4528ea91db7d366";"1";"Approved";"AI Lead / Quality Manager";"2026-09-22 14:25:18";;;"Completed"
"dc840eb8-cdd3-4869-8b52-554a396f2605";"2026-09-21T16:06:40.653Z";"admin";"2026-09-21T16:06:40.653Z";"admin";"f4f74a75-0136-4719-b540-825f3572f410";"D3";"3";"Interim Containment Actions";"No containment actions were recorded in system data; proposing immediate quarantine of batch B-49172 and production halt on station WC-MILL-07-F1.";"- Quarantine 128 PCE of Bracket Housing X240 from batch B-49172 in the non-conforming holding area.
- Stop production routing to sub-equipment WC-MILL-07-F1 until mechanical alignment and tooling are inspected.
- Perform 100% manual inspection for burr height and flatness on all machined housings prior to downstream release.";"[""Quarantine 128 PCE of batch B-49172 at warehouse inspection holding area"",""Lock milling station WC-MILL-07-F1 from active job routing"",""Implement 100% burr and flatness check on all parts machined at WC-MILL-07""]";"[""actions.containment""]";"0.4";"0";"{""containment"":{""actions"":[{""action"":""Quarantine 128 PCE of Bracket Housing X240 (batch B-49172) in warehouse holding area"",""owner"":""Unassigned (Quality Inspector)"",""status"":""Planned""},{""action"":""Halt part routing and lock station WC-MILL-07-F1 on CNC Milling Line 7"",""owner"":""Unassigned (CNC Machining Process Engineer)"",""status"":""Planned""},{""action"":""Perform 100% dimensional inspection for flange burr height and flatness on work-in-progress inventory"",""owner"":""Unassigned (Quality Inspector)"",""status"":""Planned""}],""gaps"":[""No containment actions recorded in source notification."",""No precedent cases available to borrow containment protocols."",""Containment action owners are unassigned due to missing D1 team roster.""]},""sources"":[""actions.containment""]}";"{""version"":1,""fields"":[{""key"":""containment.actions"",""label"":""Containment actions"",""widget"":""action-cards"",""type"":""array"",""visible"":true,""colSpan"":12,""rowSpan"":1,""constraints"":{""required"":true,""minItems"":1},""items"":{""type"":""object"",""properties"":{""action"":{""type"":""string"",""description"":""Short concise action description without boilerplate prefix. Start with the imperative verb naming the PRIMARY work, e.g. \""Quarantine 85 housings at the outgoing dock\"".""},""owner"":{""type"":""string"",""description"":""The team member from D1 (team.roster or team.leader/members) assigned to this containment action, selected by matching their role/responsibility to the work required. E.g. \""Karl Wagner\"" or \""DungTruonghyhy\""."",""maxLength"":120},""status"":{""type"":""string"",""enum"":[""Planned"",""In Process"",""Done"",""Verified""]}}}},{""key"":""containment.gaps"",""label"":""Open containment gaps"",""widget"":""warning-list"",""type"":""array"",""visible"":true,""colSpan"":12,""rowSpan"":1,""constraints"":{},""items"":{""type"":""string""}},{""key"":""sources"",""label"":""Evidence and traceability"",""widget"":""evidence-list"",""type"":""array"",""visible"":true,""colSpan"":12,""rowSpan"":1,""constraints"":{},""items"":{""type"":""string""}}],""groups"":[{""id"":""d3-ai-result"",""label"":""Containment plan"",""fieldKeys"":[""containment.actions"",""containment.gaps"",""sources""],""width"":""100"",""columns"":12,""order"":10}],""spacers"":[]}";"{""version"":1,""violations"":[],""inputDiagnostics"":[],""repairs"":[""D1: không có dữ liệu đội ngũ khả dụng; hiển thị trạng thái gợi ý phân công thủ công."",""D2: tính Is / Is-Not từ dữ liệu lô kiểm tra lịch sử (historicalInspectionLots)."",""D3: removed sources outside configured pattern ^(actions\\.containment|customer|precedents#)."",""D3: filtered data.sources against pattern ^(actions\\.containment|customer|precedents#)."",""D4: removed sources outside configured pattern ^(fiveWhy|ishikawa|rootCause|independent|precedents#)."",""D4: filtered data.sources against pattern ^(fiveWhy|ishikawa|rootCause|independent|precedents#)."",""D6: removed sources outside configured pattern ^(actions|inspections|rootCause|precedents#)."",""D6: filtered data.sources against pattern ^(actions|inspections|rootCause|precedents#).""]}";"3d8e5ae8af739007";"1";"Approved";"AI Lead / Quality Manager";"2026-09-22 14:25:18";;;"Completed"
"bf0b187a-f993-406e-8ac2-4acc88a1100a";"2026-09-21T16:06:40.653Z";"admin";"2026-09-21T16:06:40.653Z";"admin";"f4f74a75-0136-4719-b540-825f3572f410";"D4";"4";"Root Cause Analysis";"Milling unit WC-MILL-07-F1 mechanical wear or calibration offset is the isolated root cause hypothesis for flange burr and flatness defects.";"- Hypothesis: Station/fixture WC-MILL-07-F1 mechanical degradation or alignment offset causes excessive burr height (0.32 mm vs 0.1 mm max) and pocket depth offset (-0.16 mm).
- Ruled out: Man, Method, Material, Measurement, and Environment are ruled out by matching conforming production (0.04 mm burr, 13.00 mm pocket depth) on station WC-MILL-07-F2 under identical processing conditions.
- Independent verification: Agrees. Reached Machine conclusion with 0.95 confidence independently from inspection lot segregation data.
- Missing evidence: Spindle runout measurements, fixture alignment inspection, and PM records for WC-MILL-07-F1.";"[""Measure spindle runout and fixture alignment on station WC-MILL-07-F1."",""Inspect cutting tool wear and clamping pressure on WC-MILL-07-F1."",""Review maintenance logs and PM records for WC-MILL-07-F1 vs WC-MILL-07-F2.""]";"[""independent""]";"0.65";"0";"{""rootCause"":{""statement"":""Root cause (hypothesis): Fixture degradation, tool wear, or spindle alignment offset on CNC milling sub-unit WC-MILL-07-F1 (Machine)."",""ishikawaBoard"":[{""category"":""Man"",""finding"":""Defect is strictly isolated to sub-unit WC-MILL-07-F1 across consecutive production dates."",""isRootCause"":false,""source"":""proposed""},{""category"":""Machine"",""finding"":""Sub-unit WC-MILL-07-F1 consistently generates 0.32 mm burrs and 12.84 mm pocket depths vs conforming output on WC-MILL-07-F2."",""isRootCause"":true,""source"":""proposed""},{""category"":""Method"",""finding"":""Identical CNC program and feeds produce conforming parts on station WC-MILL-07-F2."",""isRootCause"":false,""source"":""proposed""},{""category"":""Material"",""finding"":""Material MAT-10247 yields fully conforming dimensions on unit WC-MILL-07-F2."",""isRootCause"":false,""source"":""proposed""},{""category"":""Measurement"",""finding"":""Inspection repeatedly distinguishes between conforming 0.04 mm and failing 0.32 mm readings across lots."",""isRootCause"":false,""source"":""proposed""},{""category"":""Environment"",""finding"":""Both units F1 and F2 share the same shop floor environment in plant 1000."",""isRootCause"":false,""source"":""proposed""}],""fiveWhy"":[{""step"":1,""why"":""Why did 128 PCE Bracket Housing X240 fail inspection?"",""answer"":""Flange burr height reached 0.32 mm and flatness measured 0.09 mm, exceeding drawing limits."",""evidence"":""inspections#1""},{""step"":2,""why"":""Why did the milling operation produce out-of-spec burr height and pocket depth?"",""answer"":""Non-conforming dimensions occur exclusively during processing on sub-unit WC-MILL-07-F1."",""evidence"":""historicalInspectionLots#1""},{""step"":3,""why"":""Why does sub-unit WC-MILL-07-F1 consistently generate out-of-spec dimensions across batches?"",""answer"":""Sub-unit WC-MILL-07-F1 has fixture wear, spindle runout, or tool offset deviation."",""evidence"":""historicalInspectionLots#6""}],""evidenceGaps"":[""Spindle runout and dynamic backlash measurements for WC-MILL-07-F1."",""Fixture clamp wear inspection data for WC-MILL-07-F1 vs WC-MILL-07-F2."",""Preventive maintenance and tool change records for WC-MILL-07-F1.""]},""sources"":[""independent""]}";"{""version"":1,""fields"":[{""key"":""rootCause.statement"",""label"":""Root cause"",""widget"":""ai-draft"",""type"":""string"",""visible"":true,""colSpan"":12,""rowSpan"":1,""constraints"":{""required"":true,""minLength"":10,""maxLength"":320}},{""key"":""rootCause.ishikawaBoard"",""label"":""Ishikawa"",""widget"":""ishikawa-grid"",""type"":""array"",""visible"":true,""colSpan"":12,""rowSpan"":1,""constraints"":{""required"":true,""minItems"":6},""items"":{""type"":""object"",""properties"":{""category"":{""type"":""string"",""enum"":[""Man"",""Machine"",""Method"",""Material"",""Measurement"",""Environment""]},""finding"":{""type"":""string"",""description"":""The concise VERDICT for this branch, e.g. clamp pad worn 0.2 mm, or gauge R&R 8%, or not assessed. Never a list of evidence to gather - that goes in evidenceGaps once. Never the category name."",""maxLength"":220},""isRootCause"":{""type"":""boolean"",""description"":""True for at most ONE branch in the whole board.""},""source"":{""type"":""string"",""enum"":[""recorded"",""proposed""]}},""required"":[""category"",""finding"",""isRootCause"",""source""]}},{""key"":""rootCause.fiveWhy"",""label"":""5-Why chain"",""widget"":""why-chain"",""type"":""array"",""visible"":true,""colSpan"":12,""rowSpan"":1,""constraints"":{""required"":true,""minItems"":1},""items"":{""type"":""object"",""properties"":{""step"":{""type"":""integer"",""description"":""Position in the chain, starting at 1.""},""why"":{""type"":""string"",""description"":""The question only, ending in a question mark. Keep it short and crisp."",""maxLength"":140},""answer"":{""type"":""string"",""description"":""The answer only: 1 concise direct sentence naming the cause. Never repeat the question, never list audit procedures or evidence still to be gathered."",""maxLength"":200},""evidence"":{""type"":""string"",""description"":""The CaseContext path or measurement backing the answer. Concise citation only."",""maxLength"":200}},""required"":[""step"",""why"",""answer"",""evidence""]}},{""key"":""rootCause.evidenceGaps"",""label"":""Evidence gaps"",""widget"":""warning-list"",""type"":""array"",""visible"":true,""colSpan"":12,""rowSpan"":1,""constraints"":{},""items"":{""type"":""string""}},{""key"":""sources"",""label"":""Evidence and traceability"",""widget"":""evidence-list"",""type"":""array"",""visible"":true,""colSpan"":12,""rowSpan"":1,""constraints"":{},""items"":{""type"":""string""}}],""groups"":[{""id"":""d4-ai-result"",""label"":""Root cause analysis"",""fieldKeys"":[""rootCause.statement"",""rootCause.ishikawaBoard"",""rootCause.fiveWhy"",""rootCause.evidenceGaps"",""sources""],""width"":""100"",""columns"":12,""order"":10}],""spacers"":[]}";"{""version"":1,""violations"":[],""inputDiagnostics"":[],""repairs"":[""D1: không có dữ liệu đội ngũ khả dụng; hiển thị trạng thái gợi ý phân công thủ công."",""D2: tính Is / Is-Not từ dữ liệu lô kiểm tra lịch sử (historicalInspectionLots)."",""D3: removed sources outside configured pattern ^(actions\\.containment|customer|precedents#)."",""D3: filtered data.sources against pattern ^(actions\\.containment|customer|precedents#)."",""D4: removed sources outside configured pattern ^(fiveWhy|ishikawa|rootCause|independent|precedents#)."",""D4: filtered data.sources against pattern ^(fiveWhy|ishikawa|rootCause|independent|precedents#)."",""D6: removed sources outside configured pattern ^(actions|inspections|rootCause|precedents#)."",""D6: filtered data.sources against pattern ^(actions|inspections|rootCause|precedents#).""]}";"c5326aeecd9ed428";"1";"Approved";"AI Lead / Quality Manager";"2026-09-22 14:25:18";;;"Completed"
"aab65e0c-5ec1-407b-ad94-a8f50e790ab6";"2026-09-21T16:06:40.653Z";"admin";"2026-09-21T16:06:40.653Z";"admin";"f4f74a75-0136-4719-b540-825f3572f410";"D5";"5";"Permanent Corrective Actions";"No corrective actions recorded in system data; proposing mechanical refurbishment, spindle recalibration, and tool replacement on sub-unit WC-MILL-07-F1.";"- No corrective actions recorded · dataBacked set to false
- Rebuild fixture and clamping assembly on sub-unit WC-MILL-07-F1
- Recalibrate Z-axis zero datum and spindle runout on station WC-MILL-07-F1
- Replace face mill tooling and set tool wear offset limits in CNC program
- Owners reflect required D1 technical roles awaiting individual roster naming";"[""Rebuild fixture and clamping assembly on sub-unit WC-MILL-07-F1"",""Recalibrate Z-axis zero datum and spindle runout on station WC-MILL-07-F1"",""Replace face mill tooling and set tool wear offset limits in CNC program""]";"[""actions.corrective""]";"0.4";"0";"{""corrective"":{""actions"":[{""action"":""Rebuild fixture and clamping assembly on sub-unit WC-MILL-07-F1"",""owner"":""Unassigned (Machine Maintenance Technician)"",""status"":""Planned"",""origin"":""proposed"",""protection"":""Eliminates part distortion and uneven seating causing flange flatness deviation.""},{""action"":""Recalibrate Z-axis zero datum and spindle runout on station WC-MILL-07-F1"",""owner"":""Unassigned (Machine Maintenance Technician)"",""status"":""Planned"",""origin"":""proposed"",""protection"":""Corrects the 0.16 mm pocket depth offset and alignment error.""},{""action"":""Replace face mill tooling and set tool wear offset limits in CNC program"",""owner"":""Unassigned (CNC Machining Process Engineer)"",""status"":""Planned"",""origin"":""proposed"",""protection"":""Prevents dull cutter edge from generating 0.32 mm flange burrs.""}]},""sources"":[""actions.corrective""]}";"{""version"":1,""fields"":[{""key"":""corrective.actions"",""label"":""Permanent corrective actions"",""widget"":""action-cards"",""type"":""array"",""visible"":true,""colSpan"":12,""rowSpan"":1,""constraints"":{""required"":true,""minItems"":1},""items"":{""type"":""object"",""properties"":{""action"":{""type"":""string"",""description"":""The action and its trigger, starting with the imperative verb that names the PRIMARY work. No owner, no status, no rationale - those are separate fields."",""maxLength"":240},""owner"":{""type"":""string"",""description"":""The team member from D1 (team.roster or team.leader/members) assigned to this corrective action, selected by matching their role/responsibility to the root cause fix. E.g. \""Karl Wagner\"" or \""Minh Dinh\""."",""maxLength"":120},""status"":{""type"":""string"",""description"":""ONLY the current status, one or two words, e.g. \""Planned\"", \""In progress\"", \""Done\""."",""maxLength"":40},""origin"":{""type"":""string"",""description"":""ONLY where it came from: \""recorded\"" for an action already in the case, or \""precedents#N\"" for a proposal."",""maxLength"":60},""protection"":{""type"":""string"",""description"":""One line."",""maxLength"":200}}}},{""key"":""sources"",""label"":""Evidence and traceability"",""widget"":""evidence-list"",""type"":""array"",""visible"":true,""colSpan"":12,""rowSpan"":1,""constraints"":{},""items"":{""type"":""string""}}],""groups"":[{""id"":""d5-ai-result"",""label"":""AI-generated corrective plan"",""fieldKeys"":[""corrective.actions""],""width"":""100"",""columns"":12,""order"":10}],""spacers"":[]}";"{""version"":1,""violations"":[],""inputDiagnostics"":[],""repairs"":[""D1: không có dữ liệu đội ngũ khả dụng; hiển thị trạng thái gợi ý phân công thủ công."",""D2: tính Is / Is-Not từ dữ liệu lô kiểm tra lịch sử (historicalInspectionLots)."",""D3: removed sources outside configured pattern ^(actions\\.containment|customer|precedents#)."",""D3: filtered data.sources against pattern ^(actions\\.containment|customer|precedents#)."",""D4: removed sources outside configured pattern ^(fiveWhy|ishikawa|rootCause|independent|precedents#)."",""D4: filtered data.sources against pattern ^(fiveWhy|ishikawa|rootCause|independent|precedents#)."",""D6: removed sources outside configured pattern ^(actions|inspections|rootCause|precedents#)."",""D6: filtered data.sources against pattern ^(actions|inspections|rootCause|precedents#).""]}";"b46025b8d1d86081";"1";"Approved";"AI Lead / Quality Manager";"2026-09-22 14:25:18";;;"Completed"
"5c4bcc7d-6e5c-42fa-b828-15d2203929f3";"2026-09-21T16:06:40.653Z";"admin";"2026-09-21T16:06:40.653Z";"admin";"f4f74a75-0136-4719-b540-825f3572f410";"D6";"6";"Verify Effectiveness";"No verification evidence exists in system records; defined a dimensional verification plan anchored to flange burr height and flatness tolerances.";"- Recorded actions: Rebuild fixture on WC-MILL-07-F1 · Recalibrate Z-axis/spindle · Replace face mill tooling (all status: Planned).
- Verification status: No evidence yet — corrective actions are proposed and pending execution.
- Verification plan: Measure flange burr height, flange flatness, and pocket depth on post-repair production runs on WC-MILL-07-F1.";"[""Execute 100% inspection of flange burr height and flatness on first 30 parts from WC-MILL-07-F1 post-repair"",""Perform 5 parts per shift sampling across 3 consecutive production batches"",""Review CMM dimensional reports against drawing specifications before signing off release""]";"[""inspections#1"",""inspections#2""]";"0.4";"0";"{""verification"":{""objective"":""Verify that tooling and fixture refurbishment on WC-MILL-07-F1 restores flange burr height, flatness, and pocket depth within drawing limits."",""plan"":[{""measure"":""Flange burr height optical inspection"",""sampleSize"":""30 parts consecutive initial run, then 5 parts per shift"",""period"":""3 consecutive production batches"",""acceptanceCriterion"":""Flange burr height <= 0.1 mm (zero defects over limit)"",""signOff"":""Quality Inspector""},{""measure"":""Flange flatness CMM measurement"",""sampleSize"":""5 parts per lot"",""period"":""3 consecutive production batches"",""acceptanceCriterion"":""Flange flatness <= 0.05 mm"",""signOff"":""Quality Engineer""},{""measure"":""Pocket depth dimensional verification"",""sampleSize"":""5 parts per lot"",""period"":""3 consecutive production batches"",""acceptanceCriterion"":""Pocket depth = 13.00 mm (nominal target)"",""signOff"":""CNC Machining Process Engineer""}],""evidenceStatus"":""No evidence yet""},""sources"":[""inspections#1"",""inspections#2""]}";"{""version"":1,""fields"":[{""key"":""verification.objective"",""label"":""Verification objective"",""widget"":""callout"",""type"":""string"",""visible"":true,""colSpan"":12,""rowSpan"":1,""constraints"":{""required"":true,""maxLength"":260}},{""key"":""verification.plan"",""label"":""Verification plan"",""widget"":""table"",""type"":""array"",""visible"":true,""colSpan"":12,""rowSpan"":1,""constraints"":{""required"":true,""minItems"":1},""items"":{""type"":""object"",""properties"":{""measure"":{""type"":""string"",""description"":""One line."",""maxLength"":200},""sampleSize"":{""type"":""string"",""description"":""ONLY the sample size, e.g. \""30 parts per shift\""."",""maxLength"":80},""period"":{""type"":""string"",""description"":""ONLY the period over which it runs, e.g. \""4 weeks\""."",""maxLength"":60},""acceptanceCriterion"":{""type"":""string"",""description"":""The pass/fail threshold with its number, anchored to a real specification value."",""maxLength"":220},""signOff"":{""type"":""string"",""description"":""ONLY the role that signs it off."",""maxLength"":120}}}},{""key"":""verification.evidenceStatus"",""label"":""Evidence status"",""widget"":""status"",""type"":""string"",""visible"":true,""colSpan"":4,""rowSpan"":1,""constraints"":{""required"":true,""enum"":[""No evidence yet"",""Partially verified"",""Verified""]}},{""key"":""sources"",""label"":""Evidence and traceability"",""widget"":""evidence-list"",""type"":""array"",""visible"":true,""colSpan"":12,""rowSpan"":1,""constraints"":{},""items"":{""type"":""string""}}],""groups"":[{""id"":""d6-ai-result"",""label"":""AI-generated verification plan"",""fieldKeys"":[""verification.objective"",""verification.plan""],""width"":""100"",""columns"":12,""order"":10}],""spacers"":[]}";"{""version"":1,""violations"":[],""inputDiagnostics"":[],""repairs"":[""D1: không có dữ liệu đội ngũ khả dụng; hiển thị trạng thái gợi ý phân công thủ công."",""D2: tính Is / Is-Not từ dữ liệu lô kiểm tra lịch sử (historicalInspectionLots)."",""D3: removed sources outside configured pattern ^(actions\\.containment|customer|precedents#)."",""D3: filtered data.sources against pattern ^(actions\\.containment|customer|precedents#)."",""D4: removed sources outside configured pattern ^(fiveWhy|ishikawa|rootCause|independent|precedents#)."",""D4: filtered data.sources against pattern ^(fiveWhy|ishikawa|rootCause|independent|precedents#)."",""D6: removed sources outside configured pattern ^(actions|inspections|rootCause|precedents#)."",""D6: filtered data.sources against pattern ^(actions|inspections|rootCause|precedents#).""]}";"460c2d2f0a0819f8";"1";"Approved";"AI Lead / Quality Manager";"2026-09-22 14:25:18";;;"Completed"
"a720fadf-111b-494d-b59b-d401e2bba6fd";"2026-09-21T16:06:40.653Z";"admin";"2026-09-21T16:06:40.653Z";"admin";"f4f74a75-0136-4719-b540-825f3572f410";"D7";"7";"Prevent Recurrence";"No preventive actions recorded in system data; proposing PM schedule updates and tooling lifecycle controls linked to FMEA-MILL-2024.";"- No preventive actions recorded in notification.
- Update FMEA-MILL-2024 for WC-MILL-07 CNC milling operations to incorporate fixture clamp wear and tool edge degradation failure modes.
- Implement scheduled preventive maintenance for fixture alignment and dynamic runout across all WC-MILL-07 stations.
- Establish automated tool life limits and touch-probe offset verification for MAT-10247 Bracket Housing X240 machining programs.";"[""Update FMEA-MILL-2024 failure mode ratings and control plan for milling operations"",""Establish preventive maintenance schedule for CNC milling fixture clamp alignment"",""Configure CNC tool life monitoring and offset thresholds in machining program""]";"[""fmea"",""actions.preventive""]";"0.45";"0";"{""preventive"":{""actions"":[{""action"":""Update FMEA-MILL-2024 and control plan to include fixture clamping wear and tool wear limits"",""owner"":""Unassigned (Quality Engineer)"",""status"":""Planned"",""origin"":""proposed"",""protection"":""Ensures systematic inspection controls for flange burr and flatness across milling lines.""},{""action"":""Integrate periodic spindle runout and fixture alignment checks into preventive maintenance plan for WC-MILL-07"",""owner"":""Unassigned (Machine Maintenance Technician)"",""status"":""Planned"",""origin"":""proposed"",""protection"":""Prevents station-specific mechanical offset drift before parts exceed dimensional tolerances.""},{""action"":""Implement CNC tool-life tracking limits and automatic offset warnings for MAT-10247 milling cycles"",""owner"":""Unassigned (CNC Machining Process Engineer)"",""status"":""Planned"",""origin"":""proposed"",""protection"":""Stops line before cutter dulling exceeds 0.1 mm burr height threshold.""}],""fmea"":{""fmeaId"":""FMEA-MILL-2024"",""description"":""Process FMEA for CNC Milling Operations (Flange & Pocket Machining)"",""change"":""Increase occurrence rating for station-specific fixture wear and add tool wear offset monitoring to prevention controls."",""currentRating"":""Not recorded"",""proposedRating"":""Occurrence revised to reflect fixture wear risk; Detection improved via automated tool-life tracking""}},""sources"":[""fmea"",""actions.preventive""]}";"{""version"":1,""fields"":[{""key"":""preventive.actions"",""label"":""Preventive actions"",""widget"":""action-cards"",""type"":""array"",""visible"":true,""colSpan"":12,""rowSpan"":1,""constraints"":{""required"":true,""minItems"":1},""items"":{""type"":""object"",""properties"":{""action"":{""type"":""string"",""description"":""The action and its trigger, starting with the imperative verb that names the PRIMARY work. No owner, no status, no rationale - those are separate fields."",""maxLength"":240},""owner"":{""type"":""string"",""description"":""The team member from D1 (team.roster or team.leader/members) assigned to this preventive action, selected by matching their role/responsibility to the systemic/FMEA fix. E.g. \""Minh Dinh\"" or \""DungTruonghyhy\""."",""maxLength"":120},""status"":{""type"":""string"",""description"":""ONLY the current status, one or two words, e.g. \""Planned\"", \""In progress\"", \""Done\""."",""maxLength"":40},""origin"":{""type"":""string"",""description"":""ONLY where it came from: \""recorded\"" for an action already in the case, or \""precedents#N\"" for a proposal."",""maxLength"":60},""protection"":{""type"":""string"",""description"":""One line."",""maxLength"":200}}}},{""key"":""preventive.fmea"",""label"":""FMEA entry to update"",""widget"":""fmea-link"",""type"":""object"",""visible"":true,""colSpan"":12,""rowSpan"":1,""constraints"":{},""properties"":{""fmeaId"":{""type"":""string""},""description"":{""type"":""string""},""change"":{""type"":""string""},""currentRating"":{""type"":""string""},""proposedRating"":{""type"":""string""}}},{""key"":""sources"",""label"":""Evidence and traceability"",""widget"":""evidence-list"",""type"":""array"",""visible"":true,""colSpan"":12,""rowSpan"":1,""constraints"":{},""items"":{""type"":""string""}}],""groups"":[{""id"":""d7-ai-result"",""label"":""AI-generated preventive plan"",""fieldKeys"":[""preventive.actions"",""preventive.fmea""],""width"":""100"",""columns"":12,""order"":10}],""spacers"":[]}";"{""version"":1,""violations"":[],""inputDiagnostics"":[],""repairs"":[""D1: không có dữ liệu đội ngũ khả dụng; hiển thị trạng thái gợi ý phân công thủ công."",""D2: tính Is / Is-Not từ dữ liệu lô kiểm tra lịch sử (historicalInspectionLots)."",""D3: removed sources outside configured pattern ^(actions\\.containment|customer|precedents#)."",""D3: filtered data.sources against pattern ^(actions\\.containment|customer|precedents#)."",""D4: removed sources outside configured pattern ^(fiveWhy|ishikawa|rootCause|independent|precedents#)."",""D4: filtered data.sources against pattern ^(fiveWhy|ishikawa|rootCause|independent|precedents#)."",""D6: removed sources outside configured pattern ^(actions|inspections|rootCause|precedents#)."",""D6: filtered data.sources against pattern ^(actions|inspections|rootCause|precedents#).""]}";"1f79a5fd413e9330";"1";"Approved";"AI Lead / Quality Manager";"2026-09-22 14:25:18";;;"Completed"
"5400a235-a885-4d23-95d4-a3480680e3d4";"2026-09-21T16:06:40.653Z";"admin";"2026-09-21T16:06:40.653Z";"admin";"f4f74a75-0136-4719-b540-825f3572f410";"D8";"8";"Closure and Recognition";"Case 8D-10048412 cannot be closed due to open containment, unverified corrective actions, and an unassigned team roster.";"- Case cannot be closed: D1 through D7 remain incomplete with unassigned roles, unexecuted containment, and unverified corrective actions.
- Historical lot analysis successfully isolated non-conformances specifically to sub-unit WC-MILL-07-F1.
- Root-cause diagnosis lacks preventive maintenance logs and spindle runout measurements for station F1.
- Corrective actions, preventive maintenance updates, and FMEA-MILL-2024 revisions remain unexecuted and unverified.";"[""Assign formal owners to D1 team roles and execute containment quarantine on batch B-49172"",""Complete mechanical overhaul and spindle recalibration on sub-unit WC-MILL-07-F1"",""Execute D6 dimensional verification plan over 3 consecutive batches before gating closure"",""Update FMEA-MILL-2024 with fixture wear failure modes and release updated PM schedule""]";"[""gaps#10"",""gaps#4"",""gaps#5"",""gaps#6"",""gaps#7""]";"0.4";"0";"{""closure"":{""lessonsWhatWorked"":""Contrasting historical inspection lot data across parallel sub-units (WC-MILL-07-F1 vs WC-MILL-07-F2) cleanly isolated the defect origin to a specific machine station."",""lessonsWhatDidNot"":""Lack of recorded maintenance logs, spindle alignment records, and team assignments in the quality record delayed containment verification and root-cause confirmation."",""teamRecognition"":""Recognition reserved pending formal role assignments and successful completion of planned containment and corrective actions."",""openItems"":[""Assign formal team roster for D1 engineering, maintenance, and quality roles"",""Implement physical quarantine for 128 PCE batch B-49172 and lock station WC-MILL-07-F1"",""Complete mechanical refurbishment and tool replacement on WC-MILL-07-F1"",""Execute D6 inspection protocol across 3 production runs to verify burr height <= 0.1 mm and flatness <= 0.05 mm"",""Finalize and release revision to FMEA-MILL-2024 incorporating fixture wear controls""]},""sources"":[""gaps#10"",""gaps#4"",""gaps#5"",""gaps#6"",""gaps#7""]}";"{""version"":1,""fields"":[{""key"":""closure.gate"",""label"":""Closure readiness"",""widget"":""closure-gate"",""type"":""object"",""visible"":true,""colSpan"":12,""rowSpan"":1,""constraints"":{},""source"":""manual_input"",""properties"":{}},{""key"":""closure.costOfPoorQuality"",""label"":""Cost of poor quality"",""widget"":""text"",""type"":""string"",""visible"":true,""colSpan"":4,""rowSpan"":1,""constraints"":{},""source"":""sap_qm""},{""key"":""closure.lessonsWhatWorked"",""label"":""What worked"",""widget"":""markdown"",""type"":""string"",""visible"":true,""colSpan"":6,""rowSpan"":1,""constraints"":{""required"":true,""minLength"":20}},{""key"":""closure.lessonsWhatDidNot"",""label"":""What did not"",""widget"":""markdown"",""type"":""string"",""visible"":true,""colSpan"":6,""rowSpan"":1,""constraints"":{""required"":true,""minLength"":20}},{""key"":""closure.teamRecognition"",""label"":""Team recognition"",""widget"":""markdown"",""type"":""string"",""visible"":true,""colSpan"":12,""rowSpan"":1,""constraints"":{}},{""key"":""closure.openItems"",""label"":""Still open at closure"",""widget"":""warning-list"",""type"":""array"",""visible"":true,""colSpan"":12,""rowSpan"":1,""constraints"":{},""items"":{""type"":""string""}},{""key"":""sources"",""label"":""Evidence and traceability"",""widget"":""evidence-list"",""type"":""array"",""visible"":true,""colSpan"":12,""rowSpan"":1,""constraints"":{},""items"":{""type"":""string""}}],""groups"":[{""id"":""d8-ai-result"",""label"":""AI-generated closure summary"",""fieldKeys"":[""closure.gate"",""closure.costOfPoorQuality"",""closure.lessonsWhatWorked"",""closure.lessonsWhatDidNot"",""closure.teamRecognition""],""width"":""100"",""columns"":12,""order"":10}],""spacers"":[]}";"{""version"":1,""violations"":[],""inputDiagnostics"":[],""repairs"":[""D1: không có dữ liệu đội ngũ khả dụng; hiển thị trạng thái gợi ý phân công thủ công."",""D2: tính Is / Is-Not từ dữ liệu lô kiểm tra lịch sử (historicalInspectionLots)."",""D3: removed sources outside configured pattern ^(actions\\.containment|customer|precedents#)."",""D3: filtered data.sources against pattern ^(actions\\.containment|customer|precedents#)."",""D4: removed sources outside configured pattern ^(fiveWhy|ishikawa|rootCause|independent|precedents#)."",""D4: filtered data.sources against pattern ^(fiveWhy|ishikawa|rootCause|independent|precedents#)."",""D6: removed sources outside configured pattern ^(actions|inspections|rootCause|precedents#)."",""D6: filtered data.sources against pattern ^(actions|inspections|rootCause|precedents#).""]}";"17ea72072d92730e";"1";"Approved";"AI Lead / Quality Manager";"2026-09-22 14:25:18";;;"Completed"
"52ce54ad-4bc4-452c-ae7f-c61ae6dbd0c4";"2026-09-21T16:08:26.181Z";"anonymous";"2026-09-21T16:08:26.181Z";"anonymous";"70e2bd2b-f49d-41b5-b9db-0b0eb6667862";"D1";"1";"D1 — Team Roster";"Formed cross-functional 8D team.";"Formed cross-functional 8D team.";;;;;"{""team"":{""roster"":[{""name"":""Minh Dinh"",""organizationalRole"":""Production Engineer"",""assigned8DRole"":""8D Team Member"",""caseResponsibility"":""Production Engineer""},{""name"":""Anh Pham"",""organizationalRole"":""Tooling Engineer"",""assigned8DRole"":""8D Team Member"",""caseResponsibility"":""Tooling Engineer""}],""assignedRoster"":[{""partnerId"":""100014"",""partnerRole"":""8D Team Leader""},{""partnerId"":""100012"",""partnerRole"":""8D Team Member""},{""partnerId"":""100061"",""partnerRole"":""8D Team Member""}]}}";"{
  ""fields"": [
    {
      ""key"": ""team.objective"",
      ""label"": ""Team objective"",
      ""widget"": ""callout"",
      ""dataType"": ""string"",
      ""colSpan"": 12,
      ""constraints"": {
        ""required"": true,
        ""minLength"": 20,
        ""maxLength"": 260
      }
    },
    {
      ""key"": ""team.selectionMethod"",
      ""label"": ""Selection method"",
      ""widget"": ""status"",
      ""dataType"": ""string"",
      ""colSpan"": 4,
      ""constraints"": {
        ""required"": true,
        ""enum"": [
          ""Current case team"",
          ""Precedent recommendation"",
          ""Hybrid"",
          ""Roles only - assignment required""
        ]
      }
    },
    {
      ""key"": ""team.problemCapabilities"",
      ""label"": ""Capabilities required by this problem"",
      ""widget"": ""tag-selector"",
      ""dataType"": ""array"",
      ""colSpan"": 8,
      ""constraints"": {
        ""required"": true,
        ""minItems"": 1
      },
      ""items"": {
        ""type"": ""string""
      }
    },
    {
      ""key"": ""team.selectionRationale"",
      ""label"": ""How the team was selected"",
      ""widget"": ""markdown"",
      ""dataType"": ""string"",
      ""colSpan"": 12,
      ""constraints"": {
        ""required"": true,
        ""minLength"": 60,
        ""maxLength"": 1600
      }
    },
    {
      ""key"": ""team.roster"",
      ""label"": ""AI suggest"",
      ""widget"": ""ai-suggest"",
      ""dataType"": ""array"",
      ""colSpan"": 12,
      ""constraints"": {
        ""required"": true,
        ""minItems"": 1
      },
      ""items"": {
        ""type"": ""object"",
        ""properties"": {
          ""name"": {
            ""type"": ""string"",
            ""maxLength"": 120,
            ""description"": ""ONLY the person name, or \""Unassigned\"". No role, no reasoning.""
          },
          ""organizationalRole"": {
            ""type"": ""string"",
            ""maxLength"": 120,
            ""description"": ""ONLY their job title in the organisation, e.g. \""Quality Engineer\"".""
          },
          ""assigned8DRole"": {
            ""type"": ""string"",
            ""maxLength"": 60,
            ""description"": ""ONLY their role in THIS 8D, e.g. \""Team Leader\"" or \""Team Member\"".""
          },
          ""caseResponsibility"": {
            ""type"": ""string"",
            ""maxLength"": 200,
            ""description"": ""What this person is accountable for here. Never a job title.""
          },
          ""selectionReason"": {
            ""type"": ""string"",
            ""maxLength"": 220,
            ""description"": ""Why this person, in one line. Do not repeat the name or the role.""
          },
          ""servedOnCount"": {
            ""type"": ""integer"",
            ""description"": ""How many qualifying precedent cases this person served on. Rank the roster by this value, descending.""
          },
          ""sourceType"": {
            ""type"": ""string"",
            ""enum"": [
              ""current_case"",
              ""precedent"",
              ""unassigned""
            ]
          },
          ""sourcePath"": {
            ""type"": ""string"",
            ""maxLength"": 80,
            ""description"": ""ONLY the resolvable path: team.leader, team.members#N, precedents#N.team#M, or team.gaps.""
          },
          ""sourceCase"": {
            ""type"": ""string"",
            ""maxLength"": 60,
            ""description"": ""ONLY the precedent notification id, when the person came from a precedent.""
          }
        },
        ""required"": [
          ""name"",
          ""organizationalRole"",
          ""assigned8DRole"",
          ""caseResponsibility"",
          ""selectionReason"",
          ""sourceType"",
          ""sourcePath""
        ]
      }
    },
    {
      ""key"": ""team.assignedRoster"",
      ""label"": ""Decision table"",
      ""widget"": ""decision-table"",
      ""dataType"": ""array"",
      ""colSpan"": 12,
      ""constraints"": {},
      ""xSource"": ""manual_input"",
      ""description"": ""Filled in by the quality engineer on the report screen. The AI never writes this."",
      ""items"": {
        ""type"": ""object"",
        ""properties"": {
          ""partnerId"": {
            ""type"": ""string""
          },
          ""partnerName"": {
            ""type"": ""string""
          },
          ""functionTitle"": {
            ""type"": ""string""
          },
          ""partnerRole"": {
            ""type"": ""string"",
            ""enum"": [
              ""8D Team Leader"",
              ""8D Team Member""
            ]
          }
        }
      }
    },
    {
      ""key"": ""team.readinessStatus"",
      ""label"": ""Team readiness"",
      ""widget"": ""status"",
      ""dataType"": ""string"",
      ""colSpan"": 3,
      ""constraints"": {
        ""required"": true,
        ""enum"": [
          ""Ready"",
          ""Partial"",
          ""Needs assignment""
        ]
      }
    },
    {
      ""key"": ""team.readinessRationale"",
      ""label"": ""Readiness assessment"",
      ""widget"": ""markdown"",
      ""dataType"": ""string"",
      ""colSpan"": 9,
      ""constraints"": {
        ""required"": true,
        ""minLength"": 30,
        ""maxLength"": 500
      }
    },
    {
      ""key"": ""team.uncoveredCapabilities"",
      ""label"": ""Uncovered capabilities"",
      ""widget"": ""warning-list"",
      ""dataType"": ""array"",
      ""colSpan"": 6,
      ""constraints"": {},
      ""items"": {
        ""type"": ""string""
      }
    },
    {
      ""key"": ""team.sourceSummary"",
      ""label"": ""Where the team recommendation came from"",
      ""widget"": ""markdown"",
      ""dataType"": ""string"",
      ""colSpan"": 6,
      ""constraints"": {
        ""required"": true,
        ""minLength"": 30,
        ""maxLength"": 500
      }
    },
    {
      ""key"": ""team.suggestionStatus"",
      ""label"": ""Suggestion status"",
      ""widget"": ""callout"",
      ""dataType"": ""string"",
      ""colSpan"": 12,
      ""constraints"": {}
    },
    {
      ""key"": ""sources"",
      ""label"": ""Source records"",
      ""widget"": ""evidence-list"",
      ""dataType"": ""array"",
      ""colSpan"": 12,
      ""constraints"": {
        ""pattern"": ""^(team\\.|precedents#)""
      },
      ""items"": {
        ""type"": ""string""
      }
    }
  ],
  ""groups"": [
    {
      ""id"": ""d1-decision-table"",
      ""label"": ""Decision Table"",
      ""fieldKeys"": [
        ""team.assignedRoster"",
        ""team.suggestionStatus""
      ],
      ""width"": ""100"",
      ""columns"": 12,
      ""order"": 10
    }
  ]
}";;;"1";"Approved";"AI Lead / Quality Manager";"2026-09-22 14:25:18";;;"Completed"
"e3a2be79-f30f-4b16-a73f-5709bca59f9a";"2026-09-21T16:08:26.181Z";"anonymous";"2026-09-21T16:08:26.181Z";"anonymous";"70e2bd2b-f49d-41b5-b9db-0b0eb6667862";"D2";"2";"D2 — Problem Description";"Assembly fitters cut their hands on hub bores";"Assembly fitters cut their hands on hub bores";;;;;"{""problem"":{""statement"":""Assembly fitters cut their hands on hub bores"",""isIsNot"":{""is"":""H22 hub bores - WC-BROACH-01 - parts broached after the tool passed 30,000 strokes on 2026-06-21"",""isNot"":""H18 hubs on WC-BROACH-02 - same part family, tool replaced on schedule"",""notes"":""Defect starts at the stroke count overrun, not at a batch or shift change""},""w2h"":{}}}";"{
  ""fields"": [
    {
      ""key"": ""problem.complaintReference"",
      ""label"": ""Complaint reference"",
      ""widget"": ""complaint-reference"",
      ""dataType"": ""string"",
      ""colSpan"": 12,
      ""constraints"": {},
      ""xSource"": ""sap_qm"",
      ""description"": ""Read from the SAP QM customer reference on the case. The AI never writes this.""
    },
    {
      ""key"": ""problem.statement"",
      ""label"": ""Problem statement"",
      ""widget"": ""problem-statement"",
      ""dataType"": ""string"",
      ""colSpan"": 12,
      ""constraints"": {
        ""required"": true,
        ""minLength"": 30,
        ""maxLength"": 600
      }
    },
    {
      ""key"": ""problem.statementOverride"",
      ""label"": ""Problem statement (edited)"",
      ""widget"": ""text"",
      ""dataType"": ""string"",
      ""colSpan"": 12,
      ""constraints"": {},
      ""xSource"": ""manual_input"",
      ""description"": ""Edited by the quality engineer on the report screen. The AI never writes this.""
    },
    {
      ""key"": ""problem.what"",
      ""label"": ""What"",
      ""widget"": ""w2h-cell"",
      ""dataType"": ""string"",
      ""colSpan"": 4,
      ""constraints"": {
        ""required"": true
      }
    },
    {
      ""key"": ""problem.where"",
      ""label"": ""Where"",
      ""widget"": ""w2h-cell"",
      ""dataType"": ""string"",
      ""colSpan"": 4,
      ""constraints"": {
        ""required"": true
      }
    },
    {
      ""key"": ""problem.when"",
      ""label"": ""When"",
      ""widget"": ""w2h-cell"",
      ""dataType"": ""string"",
      ""colSpan"": 4,
      ""constraints"": {}
    },
    {
      ""key"": ""problem.who"",
      ""label"": ""Who"",
      ""widget"": ""w2h-cell"",
      ""dataType"": ""string"",
      ""colSpan"": 4,
      ""constraints"": {}
    },
    {
      ""key"": ""problem.how"",
      ""label"": ""How"",
      ""widget"": ""w2h-cell"",
      ""dataType"": ""string"",
      ""colSpan"": 4,
      ""constraints"": {}
    },
    {
      ""key"": ""problem.extent"",
      ""label"": ""How Many"",
      ""widget"": ""w2h-cell"",
      ""dataType"": ""string"",
      ""colSpan"": 4,
      ""constraints"": {
        ""required"": true
      }
    },
    {
      ""key"": ""problem.impact"",
      ""label"": ""Business / customer impact"",
      ""widget"": ""text"",
      ""dataType"": ""string"",
      ""colSpan"": 12,
      ""constraints"": {}
    },
    {
      ""key"": ""problem.is"",
      ""label"": ""Is"",
      ""widget"": ""is-box"",
      ""dataType"": ""array"",
      ""colSpan"": 6,
      ""constraints"": {},
      ""items"": {
        ""type"": ""string""
      }
    },
    {
      ""key"": ""problem.isNot"",
      ""label"": ""Is not"",
      ""widget"": ""isnot-box"",
      ""dataType"": ""array"",
      ""colSpan"": 6,
      ""constraints"": {},
      ""items"": {
        ""type"": ""string""
      }
    },
    {
      ""key"": ""problem.isIsNotStatus"",
      ""label"": ""Is / Is-Not status"",
      ""widget"": ""callout"",
      ""dataType"": ""string"",
      ""colSpan"": 12,
      ""constraints"": {}
    },
    {
      ""key"": ""problem.isIsNotBasis"",
      ""label"": ""Is / Is-Not basis"",
      ""widget"": ""markdown"",
      ""dataType"": ""string"",
      ""colSpan"": 12,
      ""constraints"": {}
    },
    {
      ""key"": ""problem.measuredEvidence"",
      ""label"": ""Measured evidence"",
      ""widget"": ""table"",
      ""dataType"": ""array"",
      ""colSpan"": 12,
      ""constraints"": {},
      ""items"": {
        ""type"": ""object"",
        ""properties"": {
          ""characteristic"": {
            ""type"": ""string"",
            ""maxLength"": 120,
            ""description"": ""ONLY the characteristic name, e.g. \""Burr height\"". No value, no verdict.""
          },
          ""measured"": {
            ""type"": ""string"",
            ""maxLength"": 60,
            ""description"": ""ONLY the measured value with its unit, e.g. \""0.32 mm\"".""
          },
          ""specification"": {
            ""type"": ""string"",
            ""maxLength"": 60,
            ""description"": ""ONLY the specification limit with its unit, e.g. \""max 0.10 mm\"".""
          },
          ""assessment"": {
            ""type"": ""string"",
            ""maxLength"": 120,
            ""description"": ""ONLY the verdict, e.g. \""Out of tolerance\"" or \""Within spec\"". No restatement of the numbers.""
          }
        }
      }
    },
    {
      ""key"": ""problem.gaps"",
      ""label"": ""Missing facts"",
      ""widget"": ""warning-list"",
      ""dataType"": ""array"",
      ""colSpan"": 12,
      ""constraints"": {},
      ""items"": {
        ""type"": ""string""
      }
    },
    {
      ""key"": ""sources"",
      ""label"": ""Evidence and traceability"",
      ""widget"": ""evidence-list"",
      ""dataType"": ""array"",
      ""colSpan"": 12,
      ""constraints"": {},
      ""items"": {
        ""type"": ""string""
      }
    }
  ],
  ""groups"": [
    {
      ""id"": ""d2-ai-result"",
      ""label"": ""AI-generated problem description"",
      ""fieldKeys"": [
        ""problem.complaintReference"",
        ""problem.statement"",
        ""problem.what"",
        ""problem.where"",
        ""problem.when"",
        ""problem.who"",
        ""problem.how"",
        ""problem.extent"",
        ""problem.is"",
        ""problem.isNot"",
        ""problem.isIsNotStatus"",
        ""problem.isIsNotBasis""
      ],
      ""width"": ""100"",
      ""columns"": 12,
      ""order"": 10
    }
  ]
}";;;"1";"Approved";"AI Lead / Quality Manager";"2026-09-22 14:25:18";;;"Completed"
"2381e40a-6cdb-460e-a03b-a449b6a53866";"2026-09-21T16:08:26.181Z";"anonymous";"2026-09-21T16:08:26.181Z";"anonymous";"70e2bd2b-f49d-41b5-b9db-0b0eb6667862";"D3";"3";"D3 — Containment Actions";"Containment actions established.";"Containment actions established.";;;;;"{""containment"":{""actions"":[{""lineNo"":1,""actionType"":""Containment"",""actionText"":""Quarantine batch B-49688 and inspect the bore mouth of all H22 hubs in WIP and finished stock"",""status"":""Done""}]}}";"{
  ""fields"": [
    {
      ""key"": ""containment.actions"",
      ""label"": ""Containment actions"",
      ""widget"": ""action-cards"",
      ""dataType"": ""array"",
      ""colSpan"": 12,
      ""constraints"": {
        ""required"": true,
        ""minItems"": 1
      },
      ""items"": {
        ""type"": ""object"",
        ""properties"": {
          ""action"": {
            ""type"": ""string"",
            ""description"": ""Short concise action description without boilerplate prefix. Start with the imperative verb naming the PRIMARY work, e.g. \""Quarantine 85 housings at the outgoing dock\"".""
          },
          ""owner"": {
            ""type"": ""string"",
            ""maxLength"": 120,
            ""description"": ""The team member from D1 (team.roster or team.leader/members) assigned to this containment action, selected by matching their role/responsibility to the work required. E.g. \""Karl Wagner\"" or \""DungTruonghyhy\"".""
          },
          ""status"": {
            ""type"": ""string"",
            ""enum"": [
              ""Planned"",
              ""In Process"",
              ""Done"",
              ""Verified""
            ]
          }
        }
      }
    },
    {
      ""key"": ""containment.gaps"",
      ""label"": ""Open containment gaps"",
      ""widget"": ""warning-list"",
      ""dataType"": ""array"",
      ""colSpan"": 12,
      ""constraints"": {},
      ""items"": {
        ""type"": ""string""
      }
    },
    {
      ""key"": ""sources"",
      ""label"": ""Evidence and traceability"",
      ""widget"": ""evidence-list"",
      ""dataType"": ""array"",
      ""colSpan"": 12,
      ""constraints"": {},
      ""items"": {
        ""type"": ""string""
      }
    }
  ],
  ""groups"": [
    {
      ""id"": ""d3-ai-result"",
      ""label"": ""Containment plan"",
      ""fieldKeys"": [
        ""containment.actions"",
        ""containment.gaps"",
        ""sources""
      ],
      ""width"": ""100"",
      ""columns"": 12,
      ""order"": 10
    }
  ]
}";;;"1";"Approved";"AI Lead / Quality Manager";"2026-09-22 14:25:18";;;"Completed"
"e59088b4-f32d-4e89-a262-5011f8e3a193";"2026-09-21T16:08:26.181Z";"anonymous";"2026-09-21T16:08:26.181Z";"anonymous";"70e2bd2b-f49d-41b5-b9db-0b0eb6667862";"D4";"4";"D4 — Root Cause Analysis";"Root cause identified as Machine.";"Root cause identified as Machine.";;;;;"{""rootCause"":{""category"":""Machine"",""whyChain"":[],""ishikawa"":[{""category"":""Man"",""description"":""EMP-3301, Shift A - ran the standard cycle, no deviation logged"",""metricValue"":null,""isRootCause"":false,""source"":""ASSUMED: MES/HR""},{""category"":""Machine"",""description"":""EQ-BROACH01-002, broach tool ran 41,200 strokes against a 30,000 stroke replacement limit; cutting edges rounded and pushed material instead of shearing it"",""metricValue"":""41,200 of 30,000 strokes"",""isRootCause"":true,""source"":""SAP: EQUI/AFIH (PM)""},{""category"":""Method"",""description"":""DOC-7740 Rev C - broaching instruction current, cycle parameters unchanged"",""metricValue"":null,""isRootCause"":false,""source"":""SAP: DRAW/PLPO (DMS+Routing)""},{""category"":""Material"",""description"":""Forging cert PASS, hardness 198 HB within band"",""metricValue"":""198 HB"",""isRootCause"":false,""source"":""SAP: QALS/QAMR (incoming)""},{""category"":""Measurement"",""description"":""PG-0142, last cal 2026-05-22, R&R 6.8%"",""metricValue"":""6.8%"",""isRootCause"":false,""source"":""SAP: Test Equipment Mgmt""},{""category"":""Environment"",""description"":""21.8C at 07:40 (illustrative)"",""metricValue"":null,""isRootCause"":false,""source"":""ASSUMED: MES/IoT""}]}}";"{
  ""fields"": [
    {
      ""key"": ""rootCause.statement"",
      ""label"": ""Root cause"",
      ""widget"": ""ai-draft"",
      ""dataType"": ""string"",
      ""colSpan"": 12,
      ""constraints"": {
        ""required"": true,
        ""minLength"": 10,
        ""maxLength"": 320
      }
    },
    {
      ""key"": ""rootCause.ishikawaBoard"",
      ""label"": ""Ishikawa"",
      ""widget"": ""ishikawa-grid"",
      ""dataType"": ""array"",
      ""colSpan"": 12,
      ""constraints"": {
        ""required"": true,
        ""minItems"": 6
      },
      ""description"": ""Always one row per 6M category with a concise 1-sentence verdict. Copy a recorded assessment verbatim with source=recorded; for a category with no recorded entry propose a brief verdict from evidence with source=proposed, or write \""not assessed\"". Never write audit plans or long essays in cells."",
      ""items"": {
        ""type"": ""object"",
        ""properties"": {
          ""category"": {
            ""type"": ""string"",
            ""enum"": [
              ""Man"",
              ""Machine"",
              ""Method"",
              ""Material"",
              ""Measurement"",
              ""Environment""
            ]
          },
          ""finding"": {
            ""type"": ""string"",
            ""maxLength"": 220,
            ""description"": ""The concise VERDICT for this branch, e.g. clamp pad worn 0.2 mm, or gauge R&R 8%, or not assessed. Never a list of evidence to gather - that goes in evidenceGaps once. Never the category name.""
          },
          ""isRootCause"": {
            ""type"": ""boolean"",
            ""description"": ""True for at most ONE branch in the whole board.""
          },
          ""source"": {
            ""type"": ""string"",
            ""enum"": [
              ""recorded"",
              ""proposed""
            ]
          }
        },
        ""required"": [
          ""category"",
          ""finding"",
          ""isRootCause"",
          ""source""
        ]
      }
    },
    {
      ""key"": ""rootCause.fiveWhy"",
      ""label"": ""5-Why chain"",
      ""widget"": ""why-chain"",
      ""dataType"": ""array"",
      ""colSpan"": 12,
      ""constraints"": {
        ""required"": true,
        ""minItems"": 1
      },
      ""items"": {
        ""type"": ""object"",
        ""properties"": {
          ""step"": {
            ""type"": ""integer"",
            ""description"": ""Position in the chain, starting at 1.""
          },
          ""why"": {
            ""type"": ""string"",
            ""maxLength"": 140,
            ""description"": ""The question only, ending in a question mark. Keep it short and crisp.""
          },
          ""answer"": {
            ""type"": ""string"",
            ""maxLength"": 200,
            ""description"": ""The answer only: 1 concise direct sentence naming the cause. Never repeat the question, never list audit procedures or evidence still to be gathered.""
          },
          ""evidence"": {
            ""type"": ""string"",
            ""maxLength"": 200,
            ""description"": ""The CaseContext path or measurement backing the answer. Concise citation only.""
          }
        },
        ""required"": [
          ""step"",
          ""why"",
          ""answer"",
          ""evidence""
        ]
      }
    },
    {
      ""key"": ""rootCause.evidenceGaps"",
      ""label"": ""Evidence gaps"",
      ""widget"": ""warning-list"",
      ""dataType"": ""array"",
      ""colSpan"": 12,
      ""constraints"": {},
      ""items"": {
        ""type"": ""string""
      }
    },
    {
      ""key"": ""sources"",
      ""label"": ""Evidence and traceability"",
      ""widget"": ""evidence-list"",
      ""dataType"": ""array"",
      ""colSpan"": 12,
      ""constraints"": {},
      ""items"": {
        ""type"": ""string""
      }
    }
  ],
  ""groups"": [
    {
      ""id"": ""d4-ai-result"",
      ""label"": ""Root cause analysis"",
      ""fieldKeys"": [
        ""rootCause.statement"",
        ""rootCause.ishikawaBoard"",
        ""rootCause.fiveWhy"",
        ""rootCause.evidenceGaps"",
        ""sources""
      ],
      ""width"": ""100"",
      ""columns"": 12,
      ""order"": 10
    }
  ]
}";;;"1";"Approved";"AI Lead / Quality Manager";"2026-09-22 14:25:18";;;"Completed"
"bddcbb4f-4eb2-41a8-8b6f-7634f3dfeb43";"2026-09-21T16:08:26.181Z";"anonymous";"2026-09-21T16:08:26.181Z";"anonymous";"70e2bd2b-f49d-41b5-b9db-0b0eb6667862";"D5";"5";"D5 — Corrective Actions";"Permanent corrective actions defined.";"Permanent corrective actions defined.";;;;;"{""corrective"":{""actions"":[{""lineNo"":2,""actionType"":""Corrective"",""actionText"":""Replace the worn broach on EQ-BROACH01-002 and deburr the 74 affected hubs"",""status"":""Verified""}]}}";"{
  ""fields"": [
    {
      ""key"": ""corrective.actions"",
      ""label"": ""Permanent corrective actions"",
      ""widget"": ""action-cards"",
      ""dataType"": ""array"",
      ""colSpan"": 12,
      ""constraints"": {
        ""required"": true,
        ""minItems"": 1
      },
      ""items"": {
        ""type"": ""object"",
        ""properties"": {
          ""action"": {
            ""type"": ""string"",
            ""maxLength"": 240,
            ""description"": ""The action and its trigger, starting with the imperative verb that names the PRIMARY work. No owner, no status, no rationale - those are separate fields.""
          },
          ""owner"": {
            ""type"": ""string"",
            ""maxLength"": 120,
            ""description"": ""The team member from D1 (team.roster or team.leader/members) assigned to this corrective action, selected by matching their role/responsibility to the root cause fix. E.g. \""Karl Wagner\"" or \""Minh Dinh\"".""
          },
          ""status"": {
            ""type"": ""string"",
            ""maxLength"": 40,
            ""description"": ""ONLY the current status, one or two words, e.g. \""Planned\"", \""In progress\"", \""Done\"".""
          },
          ""origin"": {
            ""type"": ""string"",
            ""maxLength"": 60,
            ""description"": ""ONLY where it came from: \""recorded\"" for an action already in the case, or \""precedents#N\"" for a proposal.""
          },
          ""protection"": {
            ""type"": ""string"",
            ""maxLength"": 200,
            ""description"": ""One line.""
          }
        }
      }
    },
    {
      ""key"": ""sources"",
      ""label"": ""Evidence and traceability"",
      ""widget"": ""evidence-list"",
      ""dataType"": ""array"",
      ""colSpan"": 12,
      ""constraints"": {},
      ""items"": {
        ""type"": ""string""
      }
    }
  ],
  ""groups"": [
    {
      ""id"": ""d5-ai-result"",
      ""label"": ""AI-generated corrective plan"",
      ""fieldKeys"": [
        ""corrective.actions""
      ],
      ""width"": ""100"",
      ""columns"": 12,
      ""order"": 10
    }
  ]
}";;;"1";"Approved";"AI Lead / Quality Manager";"2026-09-22 14:25:18";;;"Completed"
"cc2413f4-4590-4190-bfb8-85b522fca0c5";"2026-09-21T16:08:26.181Z";"anonymous";"2026-09-21T16:08:26.181Z";"anonymous";"70e2bd2b-f49d-41b5-b9db-0b0eb6667862";"D6";"6";"D6 — Verification of Effectiveness";"Verification plan executed.";"Verification plan executed.";;;;;"{""verification"":{""status"":""Verified"",""notes"":""Corrective actions verified on line.""}}";"{
  ""fields"": [
    {
      ""key"": ""verification.objective"",
      ""label"": ""Verification objective"",
      ""widget"": ""callout"",
      ""dataType"": ""string"",
      ""colSpan"": 12,
      ""constraints"": {
        ""required"": true,
        ""maxLength"": 260
      }
    },
    {
      ""key"": ""verification.plan"",
      ""label"": ""Verification plan"",
      ""widget"": ""table"",
      ""dataType"": ""array"",
      ""colSpan"": 12,
      ""constraints"": {
        ""required"": true,
        ""minItems"": 1
      },
      ""items"": {
        ""type"": ""object"",
        ""properties"": {
          ""measure"": {
            ""type"": ""string"",
            ""maxLength"": 200,
            ""description"": ""One line.""
          },
          ""sampleSize"": {
            ""type"": ""string"",
            ""maxLength"": 80,
            ""description"": ""ONLY the sample size, e.g. \""30 parts per shift\"".""
          },
          ""period"": {
            ""type"": ""string"",
            ""maxLength"": 60,
            ""description"": ""ONLY the period over which it runs, e.g. \""4 weeks\"".""
          },
          ""acceptanceCriterion"": {
            ""type"": ""string"",
            ""maxLength"": 220,
            ""description"": ""The pass/fail threshold with its number, anchored to a real specification value.""
          },
          ""signOff"": {
            ""type"": ""string"",
            ""maxLength"": 120,
            ""description"": ""ONLY the role that signs it off.""
          }
        }
      }
    },
    {
      ""key"": ""verification.evidenceStatus"",
      ""label"": ""Evidence status"",
      ""widget"": ""status"",
      ""dataType"": ""string"",
      ""colSpan"": 4,
      ""constraints"": {
        ""required"": true,
        ""enum"": [
          ""No evidence yet"",
          ""Partially verified"",
          ""Verified""
        ]
      }
    },
    {
      ""key"": ""sources"",
      ""label"": ""Evidence and traceability"",
      ""widget"": ""evidence-list"",
      ""dataType"": ""array"",
      ""colSpan"": 12,
      ""constraints"": {},
      ""items"": {
        ""type"": ""string""
      }
    }
  ],
  ""groups"": [
    {
      ""id"": ""d6-ai-result"",
      ""label"": ""AI-generated verification plan"",
      ""fieldKeys"": [
        ""verification.objective"",
        ""verification.plan""
      ],
      ""width"": ""100"",
      ""columns"": 12,
      ""order"": 10
    }
  ]
}";;;"1";"Approved";"AI Lead / Quality Manager";"2026-09-22 14:25:18";;;"Completed"
"185d5f74-9b31-4055-a6fb-e0a1d1386404";"2026-09-21T16:08:26.181Z";"anonymous";"2026-09-21T16:08:26.181Z";"anonymous";"70e2bd2b-f49d-41b5-b9db-0b0eb6667862";"D7";"7";"D7 — Preventive Actions";"Preventive measures implemented.";"Preventive measures implemented.";;;;;"{""preventive"":{""actions"":[{""lineNo"":3,""actionType"":""Preventive"",""actionText"":""Move broach stroke counting into the PM system with an automatic work order at 90% of tool life, so replacement no longer depends on a paper tally"",""status"":""Verified in production""}]}}";"{
  ""fields"": [
    {
      ""key"": ""preventive.actions"",
      ""label"": ""Preventive actions"",
      ""widget"": ""action-cards"",
      ""dataType"": ""array"",
      ""colSpan"": 12,
      ""constraints"": {
        ""required"": true,
        ""minItems"": 1
      },
      ""items"": {
        ""type"": ""object"",
        ""properties"": {
          ""action"": {
            ""type"": ""string"",
            ""maxLength"": 240,
            ""description"": ""The action and its trigger, starting with the imperative verb that names the PRIMARY work. No owner, no status, no rationale - those are separate fields.""
          },
          ""owner"": {
            ""type"": ""string"",
            ""maxLength"": 120,
            ""description"": ""The team member from D1 (team.roster or team.leader/members) assigned to this preventive action, selected by matching their role/responsibility to the systemic/FMEA fix. E.g. \""Minh Dinh\"" or \""DungTruonghyhy\"".""
          },
          ""status"": {
            ""type"": ""string"",
            ""maxLength"": 40,
            ""description"": ""ONLY the current status, one or two words, e.g. \""Planned\"", \""In progress\"", \""Done\"".""
          },
          ""origin"": {
            ""type"": ""string"",
            ""maxLength"": 60,
            ""description"": ""ONLY where it came from: \""recorded\"" for an action already in the case, or \""precedents#N\"" for a proposal.""
          },
          ""protection"": {
            ""type"": ""string"",
            ""maxLength"": 200,
            ""description"": ""One line.""
          }
        }
      }
    },
    {
      ""key"": ""preventive.fmea"",
      ""label"": ""FMEA entry to update"",
      ""widget"": ""fmea-link"",
      ""dataType"": ""object"",
      ""colSpan"": 12,
      ""constraints"": {},
      ""properties"": {
        ""fmeaId"": {
          ""type"": ""string""
        },
        ""description"": {
          ""type"": ""string""
        },
        ""change"": {
          ""type"": ""string""
        },
        ""currentRating"": {
          ""type"": ""string""
        },
        ""proposedRating"": {
          ""type"": ""string""
        }
      }
    },
    {
      ""key"": ""sources"",
      ""label"": ""Evidence and traceability"",
      ""widget"": ""evidence-list"",
      ""dataType"": ""array"",
      ""colSpan"": 12,
      ""constraints"": {},
      ""items"": {
        ""type"": ""string""
      }
    }
  ],
  ""groups"": [
    {
      ""id"": ""d7-ai-result"",
      ""label"": ""AI-generated preventive plan"",
      ""fieldKeys"": [
        ""preventive.actions"",
        ""preventive.fmea""
      ],
      ""width"": ""100"",
      ""columns"": 12,
      ""order"": 10
    }
  ]
}";;;"1";"Approved";"AI Lead / Quality Manager";"2026-09-22 14:25:18";;;"Completed"
"72e82254-8bc5-4aa9-bdf3-3e30ad636ef6";"2026-09-21T16:08:26.181Z";"anonymous";"2026-09-21T16:08:26.181Z";"anonymous";"70e2bd2b-f49d-41b5-b9db-0b0eb6667862";"D8";"8";"D8 — Closure & Team Recognition";"8D report closed.";"8D report closed.";;;;;"{""closure"":{""gate"":{""status"":""Closed"",""readyForClosure"":true}}}";"{
  ""fields"": [
    {
      ""key"": ""closure.gate"",
      ""label"": ""Closure readiness"",
      ""widget"": ""closure-gate"",
      ""dataType"": ""object"",
      ""colSpan"": 12,
      ""constraints"": {},
      ""xSource"": ""manual_input"",
      ""description"": ""Computed from the review status of D1-D7. The AI never writes this."",
      ""properties"": {}
    },
    {
      ""key"": ""closure.costOfPoorQuality"",
      ""label"": ""Cost of poor quality"",
      ""widget"": ""text"",
      ""dataType"": ""string"",
      ""colSpan"": 4,
      ""constraints"": {},
      ""xSource"": ""sap_qm"",
      ""description"": ""Read from the case. The AI never writes this.""
    },
    {
      ""key"": ""closure.lessonsWhatWorked"",
      ""label"": ""What worked"",
      ""widget"": ""markdown"",
      ""dataType"": ""string"",
      ""colSpan"": 6,
      ""constraints"": {
        ""required"": true,
        ""minLength"": 20
      }
    },
    {
      ""key"": ""closure.lessonsWhatDidNot"",
      ""label"": ""What did not"",
      ""widget"": ""markdown"",
      ""dataType"": ""string"",
      ""colSpan"": 6,
      ""constraints"": {
        ""required"": true,
        ""minLength"": 20
      }
    },
    {
      ""key"": ""closure.teamRecognition"",
      ""label"": ""Team recognition"",
      ""widget"": ""markdown"",
      ""dataType"": ""string"",
      ""colSpan"": 12,
      ""constraints"": {}
    },
    {
      ""key"": ""closure.openItems"",
      ""label"": ""Still open at closure"",
      ""widget"": ""warning-list"",
      ""dataType"": ""array"",
      ""colSpan"": 12,
      ""constraints"": {},
      ""items"": {
        ""type"": ""string""
      }
    },
    {
      ""key"": ""sources"",
      ""label"": ""Evidence and traceability"",
      ""widget"": ""evidence-list"",
      ""dataType"": ""array"",
      ""colSpan"": 12,
      ""constraints"": {},
      ""items"": {
        ""type"": ""string""
      }
    }
  ],
  ""groups"": [
    {
      ""id"": ""d8-ai-result"",
      ""label"": ""AI-generated closure summary"",
      ""fieldKeys"": [
        ""closure.gate"",
        ""closure.costOfPoorQuality"",
        ""closure.lessonsWhatWorked"",
        ""closure.lessonsWhatDidNot"",
        ""closure.teamRecognition""
      ],
      ""width"": ""100"",
      ""columns"": 12,
      ""order"": 10
    }
  ]
}";;;"1";"Approved";"AI Lead / Quality Manager";"2026-09-22 14:25:18";;;"Completed"
"3ecffa42-4d81-448c-ae72-5ba2ac9625f8";"2026-09-21T16:08:26.185Z";"anonymous";"2026-09-21T16:08:26.185Z";"anonymous";"476b5788-3dac-47be-bc5c-3d0943ed377d";"D1";"1";"D1 — Team Roster";"Formed cross-functional 8D team.";"Formed cross-functional 8D team.";;;;;"{""team"":{""roster"":[{""name"":""Luis Moreno"",""organizationalRole"":""Foundry Process Engineer"",""assigned8DRole"":""8D Team Member"",""caseResponsibility"":""Foundry Process Engineer""},{""name"":""Sara Klein"",""organizationalRole"":""Supplier Quality Engineer"",""assigned8DRole"":""8D Team Member"",""caseResponsibility"":""Supplier Quality Engineer""}],""assignedRoster"":[{""partnerId"":""100001"",""partnerRole"":""8D Team Leader""},{""partnerId"":""100023"",""partnerRole"":""8D Team Member""},{""partnerId"":""100031"",""partnerRole"":""8D Team Member""}]}}";"{
  ""fields"": [
    {
      ""key"": ""team.objective"",
      ""label"": ""Team objective"",
      ""widget"": ""callout"",
      ""dataType"": ""string"",
      ""colSpan"": 12,
      ""constraints"": {
        ""required"": true,
        ""minLength"": 20,
        ""maxLength"": 260
      }
    },
    {
      ""key"": ""team.selectionMethod"",
      ""label"": ""Selection method"",
      ""widget"": ""status"",
      ""dataType"": ""string"",
      ""colSpan"": 4,
      ""constraints"": {
        ""required"": true,
        ""enum"": [
          ""Current case team"",
          ""Precedent recommendation"",
          ""Hybrid"",
          ""Roles only - assignment required""
        ]
      }
    },
    {
      ""key"": ""team.problemCapabilities"",
      ""label"": ""Capabilities required by this problem"",
      ""widget"": ""tag-selector"",
      ""dataType"": ""array"",
      ""colSpan"": 8,
      ""constraints"": {
        ""required"": true,
        ""minItems"": 1
      },
      ""items"": {
        ""type"": ""string""
      }
    },
    {
      ""key"": ""team.selectionRationale"",
      ""label"": ""How the team was selected"",
      ""widget"": ""markdown"",
      ""dataType"": ""string"",
      ""colSpan"": 12,
      ""constraints"": {
        ""required"": true,
        ""minLength"": 60,
        ""maxLength"": 1600
      }
    },
    {
      ""key"": ""team.roster"",
      ""label"": ""AI suggest"",
      ""widget"": ""ai-suggest"",
      ""dataType"": ""array"",
      ""colSpan"": 12,
      ""constraints"": {
        ""required"": true,
        ""minItems"": 1
      },
      ""items"": {
        ""type"": ""object"",
        ""properties"": {
          ""name"": {
            ""type"": ""string"",
            ""maxLength"": 120,
            ""description"": ""ONLY the person name, or \""Unassigned\"". No role, no reasoning.""
          },
          ""organizationalRole"": {
            ""type"": ""string"",
            ""maxLength"": 120,
            ""description"": ""ONLY their job title in the organisation, e.g. \""Quality Engineer\"".""
          },
          ""assigned8DRole"": {
            ""type"": ""string"",
            ""maxLength"": 60,
            ""description"": ""ONLY their role in THIS 8D, e.g. \""Team Leader\"" or \""Team Member\"".""
          },
          ""caseResponsibility"": {
            ""type"": ""string"",
            ""maxLength"": 200,
            ""description"": ""What this person is accountable for here. Never a job title.""
          },
          ""selectionReason"": {
            ""type"": ""string"",
            ""maxLength"": 220,
            ""description"": ""Why this person, in one line. Do not repeat the name or the role.""
          },
          ""servedOnCount"": {
            ""type"": ""integer"",
            ""description"": ""How many qualifying precedent cases this person served on. Rank the roster by this value, descending.""
          },
          ""sourceType"": {
            ""type"": ""string"",
            ""enum"": [
              ""current_case"",
              ""precedent"",
              ""unassigned""
            ]
          },
          ""sourcePath"": {
            ""type"": ""string"",
            ""maxLength"": 80,
            ""description"": ""ONLY the resolvable path: team.leader, team.members#N, precedents#N.team#M, or team.gaps.""
          },
          ""sourceCase"": {
            ""type"": ""string"",
            ""maxLength"": 60,
            ""description"": ""ONLY the precedent notification id, when the person came from a precedent.""
          }
        },
        ""required"": [
          ""name"",
          ""organizationalRole"",
          ""assigned8DRole"",
          ""caseResponsibility"",
          ""selectionReason"",
          ""sourceType"",
          ""sourcePath""
        ]
      }
    },
    {
      ""key"": ""team.assignedRoster"",
      ""label"": ""Decision table"",
      ""widget"": ""decision-table"",
      ""dataType"": ""array"",
      ""colSpan"": 12,
      ""constraints"": {},
      ""xSource"": ""manual_input"",
      ""description"": ""Filled in by the quality engineer on the report screen. The AI never writes this."",
      ""items"": {
        ""type"": ""object"",
        ""properties"": {
          ""partnerId"": {
            ""type"": ""string""
          },
          ""partnerName"": {
            ""type"": ""string""
          },
          ""functionTitle"": {
            ""type"": ""string""
          },
          ""partnerRole"": {
            ""type"": ""string"",
            ""enum"": [
              ""8D Team Leader"",
              ""8D Team Member""
            ]
          }
        }
      }
    },
    {
      ""key"": ""team.readinessStatus"",
      ""label"": ""Team readiness"",
      ""widget"": ""status"",
      ""dataType"": ""string"",
      ""colSpan"": 3,
      ""constraints"": {
        ""required"": true,
        ""enum"": [
          ""Ready"",
          ""Partial"",
          ""Needs assignment""
        ]
      }
    },
    {
      ""key"": ""team.readinessRationale"",
      ""label"": ""Readiness assessment"",
      ""widget"": ""markdown"",
      ""dataType"": ""string"",
      ""colSpan"": 9,
      ""constraints"": {
        ""required"": true,
        ""minLength"": 30,
        ""maxLength"": 500
      }
    },
    {
      ""key"": ""team.uncoveredCapabilities"",
      ""label"": ""Uncovered capabilities"",
      ""widget"": ""warning-list"",
      ""dataType"": ""array"",
      ""colSpan"": 6,
      ""constraints"": {},
      ""items"": {
        ""type"": ""string""
      }
    },
    {
      ""key"": ""team.sourceSummary"",
      ""label"": ""Where the team recommendation came from"",
      ""widget"": ""markdown"",
      ""dataType"": ""string"",
      ""colSpan"": 6,
      ""constraints"": {
        ""required"": true,
        ""minLength"": 30,
        ""maxLength"": 500
      }
    },
    {
      ""key"": ""team.suggestionStatus"",
      ""label"": ""Suggestion status"",
      ""widget"": ""callout"",
      ""dataType"": ""string"",
      ""colSpan"": 12,
      ""constraints"": {}
    },
    {
      ""key"": ""sources"",
      ""label"": ""Source records"",
      ""widget"": ""evidence-list"",
      ""dataType"": ""array"",
      ""colSpan"": 12,
      ""constraints"": {
        ""pattern"": ""^(team\\.|precedents#)""
      },
      ""items"": {
        ""type"": ""string""
      }
    }
  ],
  ""groups"": [
    {
      ""id"": ""d1-decision-table"",
      ""label"": ""Decision Table"",
      ""fieldKeys"": [
        ""team.assignedRoster"",
        ""team.suggestionStatus""
      ],
      ""width"": ""100"",
      ""columns"": 12,
      ""order"": 10
    }
  ]
}";;;"1";"Approved";"AI Lead / Quality Manager";"2026-09-22 14:25:18";;;"Completed"
"4c3a3b65-9588-4825-80ca-e79bcb285337";"2026-09-21T16:08:26.185Z";"anonymous";"2026-09-21T16:08:26.185Z";"anonymous";"476b5788-3dac-47be-bc5c-3d0943ed377d";"D2";"2";"D2 — Problem Description";"Coolant leak at sealing surface reported by customer";"Coolant leak at sealing surface reported by customer";;;;;"{""problem"":{""statement"":""Coolant leak at sealing surface reported by customer"",""isIsNot"":{""is"":""P90 sealing face - WC-CAST-03 - castings poured from ingot lot ING-77412 between 2026-06-24 and 2026-06-26"",""isNot"":""P70 / P110 variants - WC-CAST-01 - castings from ingot lots ING-77380 and ING-77455"",""notes"":""Defect tracks the ingot lot, not the machine or the shift""},""w2h"":{}}}";"{
  ""fields"": [
    {
      ""key"": ""problem.complaintReference"",
      ""label"": ""Complaint reference"",
      ""widget"": ""complaint-reference"",
      ""dataType"": ""string"",
      ""colSpan"": 12,
      ""constraints"": {},
      ""xSource"": ""sap_qm"",
      ""description"": ""Read from the SAP QM customer reference on the case. The AI never writes this.""
    },
    {
      ""key"": ""problem.statement"",
      ""label"": ""Problem statement"",
      ""widget"": ""problem-statement"",
      ""dataType"": ""string"",
      ""colSpan"": 12,
      ""constraints"": {
        ""required"": true,
        ""minLength"": 30,
        ""maxLength"": 600
      }
    },
    {
      ""key"": ""problem.statementOverride"",
      ""label"": ""Problem statement (edited)"",
      ""widget"": ""text"",
      ""dataType"": ""string"",
      ""colSpan"": 12,
      ""constraints"": {},
      ""xSource"": ""manual_input"",
      ""description"": ""Edited by the quality engineer on the report screen. The AI never writes this.""
    },
    {
      ""key"": ""problem.what"",
      ""label"": ""What"",
      ""widget"": ""w2h-cell"",
      ""dataType"": ""string"",
      ""colSpan"": 4,
      ""constraints"": {
        ""required"": true
      }
    },
    {
      ""key"": ""problem.where"",
      ""label"": ""Where"",
      ""widget"": ""w2h-cell"",
      ""dataType"": ""string"",
      ""colSpan"": 4,
      ""constraints"": {
        ""required"": true
      }
    },
    {
      ""key"": ""problem.when"",
      ""label"": ""When"",
      ""widget"": ""w2h-cell"",
      ""dataType"": ""string"",
      ""colSpan"": 4,
      ""constraints"": {}
    },
    {
      ""key"": ""problem.who"",
      ""label"": ""Who"",
      ""widget"": ""w2h-cell"",
      ""dataType"": ""string"",
      ""colSpan"": 4,
      ""constraints"": {}
    },
    {
      ""key"": ""problem.how"",
      ""label"": ""How"",
      ""widget"": ""w2h-cell"",
      ""dataType"": ""string"",
      ""colSpan"": 4,
      ""constraints"": {}
    },
    {
      ""key"": ""problem.extent"",
      ""label"": ""How Many"",
      ""widget"": ""w2h-cell"",
      ""dataType"": ""string"",
      ""colSpan"": 4,
      ""constraints"": {
        ""required"": true
      }
    },
    {
      ""key"": ""problem.impact"",
      ""label"": ""Business / customer impact"",
      ""widget"": ""text"",
      ""dataType"": ""string"",
      ""colSpan"": 12,
      ""constraints"": {}
    },
    {
      ""key"": ""problem.is"",
      ""label"": ""Is"",
      ""widget"": ""is-box"",
      ""dataType"": ""array"",
      ""colSpan"": 6,
      ""constraints"": {},
      ""items"": {
        ""type"": ""string""
      }
    },
    {
      ""key"": ""problem.isNot"",
      ""label"": ""Is not"",
      ""widget"": ""isnot-box"",
      ""dataType"": ""array"",
      ""colSpan"": 6,
      ""constraints"": {},
      ""items"": {
        ""type"": ""string""
      }
    },
    {
      ""key"": ""problem.isIsNotStatus"",
      ""label"": ""Is / Is-Not status"",
      ""widget"": ""callout"",
      ""dataType"": ""string"",
      ""colSpan"": 12,
      ""constraints"": {}
    },
    {
      ""key"": ""problem.isIsNotBasis"",
      ""label"": ""Is / Is-Not basis"",
      ""widget"": ""markdown"",
      ""dataType"": ""string"",
      ""colSpan"": 12,
      ""constraints"": {}
    },
    {
      ""key"": ""problem.measuredEvidence"",
      ""label"": ""Measured evidence"",
      ""widget"": ""table"",
      ""dataType"": ""array"",
      ""colSpan"": 12,
      ""constraints"": {},
      ""items"": {
        ""type"": ""object"",
        ""properties"": {
          ""characteristic"": {
            ""type"": ""string"",
            ""maxLength"": 120,
            ""description"": ""ONLY the characteristic name, e.g. \""Burr height\"". No value, no verdict.""
          },
          ""measured"": {
            ""type"": ""string"",
            ""maxLength"": 60,
            ""description"": ""ONLY the measured value with its unit, e.g. \""0.32 mm\"".""
          },
          ""specification"": {
            ""type"": ""string"",
            ""maxLength"": 60,
            ""description"": ""ONLY the specification limit with its unit, e.g. \""max 0.10 mm\"".""
          },
          ""assessment"": {
            ""type"": ""string"",
            ""maxLength"": 120,
            ""description"": ""ONLY the verdict, e.g. \""Out of tolerance\"" or \""Within spec\"". No restatement of the numbers.""
          }
        }
      }
    },
    {
      ""key"": ""problem.gaps"",
      ""label"": ""Missing facts"",
      ""widget"": ""warning-list"",
      ""dataType"": ""array"",
      ""colSpan"": 12,
      ""constraints"": {},
      ""items"": {
        ""type"": ""string""
      }
    },
    {
      ""key"": ""sources"",
      ""label"": ""Evidence and traceability"",
      ""widget"": ""evidence-list"",
      ""dataType"": ""array"",
      ""colSpan"": 12,
      ""constraints"": {},
      ""items"": {
        ""type"": ""string""
      }
    }
  ],
  ""groups"": [
    {
      ""id"": ""d2-ai-result"",
      ""label"": ""AI-generated problem description"",
      ""fieldKeys"": [
        ""problem.complaintReference"",
        ""problem.statement"",
        ""problem.what"",
        ""problem.where"",
        ""problem.when"",
        ""problem.who"",
        ""problem.how"",
        ""problem.extent"",
        ""problem.is"",
        ""problem.isNot"",
        ""problem.isIsNotStatus"",
        ""problem.isIsNotBasis""
      ],
      ""width"": ""100"",
      ""columns"": 12,
      ""order"": 10
    }
  ]
}";;;"1";"Approved";"AI Lead / Quality Manager";"2026-09-22 14:25:18";;;"Completed"
"4123f80e-1e02-4cc7-aa28-27f927c6d23e";"2026-09-21T16:08:26.185Z";"anonymous";"2026-09-21T16:08:26.185Z";"anonymous";"476b5788-3dac-47be-bc5c-3d0943ed377d";"D3";"3";"D3 — Containment Actions";"Containment actions established.";"Containment actions established.";;;;;"{""containment"":{""actions"":[{""lineNo"":1,""actionType"":""Containment"",""actionText"":""Block remaining stock from batch B-50231 and 100% helium leak test all P90 housings before dispatch"",""status"":""Done""},{""lineNo"":2,""actionType"":""Containment"",""actionText"":""Notify customer plant Valencia and sort 46 units already delivered"",""status"":""Done""}]}}";"{
  ""fields"": [
    {
      ""key"": ""containment.actions"",
      ""label"": ""Containment actions"",
      ""widget"": ""action-cards"",
      ""dataType"": ""array"",
      ""colSpan"": 12,
      ""constraints"": {
        ""required"": true,
        ""minItems"": 1
      },
      ""items"": {
        ""type"": ""object"",
        ""properties"": {
          ""action"": {
            ""type"": ""string"",
            ""description"": ""Short concise action description without boilerplate prefix. Start with the imperative verb naming the PRIMARY work, e.g. \""Quarantine 85 housings at the outgoing dock\"".""
          },
          ""owner"": {
            ""type"": ""string"",
            ""maxLength"": 120,
            ""description"": ""The team member from D1 (team.roster or team.leader/members) assigned to this containment action, selected by matching their role/responsibility to the work required. E.g. \""Karl Wagner\"" or \""DungTruonghyhy\"".""
          },
          ""status"": {
            ""type"": ""string"",
            ""enum"": [
              ""Planned"",
              ""In Process"",
              ""Done"",
              ""Verified""
            ]
          }
        }
      }
    },
    {
      ""key"": ""containment.gaps"",
      ""label"": ""Open containment gaps"",
      ""widget"": ""warning-list"",
      ""dataType"": ""array"",
      ""colSpan"": 12,
      ""constraints"": {},
      ""items"": {
        ""type"": ""string""
      }
    },
    {
      ""key"": ""sources"",
      ""label"": ""Evidence and traceability"",
      ""widget"": ""evidence-list"",
      ""dataType"": ""array"",
      ""colSpan"": 12,
      ""constraints"": {},
      ""items"": {
        ""type"": ""string""
      }
    }
  ],
  ""groups"": [
    {
      ""id"": ""d3-ai-result"",
      ""label"": ""Containment plan"",
      ""fieldKeys"": [
        ""containment.actions"",
        ""containment.gaps"",
        ""sources""
      ],
      ""width"": ""100"",
      ""columns"": 12,
      ""order"": 10
    }
  ]
}";;;"1";"Approved";"AI Lead / Quality Manager";"2026-09-22 14:25:18";;;"Completed"
"fe89a6ac-7dd9-4932-b528-d268ebd8a6a2";"2026-09-21T16:08:26.185Z";"anonymous";"2026-09-21T16:08:26.185Z";"anonymous";"476b5788-3dac-47be-bc5c-3d0943ed377d";"D4";"4";"D4 — Root Cause Analysis";"Root cause identified as Material.";"Root cause identified as Material.";;;;;"{""rootCause"":{""category"":""Material"",""whyChain"":[],""ishikawa"":[{""category"":""Man"",""description"":""EMP-1187, Shift A - casting operator, no deviation logged"",""metricValue"":null,""isRootCause"":false,""source"":""ASSUMED: MES/HR""},{""category"":""Machine"",""description"":""EQ-CAST03-001, die temperature within band all shift"",""metricValue"":""681C avg"",""isRootCause"":false,""source"":""SAP: EQUI/AFIH (PM)""},{""category"":""Method"",""description"":""DOC-3308 Rev D - die casting parameter sheet, unchanged"",""metricValue"":null,""isRootCause"":false,""source"":""SAP: DRAW/PLPO (DMS+Routing)""},{""category"":""Material"",""description"":""Ingot lot ING-77412 hydrogen content 0.38 ppm vs max 0.20 ppm - degassing certificate accepted without re-test"",""metricValue"":""0.38 ppm"",""isRootCause"":true,""source"":""SAP: QALS/QAMR (incoming)""},{""category"":""Measurement"",""description"":""GA-0091, last cal 2026-05-11, within interval"",""metricValue"":""2.8% (illustrative)"",""isRootCause"":false,""source"":""SAP: Test Equipment Mgmt""},{""category"":""Environment"",""description"":""24.5C / 58% RH at 14:20 (illustrative)"",""metricValue"":null,""isRootCause"":false,""source"":""ASSUMED: MES/IoT""}]}}";"{
  ""fields"": [
    {
      ""key"": ""rootCause.statement"",
      ""label"": ""Root cause"",
      ""widget"": ""ai-draft"",
      ""dataType"": ""string"",
      ""colSpan"": 12,
      ""constraints"": {
        ""required"": true,
        ""minLength"": 10,
        ""maxLength"": 320
      }
    },
    {
      ""key"": ""rootCause.ishikawaBoard"",
      ""label"": ""Ishikawa"",
      ""widget"": ""ishikawa-grid"",
      ""dataType"": ""array"",
      ""colSpan"": 12,
      ""constraints"": {
        ""required"": true,
        ""minItems"": 6
      },
      ""description"": ""Always one row per 6M category with a concise 1-sentence verdict. Copy a recorded assessment verbatim with source=recorded; for a category with no recorded entry propose a brief verdict from evidence with source=proposed, or write \""not assessed\"". Never write audit plans or long essays in cells."",
      ""items"": {
        ""type"": ""object"",
        ""properties"": {
          ""category"": {
            ""type"": ""string"",
            ""enum"": [
              ""Man"",
              ""Machine"",
              ""Method"",
              ""Material"",
              ""Measurement"",
              ""Environment""
            ]
          },
          ""finding"": {
            ""type"": ""string"",
            ""maxLength"": 220,
            ""description"": ""The concise VERDICT for this branch, e.g. clamp pad worn 0.2 mm, or gauge R&R 8%, or not assessed. Never a list of evidence to gather - that goes in evidenceGaps once. Never the category name.""
          },
          ""isRootCause"": {
            ""type"": ""boolean"",
            ""description"": ""True for at most ONE branch in the whole board.""
          },
          ""source"": {
            ""type"": ""string"",
            ""enum"": [
              ""recorded"",
              ""proposed""
            ]
          }
        },
        ""required"": [
          ""category"",
          ""finding"",
          ""isRootCause"",
          ""source""
        ]
      }
    },
    {
      ""key"": ""rootCause.fiveWhy"",
      ""label"": ""5-Why chain"",
      ""widget"": ""why-chain"",
      ""dataType"": ""array"",
      ""colSpan"": 12,
      ""constraints"": {
        ""required"": true,
        ""minItems"": 1
      },
      ""items"": {
        ""type"": ""object"",
        ""properties"": {
          ""step"": {
            ""type"": ""integer"",
            ""description"": ""Position in the chain, starting at 1.""
          },
          ""why"": {
            ""type"": ""string"",
            ""maxLength"": 140,
            ""description"": ""The question only, ending in a question mark. Keep it short and crisp.""
          },
          ""answer"": {
            ""type"": ""string"",
            ""maxLength"": 200,
            ""description"": ""The answer only: 1 concise direct sentence naming the cause. Never repeat the question, never list audit procedures or evidence still to be gathered.""
          },
          ""evidence"": {
            ""type"": ""string"",
            ""maxLength"": 200,
            ""description"": ""The CaseContext path or measurement backing the answer. Concise citation only.""
          }
        },
        ""required"": [
          ""step"",
          ""why"",
          ""answer"",
          ""evidence""
        ]
      }
    },
    {
      ""key"": ""rootCause.evidenceGaps"",
      ""label"": ""Evidence gaps"",
      ""widget"": ""warning-list"",
      ""dataType"": ""array"",
      ""colSpan"": 12,
      ""constraints"": {},
      ""items"": {
        ""type"": ""string""
      }
    },
    {
      ""key"": ""sources"",
      ""label"": ""Evidence and traceability"",
      ""widget"": ""evidence-list"",
      ""dataType"": ""array"",
      ""colSpan"": 12,
      ""constraints"": {},
      ""items"": {
        ""type"": ""string""
      }
    }
  ],
  ""groups"": [
    {
      ""id"": ""d4-ai-result"",
      ""label"": ""Root cause analysis"",
      ""fieldKeys"": [
        ""rootCause.statement"",
        ""rootCause.ishikawaBoard"",
        ""rootCause.fiveWhy"",
        ""rootCause.evidenceGaps"",
        ""sources""
      ],
      ""width"": ""100"",
      ""columns"": 12,
      ""order"": 10
    }
  ]
}";;;"1";"Approved";"AI Lead / Quality Manager";"2026-09-22 14:25:18";;;"Completed"
"4fc1ba92-cae6-49a7-907b-ac165e084897";"2026-09-21T16:08:26.185Z";"anonymous";"2026-09-21T16:08:26.185Z";"anonymous";"476b5788-3dac-47be-bc5c-3d0943ed377d";"D5";"5";"D5 — Corrective Actions";"Permanent corrective actions defined.";"Permanent corrective actions defined.";;;;;"{""corrective"":{""actions"":[{""lineNo"":3,""actionType"":""Corrective"",""actionText"":""Reject and return ingot lot ING-77412 to supplier; release replacement lot ING-77455 after hydrogen re-test"",""status"":""Verified""}]}}";"{
  ""fields"": [
    {
      ""key"": ""corrective.actions"",
      ""label"": ""Permanent corrective actions"",
      ""widget"": ""action-cards"",
      ""dataType"": ""array"",
      ""colSpan"": 12,
      ""constraints"": {
        ""required"": true,
        ""minItems"": 1
      },
      ""items"": {
        ""type"": ""object"",
        ""properties"": {
          ""action"": {
            ""type"": ""string"",
            ""maxLength"": 240,
            ""description"": ""The action and its trigger, starting with the imperative verb that names the PRIMARY work. No owner, no status, no rationale - those are separate fields.""
          },
          ""owner"": {
            ""type"": ""string"",
            ""maxLength"": 120,
            ""description"": ""The team member from D1 (team.roster or team.leader/members) assigned to this corrective action, selected by matching their role/responsibility to the root cause fix. E.g. \""Karl Wagner\"" or \""Minh Dinh\"".""
          },
          ""status"": {
            ""type"": ""string"",
            ""maxLength"": 40,
            ""description"": ""ONLY the current status, one or two words, e.g. \""Planned\"", \""In progress\"", \""Done\"".""
          },
          ""origin"": {
            ""type"": ""string"",
            ""maxLength"": 60,
            ""description"": ""ONLY where it came from: \""recorded\"" for an action already in the case, or \""precedents#N\"" for a proposal.""
          },
          ""protection"": {
            ""type"": ""string"",
            ""maxLength"": 200,
            ""description"": ""One line.""
          }
        }
      }
    },
    {
      ""key"": ""sources"",
      ""label"": ""Evidence and traceability"",
      ""widget"": ""evidence-list"",
      ""dataType"": ""array"",
      ""colSpan"": 12,
      ""constraints"": {},
      ""items"": {
        ""type"": ""string""
      }
    }
  ],
  ""groups"": [
    {
      ""id"": ""d5-ai-result"",
      ""label"": ""AI-generated corrective plan"",
      ""fieldKeys"": [
        ""corrective.actions""
      ],
      ""width"": ""100"",
      ""columns"": 12,
      ""order"": 10
    }
  ]
}";;;"1";"Approved";"AI Lead / Quality Manager";"2026-09-22 14:25:18";;;"Completed"
"ead6091b-5704-4b69-ac10-00499805097a";"2026-09-21T16:08:26.185Z";"anonymous";"2026-09-21T16:08:26.185Z";"anonymous";"476b5788-3dac-47be-bc5c-3d0943ed377d";"D6";"6";"D6 — Verification of Effectiveness";"Verification plan executed.";"Verification plan executed.";;;;;"{""verification"":{""status"":""Verified"",""notes"":""Corrective actions verified on line.""}}";"{
  ""fields"": [
    {
      ""key"": ""verification.objective"",
      ""label"": ""Verification objective"",
      ""widget"": ""callout"",
      ""dataType"": ""string"",
      ""colSpan"": 12,
      ""constraints"": {
        ""required"": true,
        ""maxLength"": 260
      }
    },
    {
      ""key"": ""verification.plan"",
      ""label"": ""Verification plan"",
      ""widget"": ""table"",
      ""dataType"": ""array"",
      ""colSpan"": 12,
      ""constraints"": {
        ""required"": true,
        ""minItems"": 1
      },
      ""items"": {
        ""type"": ""object"",
        ""properties"": {
          ""measure"": {
            ""type"": ""string"",
            ""maxLength"": 200,
            ""description"": ""One line.""
          },
          ""sampleSize"": {
            ""type"": ""string"",
            ""maxLength"": 80,
            ""description"": ""ONLY the sample size, e.g. \""30 parts per shift\"".""
          },
          ""period"": {
            ""type"": ""string"",
            ""maxLength"": 60,
            ""description"": ""ONLY the period over which it runs, e.g. \""4 weeks\"".""
          },
          ""acceptanceCriterion"": {
            ""type"": ""string"",
            ""maxLength"": 220,
            ""description"": ""The pass/fail threshold with its number, anchored to a real specification value.""
          },
          ""signOff"": {
            ""type"": ""string"",
            ""maxLength"": 120,
            ""description"": ""ONLY the role that signs it off.""
          }
        }
      }
    },
    {
      ""key"": ""verification.evidenceStatus"",
      ""label"": ""Evidence status"",
      ""widget"": ""status"",
      ""dataType"": ""string"",
      ""colSpan"": 4,
      ""constraints"": {
        ""required"": true,
        ""enum"": [
          ""No evidence yet"",
          ""Partially verified"",
          ""Verified""
        ]
      }
    },
    {
      ""key"": ""sources"",
      ""label"": ""Evidence and traceability"",
      ""widget"": ""evidence-list"",
      ""dataType"": ""array"",
      ""colSpan"": 12,
      ""constraints"": {},
      ""items"": {
        ""type"": ""string""
      }
    }
  ],
  ""groups"": [
    {
      ""id"": ""d6-ai-result"",
      ""label"": ""AI-generated verification plan"",
      ""fieldKeys"": [
        ""verification.objective"",
        ""verification.plan""
      ],
      ""width"": ""100"",
      ""columns"": 12,
      ""order"": 10
    }
  ]
}";;;"1";"Approved";"AI Lead / Quality Manager";"2026-09-22 14:25:18";;;"Completed"
"5bfbe859-d05e-4460-94a5-a01344cf99b1";"2026-09-21T16:08:26.185Z";"anonymous";"2026-09-21T16:08:26.185Z";"anonymous";"476b5788-3dac-47be-bc5c-3d0943ed377d";"D7";"7";"D7 — Preventive Actions";"Preventive measures implemented.";"Preventive measures implemented.";;;;;"{""preventive"":{""actions"":[{""lineNo"":4,""actionType"":""Preventive"",""actionText"":""Add mandatory hydrogen content re-test to the incoming inspection plan for all aluminium ingot lots, independent of supplier certificate"",""status"":""Verified in production""}]}}";"{
  ""fields"": [
    {
      ""key"": ""preventive.actions"",
      ""label"": ""Preventive actions"",
      ""widget"": ""action-cards"",
      ""dataType"": ""array"",
      ""colSpan"": 12,
      ""constraints"": {
        ""required"": true,
        ""minItems"": 1
      },
      ""items"": {
        ""type"": ""object"",
        ""properties"": {
          ""action"": {
            ""type"": ""string"",
            ""maxLength"": 240,
            ""description"": ""The action and its trigger, starting with the imperative verb that names the PRIMARY work. No owner, no status, no rationale - those are separate fields.""
          },
          ""owner"": {
            ""type"": ""string"",
            ""maxLength"": 120,
            ""description"": ""The team member from D1 (team.roster or team.leader/members) assigned to this preventive action, selected by matching their role/responsibility to the systemic/FMEA fix. E.g. \""Minh Dinh\"" or \""DungTruonghyhy\"".""
          },
          ""status"": {
            ""type"": ""string"",
            ""maxLength"": 40,
            ""description"": ""ONLY the current status, one or two words, e.g. \""Planned\"", \""In progress\"", \""Done\"".""
          },
          ""origin"": {
            ""type"": ""string"",
            ""maxLength"": 60,
            ""description"": ""ONLY where it came from: \""recorded\"" for an action already in the case, or \""precedents#N\"" for a proposal.""
          },
          ""protection"": {
            ""type"": ""string"",
            ""maxLength"": 200,
            ""description"": ""One line.""
          }
        }
      }
    },
    {
      ""key"": ""preventive.fmea"",
      ""label"": ""FMEA entry to update"",
      ""widget"": ""fmea-link"",
      ""dataType"": ""object"",
      ""colSpan"": 12,
      ""constraints"": {},
      ""properties"": {
        ""fmeaId"": {
          ""type"": ""string""
        },
        ""description"": {
          ""type"": ""string""
        },
        ""change"": {
          ""type"": ""string""
        },
        ""currentRating"": {
          ""type"": ""string""
        },
        ""proposedRating"": {
          ""type"": ""string""
        }
      }
    },
    {
      ""key"": ""sources"",
      ""label"": ""Evidence and traceability"",
      ""widget"": ""evidence-list"",
      ""dataType"": ""array"",
      ""colSpan"": 12,
      ""constraints"": {},
      ""items"": {
        ""type"": ""string""
      }
    }
  ],
  ""groups"": [
    {
      ""id"": ""d7-ai-result"",
      ""label"": ""AI-generated preventive plan"",
      ""fieldKeys"": [
        ""preventive.actions"",
        ""preventive.fmea""
      ],
      ""width"": ""100"",
      ""columns"": 12,
      ""order"": 10
    }
  ]
}";;;"1";"Approved";"AI Lead / Quality Manager";"2026-09-22 14:25:18";;;"Completed"
"96ba71a9-c00a-43e0-b715-0941a38bb762";"2026-09-21T16:08:26.185Z";"anonymous";"2026-09-21T16:08:26.185Z";"anonymous";"476b5788-3dac-47be-bc5c-3d0943ed377d";"D8";"8";"D8 — Closure & Team Recognition";"8D report closed.";"8D report closed.";;;;;"{""closure"":{""gate"":{""status"":""Closed"",""readyForClosure"":true}}}";"{
  ""fields"": [
    {
      ""key"": ""closure.gate"",
      ""label"": ""Closure readiness"",
      ""widget"": ""closure-gate"",
      ""dataType"": ""object"",
      ""colSpan"": 12,
      ""constraints"": {},
      ""xSource"": ""manual_input"",
      ""description"": ""Computed from the review status of D1-D7. The AI never writes this."",
      ""properties"": {}
    },
    {
      ""key"": ""closure.costOfPoorQuality"",
      ""label"": ""Cost of poor quality"",
      ""widget"": ""text"",
      ""dataType"": ""string"",
      ""colSpan"": 4,
      ""constraints"": {},
      ""xSource"": ""sap_qm"",
      ""description"": ""Read from the case. The AI never writes this.""
    },
    {
      ""key"": ""closure.lessonsWhatWorked"",
      ""label"": ""What worked"",
      ""widget"": ""markdown"",
      ""dataType"": ""string"",
      ""colSpan"": 6,
      ""constraints"": {
        ""required"": true,
        ""minLength"": 20
      }
    },
    {
      ""key"": ""closure.lessonsWhatDidNot"",
      ""label"": ""What did not"",
      ""widget"": ""markdown"",
      ""dataType"": ""string"",
      ""colSpan"": 6,
      ""constraints"": {
        ""required"": true,
        ""minLength"": 20
      }
    },
    {
      ""key"": ""closure.teamRecognition"",
      ""label"": ""Team recognition"",
      ""widget"": ""markdown"",
      ""dataType"": ""string"",
      ""colSpan"": 12,
      ""constraints"": {}
    },
    {
      ""key"": ""closure.openItems"",
      ""label"": ""Still open at closure"",
      ""widget"": ""warning-list"",
      ""dataType"": ""array"",
      ""colSpan"": 12,
      ""constraints"": {},
      ""items"": {
        ""type"": ""string""
      }
    },
    {
      ""key"": ""sources"",
      ""label"": ""Evidence and traceability"",
      ""widget"": ""evidence-list"",
      ""dataType"": ""array"",
      ""colSpan"": 12,
      ""constraints"": {},
      ""items"": {
        ""type"": ""string""
      }
    }
  ],
  ""groups"": [
    {
      ""id"": ""d8-ai-result"",
      ""label"": ""AI-generated closure summary"",
      ""fieldKeys"": [
        ""closure.gate"",
        ""closure.costOfPoorQuality"",
        ""closure.lessonsWhatWorked"",
        ""closure.lessonsWhatDidNot"",
        ""closure.teamRecognition""
      ],
      ""width"": ""100"",
      ""columns"": 12,
      ""order"": 10
    }
  ]
}";;;"1";"Approved";"AI Lead / Quality Manager";"2026-09-22 14:25:18";;;"Completed"
"456d253d-d959-468d-8b09-691eb4b3ad23";"2026-09-21T16:08:26.190Z";"anonymous";"2026-09-21T16:08:26.190Z";"anonymous";"c400b691-d8b7-43af-8c24-c1402fbf242e";"D1";"1";"D1 — Team Roster";"Formed cross-functional 8D team.";"Formed cross-functional 8D team.";;;;;"{""team"":{""roster"":[{""name"":""Minh Dinh"",""organizationalRole"":""Production Engineer"",""assigned8DRole"":""8D Team Member"",""caseResponsibility"":""Production Engineer""},{""name"":""Ingo Braun"",""organizationalRole"":""Manufacturing Engineer"",""assigned8DRole"":""8D Team Member"",""caseResponsibility"":""Manufacturing Engineer""},{""name"":""Petra Vogel"",""organizationalRole"":""Document Control Officer"",""assigned8DRole"":""8D Team Member"",""caseResponsibility"":""Document Control Officer""}],""assignedRoster"":[{""partnerId"":""100011"",""partnerRole"":""8D Team Leader""},{""partnerId"":""100012"",""partnerRole"":""8D Team Member""},{""partnerId"":""100045"",""partnerRole"":""8D Team Member""},{""partnerId"":""100052"",""partnerRole"":""8D Team Member""}]}}";"{
  ""fields"": [
    {
      ""key"": ""team.objective"",
      ""label"": ""Team objective"",
      ""widget"": ""callout"",
      ""dataType"": ""string"",
      ""colSpan"": 12,
      ""constraints"": {
        ""required"": true,
        ""minLength"": 20,
        ""maxLength"": 260
      }
    },
    {
      ""key"": ""team.selectionMethod"",
      ""label"": ""Selection method"",
      ""widget"": ""status"",
      ""dataType"": ""string"",
      ""colSpan"": 4,
      ""constraints"": {
        ""required"": true,
        ""enum"": [
          ""Current case team"",
          ""Precedent recommendation"",
          ""Hybrid"",
          ""Roles only - assignment required""
        ]
      }
    },
    {
      ""key"": ""team.problemCapabilities"",
      ""label"": ""Capabilities required by this problem"",
      ""widget"": ""tag-selector"",
      ""dataType"": ""array"",
      ""colSpan"": 8,
      ""constraints"": {
        ""required"": true,
        ""minItems"": 1
      },
      ""items"": {
        ""type"": ""string""
      }
    },
    {
      ""key"": ""team.selectionRationale"",
      ""label"": ""How the team was selected"",
      ""widget"": ""markdown"",
      ""dataType"": ""string"",
      ""colSpan"": 12,
      ""constraints"": {
        ""required"": true,
        ""minLength"": 60,
        ""maxLength"": 1600
      }
    },
    {
      ""key"": ""team.roster"",
      ""label"": ""AI suggest"",
      ""widget"": ""ai-suggest"",
      ""dataType"": ""array"",
      ""colSpan"": 12,
      ""constraints"": {
        ""required"": true,
        ""minItems"": 1
      },
      ""items"": {
        ""type"": ""object"",
        ""properties"": {
          ""name"": {
            ""type"": ""string"",
            ""maxLength"": 120,
            ""description"": ""ONLY the person name, or \""Unassigned\"". No role, no reasoning.""
          },
          ""organizationalRole"": {
            ""type"": ""string"",
            ""maxLength"": 120,
            ""description"": ""ONLY their job title in the organisation, e.g. \""Quality Engineer\"".""
          },
          ""assigned8DRole"": {
            ""type"": ""string"",
            ""maxLength"": 60,
            ""description"": ""ONLY their role in THIS 8D, e.g. \""Team Leader\"" or \""Team Member\"".""
          },
          ""caseResponsibility"": {
            ""type"": ""string"",
            ""maxLength"": 200,
            ""description"": ""What this person is accountable for here. Never a job title.""
          },
          ""selectionReason"": {
            ""type"": ""string"",
            ""maxLength"": 220,
            ""description"": ""Why this person, in one line. Do not repeat the name or the role.""
          },
          ""servedOnCount"": {
            ""type"": ""integer"",
            ""description"": ""How many qualifying precedent cases this person served on. Rank the roster by this value, descending.""
          },
          ""sourceType"": {
            ""type"": ""string"",
            ""enum"": [
              ""current_case"",
              ""precedent"",
              ""unassigned""
            ]
          },
          ""sourcePath"": {
            ""type"": ""string"",
            ""maxLength"": 80,
            ""description"": ""ONLY the resolvable path: team.leader, team.members#N, precedents#N.team#M, or team.gaps.""
          },
          ""sourceCase"": {
            ""type"": ""string"",
            ""maxLength"": 60,
            ""description"": ""ONLY the precedent notification id, when the person came from a precedent.""
          }
        },
        ""required"": [
          ""name"",
          ""organizationalRole"",
          ""assigned8DRole"",
          ""caseResponsibility"",
          ""selectionReason"",
          ""sourceType"",
          ""sourcePath""
        ]
      }
    },
    {
      ""key"": ""team.assignedRoster"",
      ""label"": ""Decision table"",
      ""widget"": ""decision-table"",
      ""dataType"": ""array"",
      ""colSpan"": 12,
      ""constraints"": {},
      ""xSource"": ""manual_input"",
      ""description"": ""Filled in by the quality engineer on the report screen. The AI never writes this."",
      ""items"": {
        ""type"": ""object"",
        ""properties"": {
          ""partnerId"": {
            ""type"": ""string""
          },
          ""partnerName"": {
            ""type"": ""string""
          },
          ""functionTitle"": {
            ""type"": ""string""
          },
          ""partnerRole"": {
            ""type"": ""string"",
            ""enum"": [
              ""8D Team Leader"",
              ""8D Team Member""
            ]
          }
        }
      }
    },
    {
      ""key"": ""team.readinessStatus"",
      ""label"": ""Team readiness"",
      ""widget"": ""status"",
      ""dataType"": ""string"",
      ""colSpan"": 3,
      ""constraints"": {
        ""required"": true,
        ""enum"": [
          ""Ready"",
          ""Partial"",
          ""Needs assignment""
        ]
      }
    },
    {
      ""key"": ""team.readinessRationale"",
      ""label"": ""Readiness assessment"",
      ""widget"": ""markdown"",
      ""dataType"": ""string"",
      ""colSpan"": 9,
      ""constraints"": {
        ""required"": true,
        ""minLength"": 30,
        ""maxLength"": 500
      }
    },
    {
      ""key"": ""team.uncoveredCapabilities"",
      ""label"": ""Uncovered capabilities"",
      ""widget"": ""warning-list"",
      ""dataType"": ""array"",
      ""colSpan"": 6,
      ""constraints"": {},
      ""items"": {
        ""type"": ""string""
      }
    },
    {
      ""key"": ""team.sourceSummary"",
      ""label"": ""Where the team recommendation came from"",
      ""widget"": ""markdown"",
      ""dataType"": ""string"",
      ""colSpan"": 6,
      ""constraints"": {
        ""required"": true,
        ""minLength"": 30,
        ""maxLength"": 500
      }
    },
    {
      ""key"": ""team.suggestionStatus"",
      ""label"": ""Suggestion status"",
      ""widget"": ""callout"",
      ""dataType"": ""string"",
      ""colSpan"": 12,
      ""constraints"": {}
    },
    {
      ""key"": ""sources"",
      ""label"": ""Source records"",
      ""widget"": ""evidence-list"",
      ""dataType"": ""array"",
      ""colSpan"": 12,
      ""constraints"": {
        ""pattern"": ""^(team\\.|precedents#)""
      },
      ""items"": {
        ""type"": ""string""
      }
    }
  ],
  ""groups"": [
    {
      ""id"": ""d1-decision-table"",
      ""label"": ""Decision Table"",
      ""fieldKeys"": [
        ""team.assignedRoster"",
        ""team.suggestionStatus""
      ],
      ""width"": ""100"",
      ""columns"": 12,
      ""order"": 10
    }
  ]
}";;;"1";"Approved";"AI Lead / Quality Manager";"2026-09-22 14:25:18";;;"Completed"
"f3fc034e-8729-49ba-bb7b-7d85c8a06dc2";"2026-09-21T16:08:26.190Z";"anonymous";"2026-09-21T16:08:26.190Z";"anonymous";"c400b691-d8b7-43af-8c24-c1402fbf242e";"D2";"2";"D2 — Problem Description";"Shaft outer diameter below lower tolerance after turning";"Shaft outer diameter below lower tolerance after turning";;;;;"{""problem"":{""statement"":""Shaft outer diameter below lower tolerance after turning"",""isIsNot"":{""is"":""S150 outer diameter - WC-TURN-02 - all parts turned after the 2026-04 fixture change"",""isNot"":""S120 / S180 variants - WC-TURN-01 and WC-TURN-04 - fixtures unchanged, offsets still valid"",""notes"":""Defect starts exactly at the fixture change date, not at a tool or batch change""},""w2h"":{}}}";"{
  ""fields"": [
    {
      ""key"": ""problem.complaintReference"",
      ""label"": ""Complaint reference"",
      ""widget"": ""complaint-reference"",
      ""dataType"": ""string"",
      ""colSpan"": 12,
      ""constraints"": {},
      ""xSource"": ""sap_qm"",
      ""description"": ""Read from the SAP QM customer reference on the case. The AI never writes this.""
    },
    {
      ""key"": ""problem.statement"",
      ""label"": ""Problem statement"",
      ""widget"": ""problem-statement"",
      ""dataType"": ""string"",
      ""colSpan"": 12,
      ""constraints"": {
        ""required"": true,
        ""minLength"": 30,
        ""maxLength"": 600
      }
    },
    {
      ""key"": ""problem.statementOverride"",
      ""label"": ""Problem statement (edited)"",
      ""widget"": ""text"",
      ""dataType"": ""string"",
      ""colSpan"": 12,
      ""constraints"": {},
      ""xSource"": ""manual_input"",
      ""description"": ""Edited by the quality engineer on the report screen. The AI never writes this.""
    },
    {
      ""key"": ""problem.what"",
      ""label"": ""What"",
      ""widget"": ""w2h-cell"",
      ""dataType"": ""string"",
      ""colSpan"": 4,
      ""constraints"": {
        ""required"": true
      }
    },
    {
      ""key"": ""problem.where"",
      ""label"": ""Where"",
      ""widget"": ""w2h-cell"",
      ""dataType"": ""string"",
      ""colSpan"": 4,
      ""constraints"": {
        ""required"": true
      }
    },
    {
      ""key"": ""problem.when"",
      ""label"": ""When"",
      ""widget"": ""w2h-cell"",
      ""dataType"": ""string"",
      ""colSpan"": 4,
      ""constraints"": {}
    },
    {
      ""key"": ""problem.who"",
      ""label"": ""Who"",
      ""widget"": ""w2h-cell"",
      ""dataType"": ""string"",
      ""colSpan"": 4,
      ""constraints"": {}
    },
    {
      ""key"": ""problem.how"",
      ""label"": ""How"",
      ""widget"": ""w2h-cell"",
      ""dataType"": ""string"",
      ""colSpan"": 4,
      ""constraints"": {}
    },
    {
      ""key"": ""problem.extent"",
      ""label"": ""How Many"",
      ""widget"": ""w2h-cell"",
      ""dataType"": ""string"",
      ""colSpan"": 4,
      ""constraints"": {
        ""required"": true
      }
    },
    {
      ""key"": ""problem.impact"",
      ""label"": ""Business / customer impact"",
      ""widget"": ""text"",
      ""dataType"": ""string"",
      ""colSpan"": 12,
      ""constraints"": {}
    },
    {
      ""key"": ""problem.is"",
      ""label"": ""Is"",
      ""widget"": ""is-box"",
      ""dataType"": ""array"",
      ""colSpan"": 6,
      ""constraints"": {},
      ""items"": {
        ""type"": ""string""
      }
    },
    {
      ""key"": ""problem.isNot"",
      ""label"": ""Is not"",
      ""widget"": ""isnot-box"",
      ""dataType"": ""array"",
      ""colSpan"": 6,
      ""constraints"": {},
      ""items"": {
        ""type"": ""string""
      }
    },
    {
      ""key"": ""problem.isIsNotStatus"",
      ""label"": ""Is / Is-Not status"",
      ""widget"": ""callout"",
      ""dataType"": ""string"",
      ""colSpan"": 12,
      ""constraints"": {}
    },
    {
      ""key"": ""problem.isIsNotBasis"",
      ""label"": ""Is / Is-Not basis"",
      ""widget"": ""markdown"",
      ""dataType"": ""string"",
      ""colSpan"": 12,
      ""constraints"": {}
    },
    {
      ""key"": ""problem.measuredEvidence"",
      ""label"": ""Measured evidence"",
      ""widget"": ""table"",
      ""dataType"": ""array"",
      ""colSpan"": 12,
      ""constraints"": {},
      ""items"": {
        ""type"": ""object"",
        ""properties"": {
          ""characteristic"": {
            ""type"": ""string"",
            ""maxLength"": 120,
            ""description"": ""ONLY the characteristic name, e.g. \""Burr height\"". No value, no verdict.""
          },
          ""measured"": {
            ""type"": ""string"",
            ""maxLength"": 60,
            ""description"": ""ONLY the measured value with its unit, e.g. \""0.32 mm\"".""
          },
          ""specification"": {
            ""type"": ""string"",
            ""maxLength"": 60,
            ""description"": ""ONLY the specification limit with its unit, e.g. \""max 0.10 mm\"".""
          },
          ""assessment"": {
            ""type"": ""string"",
            ""maxLength"": 120,
            ""description"": ""ONLY the verdict, e.g. \""Out of tolerance\"" or \""Within spec\"". No restatement of the numbers.""
          }
        }
      }
    },
    {
      ""key"": ""problem.gaps"",
      ""label"": ""Missing facts"",
      ""widget"": ""warning-list"",
      ""dataType"": ""array"",
      ""colSpan"": 12,
      ""constraints"": {},
      ""items"": {
        ""type"": ""string""
      }
    },
    {
      ""key"": ""sources"",
      ""label"": ""Evidence and traceability"",
      ""widget"": ""evidence-list"",
      ""dataType"": ""array"",
      ""colSpan"": 12,
      ""constraints"": {},
      ""items"": {
        ""type"": ""string""
      }
    }
  ],
  ""groups"": [
    {
      ""id"": ""d2-ai-result"",
      ""label"": ""AI-generated problem description"",
      ""fieldKeys"": [
        ""problem.complaintReference"",
        ""problem.statement"",
        ""problem.what"",
        ""problem.where"",
        ""problem.when"",
        ""problem.who"",
        ""problem.how"",
        ""problem.extent"",
        ""problem.is"",
        ""problem.isNot"",
        ""problem.isIsNotStatus"",
        ""problem.isIsNotBasis""
      ],
      ""width"": ""100"",
      ""columns"": 12,
      ""order"": 10
    }
  ]
}";;;"1";"Approved";"AI Lead / Quality Manager";"2026-09-22 14:25:18";;;"Completed"
"233b86f3-05cd-4793-a470-7aaf9945b3f0";"2026-09-21T16:08:26.190Z";"anonymous";"2026-09-21T16:08:26.190Z";"anonymous";"c400b691-d8b7-43af-8c24-c1402fbf242e";"D3";"3";"D3 — Containment Actions";"Containment actions established.";"Containment actions established.";;;;;"{""containment"":{""actions"":[{""lineNo"":1,""actionType"":""Containment"",""actionText"":""Quarantine batch B-51044 and 100% gauge the outer diameter of all S150 shafts in WIP and finished stock"",""status"":""Done""}]}}";"{
  ""fields"": [
    {
      ""key"": ""containment.actions"",
      ""label"": ""Containment actions"",
      ""widget"": ""action-cards"",
      ""dataType"": ""array"",
      ""colSpan"": 12,
      ""constraints"": {
        ""required"": true,
        ""minItems"": 1
      },
      ""items"": {
        ""type"": ""object"",
        ""properties"": {
          ""action"": {
            ""type"": ""string"",
            ""description"": ""Short concise action description without boilerplate prefix. Start with the imperative verb naming the PRIMARY work, e.g. \""Quarantine 85 housings at the outgoing dock\"".""
          },
          ""owner"": {
            ""type"": ""string"",
            ""maxLength"": 120,
            ""description"": ""The team member from D1 (team.roster or team.leader/members) assigned to this containment action, selected by matching their role/responsibility to the work required. E.g. \""Karl Wagner\"" or \""DungTruonghyhy\"".""
          },
          ""status"": {
            ""type"": ""string"",
            ""enum"": [
              ""Planned"",
              ""In Process"",
              ""Done"",
              ""Verified""
            ]
          }
        }
      }
    },
    {
      ""key"": ""containment.gaps"",
      ""label"": ""Open containment gaps"",
      ""widget"": ""warning-list"",
      ""dataType"": ""array"",
      ""colSpan"": 12,
      ""constraints"": {},
      ""items"": {
        ""type"": ""string""
      }
    },
    {
      ""key"": ""sources"",
      ""label"": ""Evidence and traceability"",
      ""widget"": ""evidence-list"",
      ""dataType"": ""array"",
      ""colSpan"": 12,
      ""constraints"": {},
      ""items"": {
        ""type"": ""string""
      }
    }
  ],
  ""groups"": [
    {
      ""id"": ""d3-ai-result"",
      ""label"": ""Containment plan"",
      ""fieldKeys"": [
        ""containment.actions"",
        ""containment.gaps"",
        ""sources""
      ],
      ""width"": ""100"",
      ""columns"": 12,
      ""order"": 10
    }
  ]
}";;;"1";"Approved";"AI Lead / Quality Manager";"2026-09-22 14:25:18";;;"Completed"
"2adb5bdc-8a74-4983-8e5f-64a137d2e643";"2026-09-21T16:08:26.190Z";"anonymous";"2026-09-21T16:08:26.190Z";"anonymous";"c400b691-d8b7-43af-8c24-c1402fbf242e";"D4";"4";"D4 — Root Cause Analysis";"Root cause identified as Method.";"Root cause identified as Method.";;;;;"{""rootCause"":{""category"":""Method"",""whyChain"":[],""ishikawa"":[{""category"":""Man"",""description"":""EMP-2914, Shift B - ran the released program as written"",""metricValue"":null,""isRootCause"":false,""source"":""ASSUMED: MES/HR""},{""category"":""Machine"",""description"":""EQ-TURN02-004, spindle runout 4um, within the 10um limit"",""metricValue"":""4um"",""isRootCause"":false,""source"":""SAP: EQUI/AFIH (PM)""},{""category"":""Method"",""description"":""DOC-5120 Rev A - turning work instruction still carries the pre-2025 tool offset and was never revised after the fixture change in 2026-04"",""metricValue"":""offset delta 0.041mm"",""isRootCause"":true,""source"":""SAP: DRAW/PLPO (DMS+Routing)""},{""category"":""Material"",""description"":""Bar stock cert PASS, hardness 212 HB within band"",""metricValue"":""212 HB"",""isRootCause"":false,""source"":""SAP: QALS/QAMR (incoming)""},{""category"":""Measurement"",""description"":""GA-0058, last cal 2026-05-04, R&R 5.1%"",""metricValue"":""5.1%"",""isRootCause"":false,""source"":""SAP: Test Equipment Mgmt""},{""category"":""Environment"",""description"":""22.4C at 09:10 (illustrative)"",""metricValue"":null,""isRootCause"":false,""source"":""ASSUMED: MES/IoT""}]}}";"{
  ""fields"": [
    {
      ""key"": ""rootCause.statement"",
      ""label"": ""Root cause"",
      ""widget"": ""ai-draft"",
      ""dataType"": ""string"",
      ""colSpan"": 12,
      ""constraints"": {
        ""required"": true,
        ""minLength"": 10,
        ""maxLength"": 320
      }
    },
    {
      ""key"": ""rootCause.ishikawaBoard"",
      ""label"": ""Ishikawa"",
      ""widget"": ""ishikawa-grid"",
      ""dataType"": ""array"",
      ""colSpan"": 12,
      ""constraints"": {
        ""required"": true,
        ""minItems"": 6
      },
      ""description"": ""Always one row per 6M category with a concise 1-sentence verdict. Copy a recorded assessment verbatim with source=recorded; for a category with no recorded entry propose a brief verdict from evidence with source=proposed, or write \""not assessed\"". Never write audit plans or long essays in cells."",
      ""items"": {
        ""type"": ""object"",
        ""properties"": {
          ""category"": {
            ""type"": ""string"",
            ""enum"": [
              ""Man"",
              ""Machine"",
              ""Method"",
              ""Material"",
              ""Measurement"",
              ""Environment""
            ]
          },
          ""finding"": {
            ""type"": ""string"",
            ""maxLength"": 220,
            ""description"": ""The concise VERDICT for this branch, e.g. clamp pad worn 0.2 mm, or gauge R&R 8%, or not assessed. Never a list of evidence to gather - that goes in evidenceGaps once. Never the category name.""
          },
          ""isRootCause"": {
            ""type"": ""boolean"",
            ""description"": ""True for at most ONE branch in the whole board.""
          },
          ""source"": {
            ""type"": ""string"",
            ""enum"": [
              ""recorded"",
              ""proposed""
            ]
          }
        },
        ""required"": [
          ""category"",
          ""finding"",
          ""isRootCause"",
          ""source""
        ]
      }
    },
    {
      ""key"": ""rootCause.fiveWhy"",
      ""label"": ""5-Why chain"",
      ""widget"": ""why-chain"",
      ""dataType"": ""array"",
      ""colSpan"": 12,
      ""constraints"": {
        ""required"": true,
        ""minItems"": 1
      },
      ""items"": {
        ""type"": ""object"",
        ""properties"": {
          ""step"": {
            ""type"": ""integer"",
            ""description"": ""Position in the chain, starting at 1.""
          },
          ""why"": {
            ""type"": ""string"",
            ""maxLength"": 140,
            ""description"": ""The question only, ending in a question mark. Keep it short and crisp.""
          },
          ""answer"": {
            ""type"": ""string"",
            ""maxLength"": 200,
            ""description"": ""The answer only: 1 concise direct sentence naming the cause. Never repeat the question, never list audit procedures or evidence still to be gathered.""
          },
          ""evidence"": {
            ""type"": ""string"",
            ""maxLength"": 200,
            ""description"": ""The CaseContext path or measurement backing the answer. Concise citation only.""
          }
        },
        ""required"": [
          ""step"",
          ""why"",
          ""answer"",
          ""evidence""
        ]
      }
    },
    {
      ""key"": ""rootCause.evidenceGaps"",
      ""label"": ""Evidence gaps"",
      ""widget"": ""warning-list"",
      ""dataType"": ""array"",
      ""colSpan"": 12,
      ""constraints"": {},
      ""items"": {
        ""type"": ""string""
      }
    },
    {
      ""key"": ""sources"",
      ""label"": ""Evidence and traceability"",
      ""widget"": ""evidence-list"",
      ""dataType"": ""array"",
      ""colSpan"": 12,
      ""constraints"": {},
      ""items"": {
        ""type"": ""string""
      }
    }
  ],
  ""groups"": [
    {
      ""id"": ""d4-ai-result"",
      ""label"": ""Root cause analysis"",
      ""fieldKeys"": [
        ""rootCause.statement"",
        ""rootCause.ishikawaBoard"",
        ""rootCause.fiveWhy"",
        ""rootCause.evidenceGaps"",
        ""sources""
      ],
      ""width"": ""100"",
      ""columns"": 12,
      ""order"": 10
    }
  ]
}";;;"1";"Approved";"AI Lead / Quality Manager";"2026-09-22 14:25:18";;;"Completed"
"ffeacaeb-3c62-4486-ae79-e0e082fbf549";"2026-09-21T16:08:26.190Z";"anonymous";"2026-09-21T16:08:26.190Z";"anonymous";"c400b691-d8b7-43af-8c24-c1402fbf242e";"D5";"5";"D5 — Corrective Actions";"Permanent corrective actions defined.";"Permanent corrective actions defined.";;;;;"{""corrective"":{""actions"":[{""lineNo"":2,""actionType"":""Corrective"",""actionText"":""Correct the tool offset in the WC-TURN-02 turning program and re-release DOC-5120 as Rev B"",""status"":""Verified""},{""lineNo"":3,""actionType"":""Corrective"",""actionText"":""Rework 212 affected shafts to drawing or scrap where the diameter is unrecoverable"",""status"":""Done""}]}}";"{
  ""fields"": [
    {
      ""key"": ""corrective.actions"",
      ""label"": ""Permanent corrective actions"",
      ""widget"": ""action-cards"",
      ""dataType"": ""array"",
      ""colSpan"": 12,
      ""constraints"": {
        ""required"": true,
        ""minItems"": 1
      },
      ""items"": {
        ""type"": ""object"",
        ""properties"": {
          ""action"": {
            ""type"": ""string"",
            ""maxLength"": 240,
            ""description"": ""The action and its trigger, starting with the imperative verb that names the PRIMARY work. No owner, no status, no rationale - those are separate fields.""
          },
          ""owner"": {
            ""type"": ""string"",
            ""maxLength"": 120,
            ""description"": ""The team member from D1 (team.roster or team.leader/members) assigned to this corrective action, selected by matching their role/responsibility to the root cause fix. E.g. \""Karl Wagner\"" or \""Minh Dinh\"".""
          },
          ""status"": {
            ""type"": ""string"",
            ""maxLength"": 40,
            ""description"": ""ONLY the current status, one or two words, e.g. \""Planned\"", \""In progress\"", \""Done\"".""
          },
          ""origin"": {
            ""type"": ""string"",
            ""maxLength"": 60,
            ""description"": ""ONLY where it came from: \""recorded\"" for an action already in the case, or \""precedents#N\"" for a proposal.""
          },
          ""protection"": {
            ""type"": ""string"",
            ""maxLength"": 200,
            ""description"": ""One line.""
          }
        }
      }
    },
    {
      ""key"": ""sources"",
      ""label"": ""Evidence and traceability"",
      ""widget"": ""evidence-list"",
      ""dataType"": ""array"",
      ""colSpan"": 12,
      ""constraints"": {},
      ""items"": {
        ""type"": ""string""
      }
    }
  ],
  ""groups"": [
    {
      ""id"": ""d5-ai-result"",
      ""label"": ""AI-generated corrective plan"",
      ""fieldKeys"": [
        ""corrective.actions""
      ],
      ""width"": ""100"",
      ""columns"": 12,
      ""order"": 10
    }
  ]
}";;;"1";"Approved";"AI Lead / Quality Manager";"2026-09-22 14:25:18";;;"Completed"
"921a8cc3-a6ca-418c-b941-4d65c0193def";"2026-09-21T16:08:26.190Z";"anonymous";"2026-09-21T16:08:26.190Z";"anonymous";"c400b691-d8b7-43af-8c24-c1402fbf242e";"D6";"6";"D6 — Verification of Effectiveness";"Verification plan executed.";"Verification plan executed.";;;;;"{""verification"":{""status"":""Verified"",""notes"":""Corrective actions verified on line.""}}";"{
  ""fields"": [
    {
      ""key"": ""verification.objective"",
      ""label"": ""Verification objective"",
      ""widget"": ""callout"",
      ""dataType"": ""string"",
      ""colSpan"": 12,
      ""constraints"": {
        ""required"": true,
        ""maxLength"": 260
      }
    },
    {
      ""key"": ""verification.plan"",
      ""label"": ""Verification plan"",
      ""widget"": ""table"",
      ""dataType"": ""array"",
      ""colSpan"": 12,
      ""constraints"": {
        ""required"": true,
        ""minItems"": 1
      },
      ""items"": {
        ""type"": ""object"",
        ""properties"": {
          ""measure"": {
            ""type"": ""string"",
            ""maxLength"": 200,
            ""description"": ""One line.""
          },
          ""sampleSize"": {
            ""type"": ""string"",
            ""maxLength"": 80,
            ""description"": ""ONLY the sample size, e.g. \""30 parts per shift\"".""
          },
          ""period"": {
            ""type"": ""string"",
            ""maxLength"": 60,
            ""description"": ""ONLY the period over which it runs, e.g. \""4 weeks\"".""
          },
          ""acceptanceCriterion"": {
            ""type"": ""string"",
            ""maxLength"": 220,
            ""description"": ""The pass/fail threshold with its number, anchored to a real specification value.""
          },
          ""signOff"": {
            ""type"": ""string"",
            ""maxLength"": 120,
            ""description"": ""ONLY the role that signs it off.""
          }
        }
      }
    },
    {
      ""key"": ""verification.evidenceStatus"",
      ""label"": ""Evidence status"",
      ""widget"": ""status"",
      ""dataType"": ""string"",
      ""colSpan"": 4,
      ""constraints"": {
        ""required"": true,
        ""enum"": [
          ""No evidence yet"",
          ""Partially verified"",
          ""Verified""
        ]
      }
    },
    {
      ""key"": ""sources"",
      ""label"": ""Evidence and traceability"",
      ""widget"": ""evidence-list"",
      ""dataType"": ""array"",
      ""colSpan"": 12,
      ""constraints"": {},
      ""items"": {
        ""type"": ""string""
      }
    }
  ],
  ""groups"": [
    {
      ""id"": ""d6-ai-result"",
      ""label"": ""AI-generated verification plan"",
      ""fieldKeys"": [
        ""verification.objective"",
        ""verification.plan""
      ],
      ""width"": ""100"",
      ""columns"": 12,
      ""order"": 10
    }
  ]
}";;;"1";"Approved";"AI Lead / Quality Manager";"2026-09-22 14:25:18";;;"Completed"
"3753ec1d-e307-452b-af57-b4c1a9a72bf0";"2026-09-21T16:08:26.190Z";"anonymous";"2026-09-21T16:08:26.190Z";"anonymous";"c400b691-d8b7-43af-8c24-c1402fbf242e";"D7";"7";"D7 — Preventive Actions";"Preventive measures implemented.";"Preventive measures implemented.";;;;;"{""preventive"":{""actions"":[{""lineNo"":4,""actionType"":""Preventive"",""actionText"":""Extend the engineering change checklist so any fixture change forces a review of every linked work instruction before release"",""status"":""Verified in production""}]}}";"{
  ""fields"": [
    {
      ""key"": ""preventive.actions"",
      ""label"": ""Preventive actions"",
      ""widget"": ""action-cards"",
      ""dataType"": ""array"",
      ""colSpan"": 12,
      ""constraints"": {
        ""required"": true,
        ""minItems"": 1
      },
      ""items"": {
        ""type"": ""object"",
        ""properties"": {
          ""action"": {
            ""type"": ""string"",
            ""maxLength"": 240,
            ""description"": ""The action and its trigger, starting with the imperative verb that names the PRIMARY work. No owner, no status, no rationale - those are separate fields.""
          },
          ""owner"": {
            ""type"": ""string"",
            ""maxLength"": 120,
            ""description"": ""The team member from D1 (team.roster or team.leader/members) assigned to this preventive action, selected by matching their role/responsibility to the systemic/FMEA fix. E.g. \""Minh Dinh\"" or \""DungTruonghyhy\"".""
          },
          ""status"": {
            ""type"": ""string"",
            ""maxLength"": 40,
            ""description"": ""ONLY the current status, one or two words, e.g. \""Planned\"", \""In progress\"", \""Done\"".""
          },
          ""origin"": {
            ""type"": ""string"",
            ""maxLength"": 60,
            ""description"": ""ONLY where it came from: \""recorded\"" for an action already in the case, or \""precedents#N\"" for a proposal.""
          },
          ""protection"": {
            ""type"": ""string"",
            ""maxLength"": 200,
            ""description"": ""One line.""
          }
        }
      }
    },
    {
      ""key"": ""preventive.fmea"",
      ""label"": ""FMEA entry to update"",
      ""widget"": ""fmea-link"",
      ""dataType"": ""object"",
      ""colSpan"": 12,
      ""constraints"": {},
      ""properties"": {
        ""fmeaId"": {
          ""type"": ""string""
        },
        ""description"": {
          ""type"": ""string""
        },
        ""change"": {
          ""type"": ""string""
        },
        ""currentRating"": {
          ""type"": ""string""
        },
        ""proposedRating"": {
          ""type"": ""string""
        }
      }
    },
    {
      ""key"": ""sources"",
      ""label"": ""Evidence and traceability"",
      ""widget"": ""evidence-list"",
      ""dataType"": ""array"",
      ""colSpan"": 12,
      ""constraints"": {},
      ""items"": {
        ""type"": ""string""
      }
    }
  ],
  ""groups"": [
    {
      ""id"": ""d7-ai-result"",
      ""label"": ""AI-generated preventive plan"",
      ""fieldKeys"": [
        ""preventive.actions"",
        ""preventive.fmea""
      ],
      ""width"": ""100"",
      ""columns"": 12,
      ""order"": 10
    }
  ]
}";;;"1";"Approved";"AI Lead / Quality Manager";"2026-09-22 14:25:18";;;"Completed"
"14806704-cf79-4656-a12f-899d7fbee241";"2026-09-21T16:08:26.190Z";"anonymous";"2026-09-21T16:08:26.190Z";"anonymous";"c400b691-d8b7-43af-8c24-c1402fbf242e";"D8";"8";"D8 — Closure & Team Recognition";"8D report closed.";"8D report closed.";;;;;"{""closure"":{""gate"":{""status"":""Closed"",""readyForClosure"":true}}}";"{
  ""fields"": [
    {
      ""key"": ""closure.gate"",
      ""label"": ""Closure readiness"",
      ""widget"": ""closure-gate"",
      ""dataType"": ""object"",
      ""colSpan"": 12,
      ""constraints"": {},
      ""xSource"": ""manual_input"",
      ""description"": ""Computed from the review status of D1-D7. The AI never writes this."",
      ""properties"": {}
    },
    {
      ""key"": ""closure.costOfPoorQuality"",
      ""label"": ""Cost of poor quality"",
      ""widget"": ""text"",
      ""dataType"": ""string"",
      ""colSpan"": 4,
      ""constraints"": {},
      ""xSource"": ""sap_qm"",
      ""description"": ""Read from the case. The AI never writes this.""
    },
    {
      ""key"": ""closure.lessonsWhatWorked"",
      ""label"": ""What worked"",
      ""widget"": ""markdown"",
      ""dataType"": ""string"",
      ""colSpan"": 6,
      ""constraints"": {
        ""required"": true,
        ""minLength"": 20
      }
    },
    {
      ""key"": ""closure.lessonsWhatDidNot"",
      ""label"": ""What did not"",
      ""widget"": ""markdown"",
      ""dataType"": ""string"",
      ""colSpan"": 6,
      ""constraints"": {
        ""required"": true,
        ""minLength"": 20
      }
    },
    {
      ""key"": ""closure.teamRecognition"",
      ""label"": ""Team recognition"",
      ""widget"": ""markdown"",
      ""dataType"": ""string"",
      ""colSpan"": 12,
      ""constraints"": {}
    },
    {
      ""key"": ""closure.openItems"",
      ""label"": ""Still open at closure"",
      ""widget"": ""warning-list"",
      ""dataType"": ""array"",
      ""colSpan"": 12,
      ""constraints"": {},
      ""items"": {
        ""type"": ""string""
      }
    },
    {
      ""key"": ""sources"",
      ""label"": ""Evidence and traceability"",
      ""widget"": ""evidence-list"",
      ""dataType"": ""array"",
      ""colSpan"": 12,
      ""constraints"": {},
      ""items"": {
        ""type"": ""string""
      }
    }
  ],
  ""groups"": [
    {
      ""id"": ""d8-ai-result"",
      ""label"": ""AI-generated closure summary"",
      ""fieldKeys"": [
        ""closure.gate"",
        ""closure.costOfPoorQuality"",
        ""closure.lessonsWhatWorked"",
        ""closure.lessonsWhatDidNot"",
        ""closure.teamRecognition""
      ],
      ""width"": ""100"",
      ""columns"": 12,
      ""order"": 10
    }
  ]
}";;;"1";"Approved";"AI Lead / Quality Manager";"2026-09-22 14:25:18";;;"Completed"
"2ce7d5bf-cc1d-4114-96b9-23ed15918997";"2026-09-21T16:08:26.194Z";"anonymous";"2026-09-21T16:08:26.194Z";"anonymous";"989ac70c-8b28-4456-a831-8f65bfe6fda7";"D1";"1";"D1 — Team Roster";"Formed cross-functional 8D team.";"Formed cross-functional 8D team.";;;;;"{""team"":{""roster"":[{""name"":""Marek Nowak"",""organizationalRole"":""Surface Treatment Specialist"",""assigned8DRole"":""8D Team Member"",""caseResponsibility"":""Surface Treatment Specialist""}],""assignedRoster"":[{""partnerId"":""100014"",""partnerRole"":""8D Team Leader""},{""partnerId"":""100067"",""partnerRole"":""8D Team Member""}]}}";"{
  ""fields"": [
    {
      ""key"": ""team.objective"",
      ""label"": ""Team objective"",
      ""widget"": ""callout"",
      ""dataType"": ""string"",
      ""colSpan"": 12,
      ""constraints"": {
        ""required"": true,
        ""minLength"": 20,
        ""maxLength"": 260
      }
    },
    {
      ""key"": ""team.selectionMethod"",
      ""label"": ""Selection method"",
      ""widget"": ""status"",
      ""dataType"": ""string"",
      ""colSpan"": 4,
      ""constraints"": {
        ""required"": true,
        ""enum"": [
          ""Current case team"",
          ""Precedent recommendation"",
          ""Hybrid"",
          ""Roles only - assignment required""
        ]
      }
    },
    {
      ""key"": ""team.problemCapabilities"",
      ""label"": ""Capabilities required by this problem"",
      ""widget"": ""tag-selector"",
      ""dataType"": ""array"",
      ""colSpan"": 8,
      ""constraints"": {
        ""required"": true,
        ""minItems"": 1
      },
      ""items"": {
        ""type"": ""string""
      }
    },
    {
      ""key"": ""team.selectionRationale"",
      ""label"": ""How the team was selected"",
      ""widget"": ""markdown"",
      ""dataType"": ""string"",
      ""colSpan"": 12,
      ""constraints"": {
        ""required"": true,
        ""minLength"": 60,
        ""maxLength"": 1600
      }
    },
    {
      ""key"": ""team.roster"",
      ""label"": ""AI suggest"",
      ""widget"": ""ai-suggest"",
      ""dataType"": ""array"",
      ""colSpan"": 12,
      ""constraints"": {
        ""required"": true,
        ""minItems"": 1
      },
      ""items"": {
        ""type"": ""object"",
        ""properties"": {
          ""name"": {
            ""type"": ""string"",
            ""maxLength"": 120,
            ""description"": ""ONLY the person name, or \""Unassigned\"". No role, no reasoning.""
          },
          ""organizationalRole"": {
            ""type"": ""string"",
            ""maxLength"": 120,
            ""description"": ""ONLY their job title in the organisation, e.g. \""Quality Engineer\"".""
          },
          ""assigned8DRole"": {
            ""type"": ""string"",
            ""maxLength"": 60,
            ""description"": ""ONLY their role in THIS 8D, e.g. \""Team Leader\"" or \""Team Member\"".""
          },
          ""caseResponsibility"": {
            ""type"": ""string"",
            ""maxLength"": 200,
            ""description"": ""What this person is accountable for here. Never a job title.""
          },
          ""selectionReason"": {
            ""type"": ""string"",
            ""maxLength"": 220,
            ""description"": ""Why this person, in one line. Do not repeat the name or the role.""
          },
          ""servedOnCount"": {
            ""type"": ""integer"",
            ""description"": ""How many qualifying precedent cases this person served on. Rank the roster by this value, descending.""
          },
          ""sourceType"": {
            ""type"": ""string"",
            ""enum"": [
              ""current_case"",
              ""precedent"",
              ""unassigned""
            ]
          },
          ""sourcePath"": {
            ""type"": ""string"",
            ""maxLength"": 80,
            ""description"": ""ONLY the resolvable path: team.leader, team.members#N, precedents#N.team#M, or team.gaps.""
          },
          ""sourceCase"": {
            ""type"": ""string"",
            ""maxLength"": 60,
            ""description"": ""ONLY the precedent notification id, when the person came from a precedent.""
          }
        },
        ""required"": [
          ""name"",
          ""organizationalRole"",
          ""assigned8DRole"",
          ""caseResponsibility"",
          ""selectionReason"",
          ""sourceType"",
          ""sourcePath""
        ]
      }
    },
    {
      ""key"": ""team.assignedRoster"",
      ""label"": ""Decision table"",
      ""widget"": ""decision-table"",
      ""dataType"": ""array"",
      ""colSpan"": 12,
      ""constraints"": {},
      ""xSource"": ""manual_input"",
      ""description"": ""Filled in by the quality engineer on the report screen. The AI never writes this."",
      ""items"": {
        ""type"": ""object"",
        ""properties"": {
          ""partnerId"": {
            ""type"": ""string""
          },
          ""partnerName"": {
            ""type"": ""string""
          },
          ""functionTitle"": {
            ""type"": ""string""
          },
          ""partnerRole"": {
            ""type"": ""string"",
            ""enum"": [
              ""8D Team Leader"",
              ""8D Team Member""
            ]
          }
        }
      }
    },
    {
      ""key"": ""team.readinessStatus"",
      ""label"": ""Team readiness"",
      ""widget"": ""status"",
      ""dataType"": ""string"",
      ""colSpan"": 3,
      ""constraints"": {
        ""required"": true,
        ""enum"": [
          ""Ready"",
          ""Partial"",
          ""Needs assignment""
        ]
      }
    },
    {
      ""key"": ""team.readinessRationale"",
      ""label"": ""Readiness assessment"",
      ""widget"": ""markdown"",
      ""dataType"": ""string"",
      ""colSpan"": 9,
      ""constraints"": {
        ""required"": true,
        ""minLength"": 30,
        ""maxLength"": 500
      }
    },
    {
      ""key"": ""team.uncoveredCapabilities"",
      ""label"": ""Uncovered capabilities"",
      ""widget"": ""warning-list"",
      ""dataType"": ""array"",
      ""colSpan"": 6,
      ""constraints"": {},
      ""items"": {
        ""type"": ""string""
      }
    },
    {
      ""key"": ""team.sourceSummary"",
      ""label"": ""Where the team recommendation came from"",
      ""widget"": ""markdown"",
      ""dataType"": ""string"",
      ""colSpan"": 6,
      ""constraints"": {
        ""required"": true,
        ""minLength"": 30,
        ""maxLength"": 500
      }
    },
    {
      ""key"": ""team.suggestionStatus"",
      ""label"": ""Suggestion status"",
      ""widget"": ""callout"",
      ""dataType"": ""string"",
      ""colSpan"": 12,
      ""constraints"": {}
    },
    {
      ""key"": ""sources"",
      ""label"": ""Source records"",
      ""widget"": ""evidence-list"",
      ""dataType"": ""array"",
      ""colSpan"": 12,
      ""constraints"": {
        ""pattern"": ""^(team\\.|precedents#)""
      },
      ""items"": {
        ""type"": ""string""
      }
    }
  ],
  ""groups"": [
    {
      ""id"": ""d1-decision-table"",
      ""label"": ""Decision Table"",
      ""fieldKeys"": [
        ""team.assignedRoster"",
        ""team.suggestionStatus""
      ],
      ""width"": ""100"",
      ""columns"": 12,
      ""order"": 10
    }
  ]
}";;;"1";"Approved";;;;;"NotStarted"
"413d6f2b-98cf-4962-bdad-54d98da0f6db";"2026-09-21T16:08:26.194Z";"anonymous";"2026-09-21T16:08:26.194Z";"anonymous";"989ac70c-8b28-4456-a831-8f65bfe6fda7";"D2";"2";"D2 — Problem Description";"Coating peel found at customer incoming inspection";"Coating peel found at customer incoming inspection";;;;;"{""problem"":{""statement"":""Coating peel found at customer incoming inspection"",""isIsNot"":{""is"":""C80 covers - WC-COAT-05 - parts released against gauge GA-0117 after 2026-05-30"",""isNot"":""C60 covers - WC-COAT-02 - released against gauge GA-0103, calibration current"",""notes"":""Defect follows the gauge, not the powder lot or the line settings""},""w2h"":{}}}";"{
  ""fields"": [
    {
      ""key"": ""problem.complaintReference"",
      ""label"": ""Complaint reference"",
      ""widget"": ""complaint-reference"",
      ""dataType"": ""string"",
      ""colSpan"": 12,
      ""constraints"": {},
      ""xSource"": ""sap_qm"",
      ""description"": ""Read from the SAP QM customer reference on the case. The AI never writes this.""
    },
    {
      ""key"": ""problem.statement"",
      ""label"": ""Problem statement"",
      ""widget"": ""problem-statement"",
      ""dataType"": ""string"",
      ""colSpan"": 12,
      ""constraints"": {
        ""required"": true,
        ""minLength"": 30,
        ""maxLength"": 600
      }
    },
    {
      ""key"": ""problem.statementOverride"",
      ""label"": ""Problem statement (edited)"",
      ""widget"": ""text"",
      ""dataType"": ""string"",
      ""colSpan"": 12,
      ""constraints"": {},
      ""xSource"": ""manual_input"",
      ""description"": ""Edited by the quality engineer on the report screen. The AI never writes this.""
    },
    {
      ""key"": ""problem.what"",
      ""label"": ""What"",
      ""widget"": ""w2h-cell"",
      ""dataType"": ""string"",
      ""colSpan"": 4,
      ""constraints"": {
        ""required"": true
      }
    },
    {
      ""key"": ""problem.where"",
      ""label"": ""Where"",
      ""widget"": ""w2h-cell"",
      ""dataType"": ""string"",
      ""colSpan"": 4,
      ""constraints"": {
        ""required"": true
      }
    },
    {
      ""key"": ""problem.when"",
      ""label"": ""When"",
      ""widget"": ""w2h-cell"",
      ""dataType"": ""string"",
      ""colSpan"": 4,
      ""constraints"": {}
    },
    {
      ""key"": ""problem.who"",
      ""label"": ""Who"",
      ""widget"": ""w2h-cell"",
      ""dataType"": ""string"",
      ""colSpan"": 4,
      ""constraints"": {}
    },
    {
      ""key"": ""problem.how"",
      ""label"": ""How"",
      ""widget"": ""w2h-cell"",
      ""dataType"": ""string"",
      ""colSpan"": 4,
      ""constraints"": {}
    },
    {
      ""key"": ""problem.extent"",
      ""label"": ""How Many"",
      ""widget"": ""w2h-cell"",
      ""dataType"": ""string"",
      ""colSpan"": 4,
      ""constraints"": {
        ""required"": true
      }
    },
    {
      ""key"": ""problem.impact"",
      ""label"": ""Business / customer impact"",
      ""widget"": ""text"",
      ""dataType"": ""string"",
      ""colSpan"": 12,
      ""constraints"": {}
    },
    {
      ""key"": ""problem.is"",
      ""label"": ""Is"",
      ""widget"": ""is-box"",
      ""dataType"": ""array"",
      ""colSpan"": 6,
      ""constraints"": {},
      ""items"": {
        ""type"": ""string""
      }
    },
    {
      ""key"": ""problem.isNot"",
      ""label"": ""Is not"",
      ""widget"": ""isnot-box"",
      ""dataType"": ""array"",
      ""colSpan"": 6,
      ""constraints"": {},
      ""items"": {
        ""type"": ""string""
      }
    },
    {
      ""key"": ""problem.isIsNotStatus"",
      ""label"": ""Is / Is-Not status"",
      ""widget"": ""callout"",
      ""dataType"": ""string"",
      ""colSpan"": 12,
      ""constraints"": {}
    },
    {
      ""key"": ""problem.isIsNotBasis"",
      ""label"": ""Is / Is-Not basis"",
      ""widget"": ""markdown"",
      ""dataType"": ""string"",
      ""colSpan"": 12,
      ""constraints"": {}
    },
    {
      ""key"": ""problem.measuredEvidence"",
      ""label"": ""Measured evidence"",
      ""widget"": ""table"",
      ""dataType"": ""array"",
      ""colSpan"": 12,
      ""constraints"": {},
      ""items"": {
        ""type"": ""object"",
        ""properties"": {
          ""characteristic"": {
            ""type"": ""string"",
            ""maxLength"": 120,
            ""description"": ""ONLY the characteristic name, e.g. \""Burr height\"". No value, no verdict.""
          },
          ""measured"": {
            ""type"": ""string"",
            ""maxLength"": 60,
            ""description"": ""ONLY the measured value with its unit, e.g. \""0.32 mm\"".""
          },
          ""specification"": {
            ""type"": ""string"",
            ""maxLength"": 60,
            ""description"": ""ONLY the specification limit with its unit, e.g. \""max 0.10 mm\"".""
          },
          ""assessment"": {
            ""type"": ""string"",
            ""maxLength"": 120,
            ""description"": ""ONLY the verdict, e.g. \""Out of tolerance\"" or \""Within spec\"". No restatement of the numbers.""
          }
        }
      }
    },
    {
      ""key"": ""problem.gaps"",
      ""label"": ""Missing facts"",
      ""widget"": ""warning-list"",
      ""dataType"": ""array"",
      ""colSpan"": 12,
      ""constraints"": {},
      ""items"": {
        ""type"": ""string""
      }
    },
    {
      ""key"": ""sources"",
      ""label"": ""Evidence and traceability"",
      ""widget"": ""evidence-list"",
      ""dataType"": ""array"",
      ""colSpan"": 12,
      ""constraints"": {},
      ""items"": {
        ""type"": ""string""
      }
    }
  ],
  ""groups"": [
    {
      ""id"": ""d2-ai-result"",
      ""label"": ""AI-generated problem description"",
      ""fieldKeys"": [
        ""problem.complaintReference"",
        ""problem.statement"",
        ""problem.what"",
        ""problem.where"",
        ""problem.when"",
        ""problem.who"",
        ""problem.how"",
        ""problem.extent"",
        ""problem.is"",
        ""problem.isNot"",
        ""problem.isIsNotStatus"",
        ""problem.isIsNotBasis""
      ],
      ""width"": ""100"",
      ""columns"": 12,
      ""order"": 10
    }
  ]
}";;;"1";"Approved";;;;;"NotStarted"
"a8b78dd5-d6b7-48bc-9e5d-083a22c2034d";"2026-09-21T16:08:26.194Z";"anonymous";"2026-09-21T16:08:26.194Z";"anonymous";"989ac70c-8b28-4456-a831-8f65bfe6fda7";"D3";"3";"D3 — Containment Actions";"Containment actions established.";"Containment actions established.";;;;;"{""containment"":{""actions"":[{""lineNo"":1,""actionType"":""Containment"",""actionText"":""Remove GA-0117 from service and re-measure all C80 stock with calibrated gauge GA-0103"",""status"":""Done""},{""lineNo"":2,""actionType"":""Containment"",""actionText"":""Contain 74 units at the customer plant and arrange sorting on site"",""status"":""Planned""}]}}";"{
  ""fields"": [
    {
      ""key"": ""containment.actions"",
      ""label"": ""Containment actions"",
      ""widget"": ""action-cards"",
      ""dataType"": ""array"",
      ""colSpan"": 12,
      ""constraints"": {
        ""required"": true,
        ""minItems"": 1
      },
      ""items"": {
        ""type"": ""object"",
        ""properties"": {
          ""action"": {
            ""type"": ""string"",
            ""description"": ""Short concise action description without boilerplate prefix. Start with the imperative verb naming the PRIMARY work, e.g. \""Quarantine 85 housings at the outgoing dock\"".""
          },
          ""owner"": {
            ""type"": ""string"",
            ""maxLength"": 120,
            ""description"": ""The team member from D1 (team.roster or team.leader/members) assigned to this containment action, selected by matching their role/responsibility to the work required. E.g. \""Karl Wagner\"" or \""DungTruonghyhy\"".""
          },
          ""status"": {
            ""type"": ""string"",
            ""enum"": [
              ""Planned"",
              ""In Process"",
              ""Done"",
              ""Verified""
            ]
          }
        }
      }
    },
    {
      ""key"": ""containment.gaps"",
      ""label"": ""Open containment gaps"",
      ""widget"": ""warning-list"",
      ""dataType"": ""array"",
      ""colSpan"": 12,
      ""constraints"": {},
      ""items"": {
        ""type"": ""string""
      }
    },
    {
      ""key"": ""sources"",
      ""label"": ""Evidence and traceability"",
      ""widget"": ""evidence-list"",
      ""dataType"": ""array"",
      ""colSpan"": 12,
      ""constraints"": {},
      ""items"": {
        ""type"": ""string""
      }
    }
  ],
  ""groups"": [
    {
      ""id"": ""d3-ai-result"",
      ""label"": ""Containment plan"",
      ""fieldKeys"": [
        ""containment.actions"",
        ""containment.gaps"",
        ""sources""
      ],
      ""width"": ""100"",
      ""columns"": 12,
      ""order"": 10
    }
  ]
}";;;"1";"Approved";;;;;"NotStarted"
"b4a1c775-3a36-4ed5-a835-697e3ce3ce4d";"2026-09-21T16:08:26.194Z";"anonymous";"2026-09-21T16:08:26.194Z";"anonymous";"989ac70c-8b28-4456-a831-8f65bfe6fda7";"D4";"4";"D4 — Root Cause Analysis";"Root cause identified as Measurement.";"Root cause identified as Measurement.";;;;;"{""rootCause"":{""category"":""Measurement"",""whyChain"":[],""ishikawa"":[{""category"":""Man"",""description"":""EMP-3402, Shift A - line settings matched the released recipe"",""metricValue"":null,""isRootCause"":false,""source"":""ASSUMED: MES/HR""},{""category"":""Machine"",""description"":""EQ-COAT05-003, gun voltage and powder flow logged within band"",""metricValue"":""62 kV avg"",""isRootCause"":false,""source"":""SAP: EQUI/AFIH (PM)""},{""category"":""Method"",""description"":""DOC-6044 Rev C - powder coating recipe, unchanged since 2025-11"",""metricValue"":null,""isRootCause"":false,""source"":""SAP: DRAW/PLPO (DMS+Routing)""},{""category"":""Material"",""description"":""Powder lot PWD-2231 within shelf life, cert PASS"",""metricValue"":null,""isRootCause"":false,""source"":""SAP: QALS/QAMR (incoming)""},{""category"":""Measurement"",""description"":""Thickness gauge GA-0117 calibration expired 2026-05-30; re-calibration on 2026-08-04 confirmed a -22um reading drift, so under-coated parts were passing as in-spec"",""metricValue"":""-22um drift"",""isRootCause"":true,""source"":""SAP: Test Equipment Mgmt""},{""category"":""Environment"",""description"":""26.1C / 61% RH at 11:05 (illustrative)"",""metricValue"":null,""isRootCause"":false,""source"":""ASSUMED: MES/IoT""}]}}";"{
  ""fields"": [
    {
      ""key"": ""rootCause.statement"",
      ""label"": ""Root cause"",
      ""widget"": ""ai-draft"",
      ""dataType"": ""string"",
      ""colSpan"": 12,
      ""constraints"": {
        ""required"": true,
        ""minLength"": 10,
        ""maxLength"": 320
      }
    },
    {
      ""key"": ""rootCause.ishikawaBoard"",
      ""label"": ""Ishikawa"",
      ""widget"": ""ishikawa-grid"",
      ""dataType"": ""array"",
      ""colSpan"": 12,
      ""constraints"": {
        ""required"": true,
        ""minItems"": 6
      },
      ""description"": ""Always one row per 6M category with a concise 1-sentence verdict. Copy a recorded assessment verbatim with source=recorded; for a category with no recorded entry propose a brief verdict from evidence with source=proposed, or write \""not assessed\"". Never write audit plans or long essays in cells."",
      ""items"": {
        ""type"": ""object"",
        ""properties"": {
          ""category"": {
            ""type"": ""string"",
            ""enum"": [
              ""Man"",
              ""Machine"",
              ""Method"",
              ""Material"",
              ""Measurement"",
              ""Environment""
            ]
          },
          ""finding"": {
            ""type"": ""string"",
            ""maxLength"": 220,
            ""description"": ""The concise VERDICT for this branch, e.g. clamp pad worn 0.2 mm, or gauge R&R 8%, or not assessed. Never a list of evidence to gather - that goes in evidenceGaps once. Never the category name.""
          },
          ""isRootCause"": {
            ""type"": ""boolean"",
            ""description"": ""True for at most ONE branch in the whole board.""
          },
          ""source"": {
            ""type"": ""string"",
            ""enum"": [
              ""recorded"",
              ""proposed""
            ]
          }
        },
        ""required"": [
          ""category"",
          ""finding"",
          ""isRootCause"",
          ""source""
        ]
      }
    },
    {
      ""key"": ""rootCause.fiveWhy"",
      ""label"": ""5-Why chain"",
      ""widget"": ""why-chain"",
      ""dataType"": ""array"",
      ""colSpan"": 12,
      ""constraints"": {
        ""required"": true,
        ""minItems"": 1
      },
      ""items"": {
        ""type"": ""object"",
        ""properties"": {
          ""step"": {
            ""type"": ""integer"",
            ""description"": ""Position in the chain, starting at 1.""
          },
          ""why"": {
            ""type"": ""string"",
            ""maxLength"": 140,
            ""description"": ""The question only, ending in a question mark. Keep it short and crisp.""
          },
          ""answer"": {
            ""type"": ""string"",
            ""maxLength"": 200,
            ""description"": ""The answer only: 1 concise direct sentence naming the cause. Never repeat the question, never list audit procedures or evidence still to be gathered.""
          },
          ""evidence"": {
            ""type"": ""string"",
            ""maxLength"": 200,
            ""description"": ""The CaseContext path or measurement backing the answer. Concise citation only.""
          }
        },
        ""required"": [
          ""step"",
          ""why"",
          ""answer"",
          ""evidence""
        ]
      }
    },
    {
      ""key"": ""rootCause.evidenceGaps"",
      ""label"": ""Evidence gaps"",
      ""widget"": ""warning-list"",
      ""dataType"": ""array"",
      ""colSpan"": 12,
      ""constraints"": {},
      ""items"": {
        ""type"": ""string""
      }
    },
    {
      ""key"": ""sources"",
      ""label"": ""Evidence and traceability"",
      ""widget"": ""evidence-list"",
      ""dataType"": ""array"",
      ""colSpan"": 12,
      ""constraints"": {},
      ""items"": {
        ""type"": ""string""
      }
    }
  ],
  ""groups"": [
    {
      ""id"": ""d4-ai-result"",
      ""label"": ""Root cause analysis"",
      ""fieldKeys"": [
        ""rootCause.statement"",
        ""rootCause.ishikawaBoard"",
        ""rootCause.fiveWhy"",
        ""rootCause.evidenceGaps"",
        ""sources""
      ],
      ""width"": ""100"",
      ""columns"": 12,
      ""order"": 10
    }
  ]
}";;;"1";"Draft";;;;;"NotStarted"
"c4fba5b5-1f57-4969-8ac2-8a9ed263f26c";"2026-09-21T16:08:26.194Z";"anonymous";"2026-09-21T16:08:26.194Z";"anonymous";"989ac70c-8b28-4456-a831-8f65bfe6fda7";"D5";"5";"D5 — Corrective Actions";"Permanent corrective actions defined.";"Permanent corrective actions defined.";;;;;"{""corrective"":{""actions"":[{""lineNo"":3,""actionType"":""Corrective"",""actionText"":""Re-calibrate GA-0117 and re-inspect every C80 lot released since 2026-05-30"",""status"":""Planned""}]}}";"{
  ""fields"": [
    {
      ""key"": ""corrective.actions"",
      ""label"": ""Permanent corrective actions"",
      ""widget"": ""action-cards"",
      ""dataType"": ""array"",
      ""colSpan"": 12,
      ""constraints"": {
        ""required"": true,
        ""minItems"": 1
      },
      ""items"": {
        ""type"": ""object"",
        ""properties"": {
          ""action"": {
            ""type"": ""string"",
            ""maxLength"": 240,
            ""description"": ""The action and its trigger, starting with the imperative verb that names the PRIMARY work. No owner, no status, no rationale - those are separate fields.""
          },
          ""owner"": {
            ""type"": ""string"",
            ""maxLength"": 120,
            ""description"": ""The team member from D1 (team.roster or team.leader/members) assigned to this corrective action, selected by matching their role/responsibility to the root cause fix. E.g. \""Karl Wagner\"" or \""Minh Dinh\"".""
          },
          ""status"": {
            ""type"": ""string"",
            ""maxLength"": 40,
            ""description"": ""ONLY the current status, one or two words, e.g. \""Planned\"", \""In progress\"", \""Done\"".""
          },
          ""origin"": {
            ""type"": ""string"",
            ""maxLength"": 60,
            ""description"": ""ONLY where it came from: \""recorded\"" for an action already in the case, or \""precedents#N\"" for a proposal.""
          },
          ""protection"": {
            ""type"": ""string"",
            ""maxLength"": 200,
            ""description"": ""One line.""
          }
        }
      }
    },
    {
      ""key"": ""sources"",
      ""label"": ""Evidence and traceability"",
      ""widget"": ""evidence-list"",
      ""dataType"": ""array"",
      ""colSpan"": 12,
      ""constraints"": {},
      ""items"": {
        ""type"": ""string""
      }
    }
  ],
  ""groups"": [
    {
      ""id"": ""d5-ai-result"",
      ""label"": ""AI-generated corrective plan"",
      ""fieldKeys"": [
        ""corrective.actions""
      ],
      ""width"": ""100"",
      ""columns"": 12,
      ""order"": 10
    }
  ]
}";;;"1";"Draft";;;;;"NotStarted"
"3f435934-e911-450d-9495-f64beab750a5";"2026-09-21T16:08:26.194Z";"anonymous";"2026-09-21T16:08:26.194Z";"anonymous";"989ac70c-8b28-4456-a831-8f65bfe6fda7";"D6";"6";"D6 — Verification of Effectiveness";"Verification plan executed.";"Verification plan executed.";;;;;"{""verification"":{""status"":""Verified"",""notes"":""Corrective actions verified on line.""}}";"{
  ""fields"": [
    {
      ""key"": ""verification.objective"",
      ""label"": ""Verification objective"",
      ""widget"": ""callout"",
      ""dataType"": ""string"",
      ""colSpan"": 12,
      ""constraints"": {
        ""required"": true,
        ""maxLength"": 260
      }
    },
    {
      ""key"": ""verification.plan"",
      ""label"": ""Verification plan"",
      ""widget"": ""table"",
      ""dataType"": ""array"",
      ""colSpan"": 12,
      ""constraints"": {
        ""required"": true,
        ""minItems"": 1
      },
      ""items"": {
        ""type"": ""object"",
        ""properties"": {
          ""measure"": {
            ""type"": ""string"",
            ""maxLength"": 200,
            ""description"": ""One line.""
          },
          ""sampleSize"": {
            ""type"": ""string"",
            ""maxLength"": 80,
            ""description"": ""ONLY the sample size, e.g. \""30 parts per shift\"".""
          },
          ""period"": {
            ""type"": ""string"",
            ""maxLength"": 60,
            ""description"": ""ONLY the period over which it runs, e.g. \""4 weeks\"".""
          },
          ""acceptanceCriterion"": {
            ""type"": ""string"",
            ""maxLength"": 220,
            ""description"": ""The pass/fail threshold with its number, anchored to a real specification value.""
          },
          ""signOff"": {
            ""type"": ""string"",
            ""maxLength"": 120,
            ""description"": ""ONLY the role that signs it off.""
          }
        }
      }
    },
    {
      ""key"": ""verification.evidenceStatus"",
      ""label"": ""Evidence status"",
      ""widget"": ""status"",
      ""dataType"": ""string"",
      ""colSpan"": 4,
      ""constraints"": {
        ""required"": true,
        ""enum"": [
          ""No evidence yet"",
          ""Partially verified"",
          ""Verified""
        ]
      }
    },
    {
      ""key"": ""sources"",
      ""label"": ""Evidence and traceability"",
      ""widget"": ""evidence-list"",
      ""dataType"": ""array"",
      ""colSpan"": 12,
      ""constraints"": {},
      ""items"": {
        ""type"": ""string""
      }
    }
  ],
  ""groups"": [
    {
      ""id"": ""d6-ai-result"",
      ""label"": ""AI-generated verification plan"",
      ""fieldKeys"": [
        ""verification.objective"",
        ""verification.plan""
      ],
      ""width"": ""100"",
      ""columns"": 12,
      ""order"": 10
    }
  ]
}";;;"1";"Draft";;;;;"NotStarted"
"7519c3e2-4afe-416f-9d49-8133fbe05773";"2026-09-21T16:08:26.194Z";"anonymous";"2026-09-21T16:08:26.194Z";"anonymous";"989ac70c-8b28-4456-a831-8f65bfe6fda7";"D7";"7";"D7 — Preventive Actions";"Preventive measures implemented.";"Preventive measures implemented.";;;;;"{""preventive"":{""actions"":[]}}";"{
  ""fields"": [
    {
      ""key"": ""preventive.actions"",
      ""label"": ""Preventive actions"",
      ""widget"": ""action-cards"",
      ""dataType"": ""array"",
      ""colSpan"": 12,
      ""constraints"": {
        ""required"": true,
        ""minItems"": 1
      },
      ""items"": {
        ""type"": ""object"",
        ""properties"": {
          ""action"": {
            ""type"": ""string"",
            ""maxLength"": 240,
            ""description"": ""The action and its trigger, starting with the imperative verb that names the PRIMARY work. No owner, no status, no rationale - those are separate fields.""
          },
          ""owner"": {
            ""type"": ""string"",
            ""maxLength"": 120,
            ""description"": ""The team member from D1 (team.roster or team.leader/members) assigned to this preventive action, selected by matching their role/responsibility to the systemic/FMEA fix. E.g. \""Minh Dinh\"" or \""DungTruonghyhy\"".""
          },
          ""status"": {
            ""type"": ""string"",
            ""maxLength"": 40,
            ""description"": ""ONLY the current status, one or two words, e.g. \""Planned\"", \""In progress\"", \""Done\"".""
          },
          ""origin"": {
            ""type"": ""string"",
            ""maxLength"": 60,
            ""description"": ""ONLY where it came from: \""recorded\"" for an action already in the case, or \""precedents#N\"" for a proposal.""
          },
          ""protection"": {
            ""type"": ""string"",
            ""maxLength"": 200,
            ""description"": ""One line.""
          }
        }
      }
    },
    {
      ""key"": ""preventive.fmea"",
      ""label"": ""FMEA entry to update"",
      ""widget"": ""fmea-link"",
      ""dataType"": ""object"",
      ""colSpan"": 12,
      ""constraints"": {},
      ""properties"": {
        ""fmeaId"": {
          ""type"": ""string""
        },
        ""description"": {
          ""type"": ""string""
        },
        ""change"": {
          ""type"": ""string""
        },
        ""currentRating"": {
          ""type"": ""string""
        },
        ""proposedRating"": {
          ""type"": ""string""
        }
      }
    },
    {
      ""key"": ""sources"",
      ""label"": ""Evidence and traceability"",
      ""widget"": ""evidence-list"",
      ""dataType"": ""array"",
      ""colSpan"": 12,
      ""constraints"": {},
      ""items"": {
        ""type"": ""string""
      }
    }
  ],
  ""groups"": [
    {
      ""id"": ""d7-ai-result"",
      ""label"": ""AI-generated preventive plan"",
      ""fieldKeys"": [
        ""preventive.actions"",
        ""preventive.fmea""
      ],
      ""width"": ""100"",
      ""columns"": 12,
      ""order"": 10
    }
  ]
}";;;"1";"Draft";;;;;"NotStarted"
"0884fed3-7e93-4419-a2ac-348d89862b64";"2026-09-21T16:08:26.194Z";"anonymous";"2026-09-21T16:08:26.194Z";"anonymous";"989ac70c-8b28-4456-a831-8f65bfe6fda7";"D8";"8";"D8 — Closure & Team Recognition";"8D report closed.";"8D report closed.";;;;;"{""closure"":{""gate"":{""status"":""Open"",""readyForClosure"":false}}}";"{
  ""fields"": [
    {
      ""key"": ""closure.gate"",
      ""label"": ""Closure readiness"",
      ""widget"": ""closure-gate"",
      ""dataType"": ""object"",
      ""colSpan"": 12,
      ""constraints"": {},
      ""xSource"": ""manual_input"",
      ""description"": ""Computed from the review status of D1-D7. The AI never writes this."",
      ""properties"": {}
    },
    {
      ""key"": ""closure.costOfPoorQuality"",
      ""label"": ""Cost of poor quality"",
      ""widget"": ""text"",
      ""dataType"": ""string"",
      ""colSpan"": 4,
      ""constraints"": {},
      ""xSource"": ""sap_qm"",
      ""description"": ""Read from the case. The AI never writes this.""
    },
    {
      ""key"": ""closure.lessonsWhatWorked"",
      ""label"": ""What worked"",
      ""widget"": ""markdown"",
      ""dataType"": ""string"",
      ""colSpan"": 6,
      ""constraints"": {
        ""required"": true,
        ""minLength"": 20
      }
    },
    {
      ""key"": ""closure.lessonsWhatDidNot"",
      ""label"": ""What did not"",
      ""widget"": ""markdown"",
      ""dataType"": ""string"",
      ""colSpan"": 6,
      ""constraints"": {
        ""required"": true,
        ""minLength"": 20
      }
    },
    {
      ""key"": ""closure.teamRecognition"",
      ""label"": ""Team recognition"",
      ""widget"": ""markdown"",
      ""dataType"": ""string"",
      ""colSpan"": 12,
      ""constraints"": {}
    },
    {
      ""key"": ""closure.openItems"",
      ""label"": ""Still open at closure"",
      ""widget"": ""warning-list"",
      ""dataType"": ""array"",
      ""colSpan"": 12,
      ""constraints"": {},
      ""items"": {
        ""type"": ""string""
      }
    },
    {
      ""key"": ""sources"",
      ""label"": ""Evidence and traceability"",
      ""widget"": ""evidence-list"",
      ""dataType"": ""array"",
      ""colSpan"": 12,
      ""constraints"": {},
      ""items"": {
        ""type"": ""string""
      }
    }
  ],
  ""groups"": [
    {
      ""id"": ""d8-ai-result"",
      ""label"": ""AI-generated closure summary"",
      ""fieldKeys"": [
        ""closure.gate"",
        ""closure.costOfPoorQuality"",
        ""closure.lessonsWhatWorked"",
        ""closure.lessonsWhatDidNot"",
        ""closure.teamRecognition""
      ],
      ""width"": ""100"",
      ""columns"": 12,
      ""order"": 10
    }
  ]
}";;;"1";"Draft";;;;;"NotStarted"
"dfa212f4-3ff6-4693-8e3e-ff898f8ace44";"2026-09-21T16:08:26.200Z";"anonymous";"2026-09-21T16:08:26.200Z";"anonymous";"b5c7e78e-ec56-42a2-9611-65e6fb705a60";"D1";"1";"D1 — Team Roster";"Formed cross-functional 8D team.";"Formed cross-functional 8D team.";;;;;"{""team"":{""roster"":[{""name"":""Rita Fischer"",""organizationalRole"":""Assembly Supervisor"",""assigned8DRole"":""8D Team Member"",""caseResponsibility"":""Assembly Supervisor""},{""name"":""Karl Wagner"",""organizationalRole"":""Maintenance Planner"",""assigned8DRole"":""8D Team Member"",""caseResponsibility"":""Maintenance Planner""}],""assignedRoster"":[{""partnerId"":""100011"",""partnerRole"":""8D Team Leader""},{""partnerId"":""100088"",""partnerRole"":""8D Team Member""},{""partnerId"":""100091"",""partnerRole"":""8D Team Member""}]}}";"{
  ""fields"": [
    {
      ""key"": ""team.objective"",
      ""label"": ""Team objective"",
      ""widget"": ""callout"",
      ""dataType"": ""string"",
      ""colSpan"": 12,
      ""constraints"": {
        ""required"": true,
        ""minLength"": 20,
        ""maxLength"": 260
      }
    },
    {
      ""key"": ""team.selectionMethod"",
      ""label"": ""Selection method"",
      ""widget"": ""status"",
      ""dataType"": ""string"",
      ""colSpan"": 4,
      ""constraints"": {
        ""required"": true,
        ""enum"": [
          ""Current case team"",
          ""Precedent recommendation"",
          ""Hybrid"",
          ""Roles only - assignment required""
        ]
      }
    },
    {
      ""key"": ""team.problemCapabilities"",
      ""label"": ""Capabilities required by this problem"",
      ""widget"": ""tag-selector"",
      ""dataType"": ""array"",
      ""colSpan"": 8,
      ""constraints"": {
        ""required"": true,
        ""minItems"": 1
      },
      ""items"": {
        ""type"": ""string""
      }
    },
    {
      ""key"": ""team.selectionRationale"",
      ""label"": ""How the team was selected"",
      ""widget"": ""markdown"",
      ""dataType"": ""string"",
      ""colSpan"": 12,
      ""constraints"": {
        ""required"": true,
        ""minLength"": 60,
        ""maxLength"": 1600
      }
    },
    {
      ""key"": ""team.roster"",
      ""label"": ""AI suggest"",
      ""widget"": ""ai-suggest"",
      ""dataType"": ""array"",
      ""colSpan"": 12,
      ""constraints"": {
        ""required"": true,
        ""minItems"": 1
      },
      ""items"": {
        ""type"": ""object"",
        ""properties"": {
          ""name"": {
            ""type"": ""string"",
            ""maxLength"": 120,
            ""description"": ""ONLY the person name, or \""Unassigned\"". No role, no reasoning.""
          },
          ""organizationalRole"": {
            ""type"": ""string"",
            ""maxLength"": 120,
            ""description"": ""ONLY their job title in the organisation, e.g. \""Quality Engineer\"".""
          },
          ""assigned8DRole"": {
            ""type"": ""string"",
            ""maxLength"": 60,
            ""description"": ""ONLY their role in THIS 8D, e.g. \""Team Leader\"" or \""Team Member\"".""
          },
          ""caseResponsibility"": {
            ""type"": ""string"",
            ""maxLength"": 200,
            ""description"": ""What this person is accountable for here. Never a job title.""
          },
          ""selectionReason"": {
            ""type"": ""string"",
            ""maxLength"": 220,
            ""description"": ""Why this person, in one line. Do not repeat the name or the role.""
          },
          ""servedOnCount"": {
            ""type"": ""integer"",
            ""description"": ""How many qualifying precedent cases this person served on. Rank the roster by this value, descending.""
          },
          ""sourceType"": {
            ""type"": ""string"",
            ""enum"": [
              ""current_case"",
              ""precedent"",
              ""unassigned""
            ]
          },
          ""sourcePath"": {
            ""type"": ""string"",
            ""maxLength"": 80,
            ""description"": ""ONLY the resolvable path: team.leader, team.members#N, precedents#N.team#M, or team.gaps.""
          },
          ""sourceCase"": {
            ""type"": ""string"",
            ""maxLength"": 60,
            ""description"": ""ONLY the precedent notification id, when the person came from a precedent.""
          }
        },
        ""required"": [
          ""name"",
          ""organizationalRole"",
          ""assigned8DRole"",
          ""caseResponsibility"",
          ""selectionReason"",
          ""sourceType"",
          ""sourcePath""
        ]
      }
    },
    {
      ""key"": ""team.assignedRoster"",
      ""label"": ""Decision table"",
      ""widget"": ""decision-table"",
      ""dataType"": ""array"",
      ""colSpan"": 12,
      ""constraints"": {},
      ""xSource"": ""manual_input"",
      ""description"": ""Filled in by the quality engineer on the report screen. The AI never writes this."",
      ""items"": {
        ""type"": ""object"",
        ""properties"": {
          ""partnerId"": {
            ""type"": ""string""
          },
          ""partnerName"": {
            ""type"": ""string""
          },
          ""functionTitle"": {
            ""type"": ""string""
          },
          ""partnerRole"": {
            ""type"": ""string"",
            ""enum"": [
              ""8D Team Leader"",
              ""8D Team Member""
            ]
          }
        }
      }
    },
    {
      ""key"": ""team.readinessStatus"",
      ""label"": ""Team readiness"",
      ""widget"": ""status"",
      ""dataType"": ""string"",
      ""colSpan"": 3,
      ""constraints"": {
        ""required"": true,
        ""enum"": [
          ""Ready"",
          ""Partial"",
          ""Needs assignment""
        ]
      }
    },
    {
      ""key"": ""team.readinessRationale"",
      ""label"": ""Readiness assessment"",
      ""widget"": ""markdown"",
      ""dataType"": ""string"",
      ""colSpan"": 9,
      ""constraints"": {
        ""required"": true,
        ""minLength"": 30,
        ""maxLength"": 500
      }
    },
    {
      ""key"": ""team.uncoveredCapabilities"",
      ""label"": ""Uncovered capabilities"",
      ""widget"": ""warning-list"",
      ""dataType"": ""array"",
      ""colSpan"": 6,
      ""constraints"": {},
      ""items"": {
        ""type"": ""string""
      }
    },
    {
      ""key"": ""team.sourceSummary"",
      ""label"": ""Where the team recommendation came from"",
      ""widget"": ""markdown"",
      ""dataType"": ""string"",
      ""colSpan"": 6,
      ""constraints"": {
        ""required"": true,
        ""minLength"": 30,
        ""maxLength"": 500
      }
    },
    {
      ""key"": ""team.suggestionStatus"",
      ""label"": ""Suggestion status"",
      ""widget"": ""callout"",
      ""dataType"": ""string"",
      ""colSpan"": 12,
      ""constraints"": {}
    },
    {
      ""key"": ""sources"",
      ""label"": ""Source records"",
      ""widget"": ""evidence-list"",
      ""dataType"": ""array"",
      ""colSpan"": 12,
      ""constraints"": {
        ""pattern"": ""^(team\\.|precedents#)""
      },
      ""items"": {
        ""type"": ""string""
      }
    }
  ],
  ""groups"": [
    {
      ""id"": ""d1-decision-table"",
      ""label"": ""Decision Table"",
      ""fieldKeys"": [
        ""team.assignedRoster"",
        ""team.suggestionStatus""
      ],
      ""width"": ""100"",
      ""columns"": 12,
      ""order"": 10
    }
  ]
}";;;"1";"Approved";"AI Lead / Quality Manager";"2026-09-22 14:25:18";;;"Completed"
"6ef67b77-c30c-48b4-94bf-1e2843597572";"2026-09-21T16:08:26.200Z";"anonymous";"2026-09-21T16:08:26.200Z";"anonymous";"b5c7e78e-ec56-42a2-9611-65e6fb705a60";"D2";"2";"D2 — Problem Description";"Loose end cap bolts found at final audit";"Loose end cap bolts found at final audit";;;;;"{""problem"":{""statement"":""Loose end cap bolts found at final audit"",""isIsNot"":{""is"":""G45 end caps - WC-ASSY-08 - Shift B units built while the torque wrench was away for calibration"",""isNot"":""G45 built on Shift A and Shift C - WC-ASSY-11 - wrench available throughout"",""notes"":""Defect window matches the calibration absence exactly""},""w2h"":{}}}";"{
  ""fields"": [
    {
      ""key"": ""problem.complaintReference"",
      ""label"": ""Complaint reference"",
      ""widget"": ""complaint-reference"",
      ""dataType"": ""string"",
      ""colSpan"": 12,
      ""constraints"": {},
      ""xSource"": ""sap_qm"",
      ""description"": ""Read from the SAP QM customer reference on the case. The AI never writes this.""
    },
    {
      ""key"": ""problem.statement"",
      ""label"": ""Problem statement"",
      ""widget"": ""problem-statement"",
      ""dataType"": ""string"",
      ""colSpan"": 12,
      ""constraints"": {
        ""required"": true,
        ""minLength"": 30,
        ""maxLength"": 600
      }
    },
    {
      ""key"": ""problem.statementOverride"",
      ""label"": ""Problem statement (edited)"",
      ""widget"": ""text"",
      ""dataType"": ""string"",
      ""colSpan"": 12,
      ""constraints"": {},
      ""xSource"": ""manual_input"",
      ""description"": ""Edited by the quality engineer on the report screen. The AI never writes this.""
    },
    {
      ""key"": ""problem.what"",
      ""label"": ""What"",
      ""widget"": ""w2h-cell"",
      ""dataType"": ""string"",
      ""colSpan"": 4,
      ""constraints"": {
        ""required"": true
      }
    },
    {
      ""key"": ""problem.where"",
      ""label"": ""Where"",
      ""widget"": ""w2h-cell"",
      ""dataType"": ""string"",
      ""colSpan"": 4,
      ""constraints"": {
        ""required"": true
      }
    },
    {
      ""key"": ""problem.when"",
      ""label"": ""When"",
      ""widget"": ""w2h-cell"",
      ""dataType"": ""string"",
      ""colSpan"": 4,
      ""constraints"": {}
    },
    {
      ""key"": ""problem.who"",
      ""label"": ""Who"",
      ""widget"": ""w2h-cell"",
      ""dataType"": ""string"",
      ""colSpan"": 4,
      ""constraints"": {}
    },
    {
      ""key"": ""problem.how"",
      ""label"": ""How"",
      ""widget"": ""w2h-cell"",
      ""dataType"": ""string"",
      ""colSpan"": 4,
      ""constraints"": {}
    },
    {
      ""key"": ""problem.extent"",
      ""label"": ""How Many"",
      ""widget"": ""w2h-cell"",
      ""dataType"": ""string"",
      ""colSpan"": 4,
      ""constraints"": {
        ""required"": true
      }
    },
    {
      ""key"": ""problem.impact"",
      ""label"": ""Business / customer impact"",
      ""widget"": ""text"",
      ""dataType"": ""string"",
      ""colSpan"": 12,
      ""constraints"": {}
    },
    {
      ""key"": ""problem.is"",
      ""label"": ""Is"",
      ""widget"": ""is-box"",
      ""dataType"": ""array"",
      ""colSpan"": 6,
      ""constraints"": {},
      ""items"": {
        ""type"": ""string""
      }
    },
    {
      ""key"": ""problem.isNot"",
      ""label"": ""Is not"",
      ""widget"": ""isnot-box"",
      ""dataType"": ""array"",
      ""colSpan"": 6,
      ""constraints"": {},
      ""items"": {
        ""type"": ""string""
      }
    },
    {
      ""key"": ""problem.isIsNotStatus"",
      ""label"": ""Is / Is-Not status"",
      ""widget"": ""callout"",
      ""dataType"": ""string"",
      ""colSpan"": 12,
      ""constraints"": {}
    },
    {
      ""key"": ""problem.isIsNotBasis"",
      ""label"": ""Is / Is-Not basis"",
      ""widget"": ""markdown"",
      ""dataType"": ""string"",
      ""colSpan"": 12,
      ""constraints"": {}
    },
    {
      ""key"": ""problem.measuredEvidence"",
      ""label"": ""Measured evidence"",
      ""widget"": ""table"",
      ""dataType"": ""array"",
      ""colSpan"": 12,
      ""constraints"": {},
      ""items"": {
        ""type"": ""object"",
        ""properties"": {
          ""characteristic"": {
            ""type"": ""string"",
            ""maxLength"": 120,
            ""description"": ""ONLY the characteristic name, e.g. \""Burr height\"". No value, no verdict.""
          },
          ""measured"": {
            ""type"": ""string"",
            ""maxLength"": 60,
            ""description"": ""ONLY the measured value with its unit, e.g. \""0.32 mm\"".""
          },
          ""specification"": {
            ""type"": ""string"",
            ""maxLength"": 60,
            ""description"": ""ONLY the specification limit with its unit, e.g. \""max 0.10 mm\"".""
          },
          ""assessment"": {
            ""type"": ""string"",
            ""maxLength"": 120,
            ""description"": ""ONLY the verdict, e.g. \""Out of tolerance\"" or \""Within spec\"". No restatement of the numbers.""
          }
        }
      }
    },
    {
      ""key"": ""problem.gaps"",
      ""label"": ""Missing facts"",
      ""widget"": ""warning-list"",
      ""dataType"": ""array"",
      ""colSpan"": 12,
      ""constraints"": {},
      ""items"": {
        ""type"": ""string""
      }
    },
    {
      ""key"": ""sources"",
      ""label"": ""Evidence and traceability"",
      ""widget"": ""evidence-list"",
      ""dataType"": ""array"",
      ""colSpan"": 12,
      ""constraints"": {},
      ""items"": {
        ""type"": ""string""
      }
    }
  ],
  ""groups"": [
    {
      ""id"": ""d2-ai-result"",
      ""label"": ""AI-generated problem description"",
      ""fieldKeys"": [
        ""problem.complaintReference"",
        ""problem.statement"",
        ""problem.what"",
        ""problem.where"",
        ""problem.when"",
        ""problem.who"",
        ""problem.how"",
        ""problem.extent"",
        ""problem.is"",
        ""problem.isNot"",
        ""problem.isIsNotStatus"",
        ""problem.isIsNotBasis""
      ],
      ""width"": ""100"",
      ""columns"": 12,
      ""order"": 10
    }
  ]
}";;;"1";"Approved";"AI Lead / Quality Manager";"2026-09-22 14:25:18";;;"Completed"
"b7307be0-7945-4f84-8fa4-e9163724eee7";"2026-09-21T16:08:26.200Z";"anonymous";"2026-09-21T16:08:26.200Z";"anonymous";"b5c7e78e-ec56-42a2-9611-65e6fb705a60";"D3";"3";"D3 — Containment Actions";"Containment actions established.";"Containment actions established.";;;;;"{""containment"":{""actions"":[{""lineNo"":1,""actionType"":""Containment"",""actionText"":""Recall and re-torque all 63 units from the affected Shift B window"",""status"":""Done""}]}}";"{
  ""fields"": [
    {
      ""key"": ""containment.actions"",
      ""label"": ""Containment actions"",
      ""widget"": ""action-cards"",
      ""dataType"": ""array"",
      ""colSpan"": 12,
      ""constraints"": {
        ""required"": true,
        ""minItems"": 1
      },
      ""items"": {
        ""type"": ""object"",
        ""properties"": {
          ""action"": {
            ""type"": ""string"",
            ""description"": ""Short concise action description without boilerplate prefix. Start with the imperative verb naming the PRIMARY work, e.g. \""Quarantine 85 housings at the outgoing dock\"".""
          },
          ""owner"": {
            ""type"": ""string"",
            ""maxLength"": 120,
            ""description"": ""The team member from D1 (team.roster or team.leader/members) assigned to this containment action, selected by matching their role/responsibility to the work required. E.g. \""Karl Wagner\"" or \""DungTruonghyhy\"".""
          },
          ""status"": {
            ""type"": ""string"",
            ""enum"": [
              ""Planned"",
              ""In Process"",
              ""Done"",
              ""Verified""
            ]
          }
        }
      }
    },
    {
      ""key"": ""containment.gaps"",
      ""label"": ""Open containment gaps"",
      ""widget"": ""warning-list"",
      ""dataType"": ""array"",
      ""colSpan"": 12,
      ""constraints"": {},
      ""items"": {
        ""type"": ""string""
      }
    },
    {
      ""key"": ""sources"",
      ""label"": ""Evidence and traceability"",
      ""widget"": ""evidence-list"",
      ""dataType"": ""array"",
      ""colSpan"": 12,
      ""constraints"": {},
      ""items"": {
        ""type"": ""string""
      }
    }
  ],
  ""groups"": [
    {
      ""id"": ""d3-ai-result"",
      ""label"": ""Containment plan"",
      ""fieldKeys"": [
        ""containment.actions"",
        ""containment.gaps"",
        ""sources""
      ],
      ""width"": ""100"",
      ""columns"": 12,
      ""order"": 10
    }
  ]
}";;;"1";"Approved";"AI Lead / Quality Manager";"2026-09-22 14:25:18";;;"Completed"
"a49e340d-1d0c-4428-9d66-053031a18591";"2026-09-21T16:08:26.200Z";"anonymous";"2026-09-21T16:08:26.200Z";"anonymous";"b5c7e78e-ec56-42a2-9611-65e6fb705a60";"D4";"4";"D4 — Root Cause Analysis";"Root cause identified as Man.";"Root cause identified as Man.";;;;;"{""rootCause"":{""category"":""Man"",""whyChain"":[],""ishikawa"":[{""category"":""Man"",""description"":""EMP-4471, Shift B - torque wrench sign-off missing on 63 consecutive units; operator ran the final pass by hand after the wrench was sent for calibration"",""metricValue"":""63 units without sign-off"",""isRootCause"":true,""source"":""ASSUMED: MES/HR""},{""category"":""Machine"",""description"":""EQ-ASSY08-002 nutrunner self-test passed each shift start"",""metricValue"":""all passes"",""isRootCause"":false,""source"":""SAP: EQUI/AFIH (PM)""},{""category"":""Method"",""description"":""DOC-7702 Rev F - assembly instruction specifies 36 Nm and a mandatory wrench sign-off; text unchanged"",""metricValue"":null,""isRootCause"":false,""source"":""SAP: DRAW/PLPO (DMS+Routing)""},{""category"":""Material"",""description"":""Bolt lot BLT-8890 tensile and thread gauge PASS"",""metricValue"":null,""isRootCause"":false,""source"":""SAP: QALS/QAMR (incoming)""},{""category"":""Measurement"",""description"":""Audit torque tester GA-0210, last cal 2026-06-02, R&R 6.0%"",""metricValue"":""6.0%"",""isRootCause"":false,""source"":""SAP: Test Equipment Mgmt""},{""category"":""Environment"",""description"":""21.8C / 45% RH, nominal"",""metricValue"":null,""isRootCause"":false,""source"":""ASSUMED: MES/IoT""}]}}";"{
  ""fields"": [
    {
      ""key"": ""rootCause.statement"",
      ""label"": ""Root cause"",
      ""widget"": ""ai-draft"",
      ""dataType"": ""string"",
      ""colSpan"": 12,
      ""constraints"": {
        ""required"": true,
        ""minLength"": 10,
        ""maxLength"": 320
      }
    },
    {
      ""key"": ""rootCause.ishikawaBoard"",
      ""label"": ""Ishikawa"",
      ""widget"": ""ishikawa-grid"",
      ""dataType"": ""array"",
      ""colSpan"": 12,
      ""constraints"": {
        ""required"": true,
        ""minItems"": 6
      },
      ""description"": ""Always one row per 6M category with a concise 1-sentence verdict. Copy a recorded assessment verbatim with source=recorded; for a category with no recorded entry propose a brief verdict from evidence with source=proposed, or write \""not assessed\"". Never write audit plans or long essays in cells."",
      ""items"": {
        ""type"": ""object"",
        ""properties"": {
          ""category"": {
            ""type"": ""string"",
            ""enum"": [
              ""Man"",
              ""Machine"",
              ""Method"",
              ""Material"",
              ""Measurement"",
              ""Environment""
            ]
          },
          ""finding"": {
            ""type"": ""string"",
            ""maxLength"": 220,
            ""description"": ""The concise VERDICT for this branch, e.g. clamp pad worn 0.2 mm, or gauge R&R 8%, or not assessed. Never a list of evidence to gather - that goes in evidenceGaps once. Never the category name.""
          },
          ""isRootCause"": {
            ""type"": ""boolean"",
            ""description"": ""True for at most ONE branch in the whole board.""
          },
          ""source"": {
            ""type"": ""string"",
            ""enum"": [
              ""recorded"",
              ""proposed""
            ]
          }
        },
        ""required"": [
          ""category"",
          ""finding"",
          ""isRootCause"",
          ""source""
        ]
      }
    },
    {
      ""key"": ""rootCause.fiveWhy"",
      ""label"": ""5-Why chain"",
      ""widget"": ""why-chain"",
      ""dataType"": ""array"",
      ""colSpan"": 12,
      ""constraints"": {
        ""required"": true,
        ""minItems"": 1
      },
      ""items"": {
        ""type"": ""object"",
        ""properties"": {
          ""step"": {
            ""type"": ""integer"",
            ""description"": ""Position in the chain, starting at 1.""
          },
          ""why"": {
            ""type"": ""string"",
            ""maxLength"": 140,
            ""description"": ""The question only, ending in a question mark. Keep it short and crisp.""
          },
          ""answer"": {
            ""type"": ""string"",
            ""maxLength"": 200,
            ""description"": ""The answer only: 1 concise direct sentence naming the cause. Never repeat the question, never list audit procedures or evidence still to be gathered.""
          },
          ""evidence"": {
            ""type"": ""string"",
            ""maxLength"": 200,
            ""description"": ""The CaseContext path or measurement backing the answer. Concise citation only.""
          }
        },
        ""required"": [
          ""step"",
          ""why"",
          ""answer"",
          ""evidence""
        ]
      }
    },
    {
      ""key"": ""rootCause.evidenceGaps"",
      ""label"": ""Evidence gaps"",
      ""widget"": ""warning-list"",
      ""dataType"": ""array"",
      ""colSpan"": 12,
      ""constraints"": {},
      ""items"": {
        ""type"": ""string""
      }
    },
    {
      ""key"": ""sources"",
      ""label"": ""Evidence and traceability"",
      ""widget"": ""evidence-list"",
      ""dataType"": ""array"",
      ""colSpan"": 12,
      ""constraints"": {},
      ""items"": {
        ""type"": ""string""
      }
    }
  ],
  ""groups"": [
    {
      ""id"": ""d4-ai-result"",
      ""label"": ""Root cause analysis"",
      ""fieldKeys"": [
        ""rootCause.statement"",
        ""rootCause.ishikawaBoard"",
        ""rootCause.fiveWhy"",
        ""rootCause.evidenceGaps"",
        ""sources""
      ],
      ""width"": ""100"",
      ""columns"": 12,
      ""order"": 10
    }
  ]
}";;;"1";"Approved";"AI Lead / Quality Manager";"2026-09-22 14:25:18";;;"Completed"
"a705a6c4-dfad-4229-8b9f-c3435d54211e";"2026-09-21T16:08:26.200Z";"anonymous";"2026-09-21T16:08:26.200Z";"anonymous";"b5c7e78e-ec56-42a2-9611-65e6fb705a60";"D5";"5";"D5 — Corrective Actions";"Permanent corrective actions defined.";"Permanent corrective actions defined.";;;;;"{""corrective"":{""actions"":[{""lineNo"":2,""actionType"":""Corrective"",""actionText"":""Stage a calibrated backup nutrunner at WC-ASSY-08 before any tool leaves for calibration"",""status"":""Verified""}]}}";"{
  ""fields"": [
    {
      ""key"": ""corrective.actions"",
      ""label"": ""Permanent corrective actions"",
      ""widget"": ""action-cards"",
      ""dataType"": ""array"",
      ""colSpan"": 12,
      ""constraints"": {
        ""required"": true,
        ""minItems"": 1
      },
      ""items"": {
        ""type"": ""object"",
        ""properties"": {
          ""action"": {
            ""type"": ""string"",
            ""maxLength"": 240,
            ""description"": ""The action and its trigger, starting with the imperative verb that names the PRIMARY work. No owner, no status, no rationale - those are separate fields.""
          },
          ""owner"": {
            ""type"": ""string"",
            ""maxLength"": 120,
            ""description"": ""The team member from D1 (team.roster or team.leader/members) assigned to this corrective action, selected by matching their role/responsibility to the root cause fix. E.g. \""Karl Wagner\"" or \""Minh Dinh\"".""
          },
          ""status"": {
            ""type"": ""string"",
            ""maxLength"": 40,
            ""description"": ""ONLY the current status, one or two words, e.g. \""Planned\"", \""In progress\"", \""Done\"".""
          },
          ""origin"": {
            ""type"": ""string"",
            ""maxLength"": 60,
            ""description"": ""ONLY where it came from: \""recorded\"" for an action already in the case, or \""precedents#N\"" for a proposal.""
          },
          ""protection"": {
            ""type"": ""string"",
            ""maxLength"": 200,
            ""description"": ""One line.""
          }
        }
      }
    },
    {
      ""key"": ""sources"",
      ""label"": ""Evidence and traceability"",
      ""widget"": ""evidence-list"",
      ""dataType"": ""array"",
      ""colSpan"": 12,
      ""constraints"": {},
      ""items"": {
        ""type"": ""string""
      }
    }
  ],
  ""groups"": [
    {
      ""id"": ""d5-ai-result"",
      ""label"": ""AI-generated corrective plan"",
      ""fieldKeys"": [
        ""corrective.actions""
      ],
      ""width"": ""100"",
      ""columns"": 12,
      ""order"": 10
    }
  ]
}";;;"1";"Approved";"AI Lead / Quality Manager";"2026-09-22 14:25:18";;;"Completed"
"dfcf886e-8d37-4844-a99b-84fdf995484c";"2026-09-21T16:08:26.200Z";"anonymous";"2026-09-21T16:08:26.200Z";"anonymous";"b5c7e78e-ec56-42a2-9611-65e6fb705a60";"D6";"6";"D6 — Verification of Effectiveness";"Verification plan executed.";"Verification plan executed.";;;;;"{""verification"":{""status"":""Verified"",""notes"":""Corrective actions verified on line.""}}";"{
  ""fields"": [
    {
      ""key"": ""verification.objective"",
      ""label"": ""Verification objective"",
      ""widget"": ""callout"",
      ""dataType"": ""string"",
      ""colSpan"": 12,
      ""constraints"": {
        ""required"": true,
        ""maxLength"": 260
      }
    },
    {
      ""key"": ""verification.plan"",
      ""label"": ""Verification plan"",
      ""widget"": ""table"",
      ""dataType"": ""array"",
      ""colSpan"": 12,
      ""constraints"": {
        ""required"": true,
        ""minItems"": 1
      },
      ""items"": {
        ""type"": ""object"",
        ""properties"": {
          ""measure"": {
            ""type"": ""string"",
            ""maxLength"": 200,
            ""description"": ""One line.""
          },
          ""sampleSize"": {
            ""type"": ""string"",
            ""maxLength"": 80,
            ""description"": ""ONLY the sample size, e.g. \""30 parts per shift\"".""
          },
          ""period"": {
            ""type"": ""string"",
            ""maxLength"": 60,
            ""description"": ""ONLY the period over which it runs, e.g. \""4 weeks\"".""
          },
          ""acceptanceCriterion"": {
            ""type"": ""string"",
            ""maxLength"": 220,
            ""description"": ""The pass/fail threshold with its number, anchored to a real specification value.""
          },
          ""signOff"": {
            ""type"": ""string"",
            ""maxLength"": 120,
            ""description"": ""ONLY the role that signs it off.""
          }
        }
      }
    },
    {
      ""key"": ""verification.evidenceStatus"",
      ""label"": ""Evidence status"",
      ""widget"": ""status"",
      ""dataType"": ""string"",
      ""colSpan"": 4,
      ""constraints"": {
        ""required"": true,
        ""enum"": [
          ""No evidence yet"",
          ""Partially verified"",
          ""Verified""
        ]
      }
    },
    {
      ""key"": ""sources"",
      ""label"": ""Evidence and traceability"",
      ""widget"": ""evidence-list"",
      ""dataType"": ""array"",
      ""colSpan"": 12,
      ""constraints"": {},
      ""items"": {
        ""type"": ""string""
      }
    }
  ],
  ""groups"": [
    {
      ""id"": ""d6-ai-result"",
      ""label"": ""AI-generated verification plan"",
      ""fieldKeys"": [
        ""verification.objective"",
        ""verification.plan""
      ],
      ""width"": ""100"",
      ""columns"": 12,
      ""order"": 10
    }
  ]
}";;;"1";"Approved";"AI Lead / Quality Manager";"2026-09-22 14:25:18";;;"Completed"
"c4161897-141b-4f5d-b612-07d110dc05b7";"2026-09-21T16:08:26.200Z";"anonymous";"2026-09-21T16:08:26.200Z";"anonymous";"b5c7e78e-ec56-42a2-9611-65e6fb705a60";"D7";"7";"D7 — Preventive Actions";"Preventive measures implemented.";"Preventive measures implemented.";;;;;"{""preventive"":{""actions"":[{""lineNo"":3,""actionType"":""Preventive"",""actionText"":""Make the MES step refuse a unit sign-off unless a calibrated torque tool ID is scanned"",""status"":""Verified in production""}]}}";"{
  ""fields"": [
    {
      ""key"": ""preventive.actions"",
      ""label"": ""Preventive actions"",
      ""widget"": ""action-cards"",
      ""dataType"": ""array"",
      ""colSpan"": 12,
      ""constraints"": {
        ""required"": true,
        ""minItems"": 1
      },
      ""items"": {
        ""type"": ""object"",
        ""properties"": {
          ""action"": {
            ""type"": ""string"",
            ""maxLength"": 240,
            ""description"": ""The action and its trigger, starting with the imperative verb that names the PRIMARY work. No owner, no status, no rationale - those are separate fields.""
          },
          ""owner"": {
            ""type"": ""string"",
            ""maxLength"": 120,
            ""description"": ""The team member from D1 (team.roster or team.leader/members) assigned to this preventive action, selected by matching their role/responsibility to the systemic/FMEA fix. E.g. \""Minh Dinh\"" or \""DungTruonghyhy\"".""
          },
          ""status"": {
            ""type"": ""string"",
            ""maxLength"": 40,
            ""description"": ""ONLY the current status, one or two words, e.g. \""Planned\"", \""In progress\"", \""Done\"".""
          },
          ""origin"": {
            ""type"": ""string"",
            ""maxLength"": 60,
            ""description"": ""ONLY where it came from: \""recorded\"" for an action already in the case, or \""precedents#N\"" for a proposal.""
          },
          ""protection"": {
            ""type"": ""string"",
            ""maxLength"": 200,
            ""description"": ""One line.""
          }
        }
      }
    },
    {
      ""key"": ""preventive.fmea"",
      ""label"": ""FMEA entry to update"",
      ""widget"": ""fmea-link"",
      ""dataType"": ""object"",
      ""colSpan"": 12,
      ""constraints"": {},
      ""properties"": {
        ""fmeaId"": {
          ""type"": ""string""
        },
        ""description"": {
          ""type"": ""string""
        },
        ""change"": {
          ""type"": ""string""
        },
        ""currentRating"": {
          ""type"": ""string""
        },
        ""proposedRating"": {
          ""type"": ""string""
        }
      }
    },
    {
      ""key"": ""sources"",
      ""label"": ""Evidence and traceability"",
      ""widget"": ""evidence-list"",
      ""dataType"": ""array"",
      ""colSpan"": 12,
      ""constraints"": {},
      ""items"": {
        ""type"": ""string""
      }
    }
  ],
  ""groups"": [
    {
      ""id"": ""d7-ai-result"",
      ""label"": ""AI-generated preventive plan"",
      ""fieldKeys"": [
        ""preventive.actions"",
        ""preventive.fmea""
      ],
      ""width"": ""100"",
      ""columns"": 12,
      ""order"": 10
    }
  ]
}";;;"1";"Approved";"AI Lead / Quality Manager";"2026-09-22 14:25:18";;;"Completed"
"40f0dcfd-f5dd-40a3-a129-740a9c077633";"2026-09-21T16:08:26.200Z";"anonymous";"2026-09-21T16:08:26.200Z";"anonymous";"b5c7e78e-ec56-42a2-9611-65e6fb705a60";"D8";"8";"D8 — Closure & Team Recognition";"8D report closed.";"8D report closed.";;;;;"{""closure"":{""gate"":{""status"":""Closed"",""readyForClosure"":true}}}";"{
  ""fields"": [
    {
      ""key"": ""closure.gate"",
      ""label"": ""Closure readiness"",
      ""widget"": ""closure-gate"",
      ""dataType"": ""object"",
      ""colSpan"": 12,
      ""constraints"": {},
      ""xSource"": ""manual_input"",
      ""description"": ""Computed from the review status of D1-D7. The AI never writes this."",
      ""properties"": {}
    },
    {
      ""key"": ""closure.costOfPoorQuality"",
      ""label"": ""Cost of poor quality"",
      ""widget"": ""text"",
      ""dataType"": ""string"",
      ""colSpan"": 4,
      ""constraints"": {},
      ""xSource"": ""sap_qm"",
      ""description"": ""Read from the case. The AI never writes this.""
    },
    {
      ""key"": ""closure.lessonsWhatWorked"",
      ""label"": ""What worked"",
      ""widget"": ""markdown"",
      ""dataType"": ""string"",
      ""colSpan"": 6,
      ""constraints"": {
        ""required"": true,
        ""minLength"": 20
      }
    },
    {
      ""key"": ""closure.lessonsWhatDidNot"",
      ""label"": ""What did not"",
      ""widget"": ""markdown"",
      ""dataType"": ""string"",
      ""colSpan"": 6,
      ""constraints"": {
        ""required"": true,
        ""minLength"": 20
      }
    },
    {
      ""key"": ""closure.teamRecognition"",
      ""label"": ""Team recognition"",
      ""widget"": ""markdown"",
      ""dataType"": ""string"",
      ""colSpan"": 12,
      ""constraints"": {}
    },
    {
      ""key"": ""closure.openItems"",
      ""label"": ""Still open at closure"",
      ""widget"": ""warning-list"",
      ""dataType"": ""array"",
      ""colSpan"": 12,
      ""constraints"": {},
      ""items"": {
        ""type"": ""string""
      }
    },
    {
      ""key"": ""sources"",
      ""label"": ""Evidence and traceability"",
      ""widget"": ""evidence-list"",
      ""dataType"": ""array"",
      ""colSpan"": 12,
      ""constraints"": {},
      ""items"": {
        ""type"": ""string""
      }
    }
  ],
  ""groups"": [
    {
      ""id"": ""d8-ai-result"",
      ""label"": ""AI-generated closure summary"",
      ""fieldKeys"": [
        ""closure.gate"",
        ""closure.costOfPoorQuality"",
        ""closure.lessonsWhatWorked"",
        ""closure.lessonsWhatDidNot"",
        ""closure.teamRecognition""
      ],
      ""width"": ""100"",
      ""columns"": 12,
      ""order"": 10
    }
  ]
}";;;"1";"Approved";"AI Lead / Quality Manager";"2026-09-22 14:25:18";;;"Completed"
"82927b3f-8019-460c-8e73-af03fd4d54c3";"2026-09-21T16:08:26.204Z";"anonymous";"2026-09-21T16:08:26.204Z";"anonymous";"124af321-e864-458a-9d2f-e52d81233522";"D1";"1";"D1 — Team Roster";"Formed cross-functional 8D team.";"Formed cross-functional 8D team.";;;;;"{""team"":{""roster"":[{""name"":""Dario Conti"",""organizationalRole"":""Bonding Process Engineer"",""assigned8DRole"":""8D Team Member"",""caseResponsibility"":""Bonding Process Engineer""},{""name"":""Eva Lindqvist"",""organizationalRole"":""Facilities Engineer"",""assigned8DRole"":""8D Team Member"",""caseResponsibility"":""Facilities Engineer""},{""name"":""Minh Dinh"",""organizationalRole"":""Production Engineer"",""assigned8DRole"":""8D Team Member"",""caseResponsibility"":""Production Engineer""}],""assignedRoster"":[{""partnerId"":""100001"",""partnerRole"":""8D Team Leader""},{""partnerId"":""100102"",""partnerRole"":""8D Team Member""},{""partnerId"":""100115"",""partnerRole"":""8D Team Member""},{""partnerId"":""100012"",""partnerRole"":""8D Team Member""}]}}";"{
  ""fields"": [
    {
      ""key"": ""team.objective"",
      ""label"": ""Team objective"",
      ""widget"": ""callout"",
      ""dataType"": ""string"",
      ""colSpan"": 12,
      ""constraints"": {
        ""required"": true,
        ""minLength"": 20,
        ""maxLength"": 260
      }
    },
    {
      ""key"": ""team.selectionMethod"",
      ""label"": ""Selection method"",
      ""widget"": ""status"",
      ""dataType"": ""string"",
      ""colSpan"": 4,
      ""constraints"": {
        ""required"": true,
        ""enum"": [
          ""Current case team"",
          ""Precedent recommendation"",
          ""Hybrid"",
          ""Roles only - assignment required""
        ]
      }
    },
    {
      ""key"": ""team.problemCapabilities"",
      ""label"": ""Capabilities required by this problem"",
      ""widget"": ""tag-selector"",
      ""dataType"": ""array"",
      ""colSpan"": 8,
      ""constraints"": {
        ""required"": true,
        ""minItems"": 1
      },
      ""items"": {
        ""type"": ""string""
      }
    },
    {
      ""key"": ""team.selectionRationale"",
      ""label"": ""How the team was selected"",
      ""widget"": ""markdown"",
      ""dataType"": ""string"",
      ""colSpan"": 12,
      ""constraints"": {
        ""required"": true,
        ""minLength"": 60,
        ""maxLength"": 1600
      }
    },
    {
      ""key"": ""team.roster"",
      ""label"": ""AI suggest"",
      ""widget"": ""ai-suggest"",
      ""dataType"": ""array"",
      ""colSpan"": 12,
      ""constraints"": {
        ""required"": true,
        ""minItems"": 1
      },
      ""items"": {
        ""type"": ""object"",
        ""properties"": {
          ""name"": {
            ""type"": ""string"",
            ""maxLength"": 120,
            ""description"": ""ONLY the person name, or \""Unassigned\"". No role, no reasoning.""
          },
          ""organizationalRole"": {
            ""type"": ""string"",
            ""maxLength"": 120,
            ""description"": ""ONLY their job title in the organisation, e.g. \""Quality Engineer\"".""
          },
          ""assigned8DRole"": {
            ""type"": ""string"",
            ""maxLength"": 60,
            ""description"": ""ONLY their role in THIS 8D, e.g. \""Team Leader\"" or \""Team Member\"".""
          },
          ""caseResponsibility"": {
            ""type"": ""string"",
            ""maxLength"": 200,
            ""description"": ""What this person is accountable for here. Never a job title.""
          },
          ""selectionReason"": {
            ""type"": ""string"",
            ""maxLength"": 220,
            ""description"": ""Why this person, in one line. Do not repeat the name or the role.""
          },
          ""servedOnCount"": {
            ""type"": ""integer"",
            ""description"": ""How many qualifying precedent cases this person served on. Rank the roster by this value, descending.""
          },
          ""sourceType"": {
            ""type"": ""string"",
            ""enum"": [
              ""current_case"",
              ""precedent"",
              ""unassigned""
            ]
          },
          ""sourcePath"": {
            ""type"": ""string"",
            ""maxLength"": 80,
            ""description"": ""ONLY the resolvable path: team.leader, team.members#N, precedents#N.team#M, or team.gaps.""
          },
          ""sourceCase"": {
            ""type"": ""string"",
            ""maxLength"": 60,
            ""description"": ""ONLY the precedent notification id, when the person came from a precedent.""
          }
        },
        ""required"": [
          ""name"",
          ""organizationalRole"",
          ""assigned8DRole"",
          ""caseResponsibility"",
          ""selectionReason"",
          ""sourceType"",
          ""sourcePath""
        ]
      }
    },
    {
      ""key"": ""team.assignedRoster"",
      ""label"": ""Decision table"",
      ""widget"": ""decision-table"",
      ""dataType"": ""array"",
      ""colSpan"": 12,
      ""constraints"": {},
      ""xSource"": ""manual_input"",
      ""description"": ""Filled in by the quality engineer on the report screen. The AI never writes this."",
      ""items"": {
        ""type"": ""object"",
        ""properties"": {
          ""partnerId"": {
            ""type"": ""string""
          },
          ""partnerName"": {
            ""type"": ""string""
          },
          ""functionTitle"": {
            ""type"": ""string""
          },
          ""partnerRole"": {
            ""type"": ""string"",
            ""enum"": [
              ""8D Team Leader"",
              ""8D Team Member""
            ]
          }
        }
      }
    },
    {
      ""key"": ""team.readinessStatus"",
      ""label"": ""Team readiness"",
      ""widget"": ""status"",
      ""dataType"": ""string"",
      ""colSpan"": 3,
      ""constraints"": {
        ""required"": true,
        ""enum"": [
          ""Ready"",
          ""Partial"",
          ""Needs assignment""
        ]
      }
    },
    {
      ""key"": ""team.readinessRationale"",
      ""label"": ""Readiness assessment"",
      ""widget"": ""markdown"",
      ""dataType"": ""string"",
      ""colSpan"": 9,
      ""constraints"": {
        ""required"": true,
        ""minLength"": 30,
        ""maxLength"": 500
      }
    },
    {
      ""key"": ""team.uncoveredCapabilities"",
      ""label"": ""Uncovered capabilities"",
      ""widget"": ""warning-list"",
      ""dataType"": ""array"",
      ""colSpan"": 6,
      ""constraints"": {},
      ""items"": {
        ""type"": ""string""
      }
    },
    {
      ""key"": ""team.sourceSummary"",
      ""label"": ""Where the team recommendation came from"",
      ""widget"": ""markdown"",
      ""dataType"": ""string"",
      ""colSpan"": 6,
      ""constraints"": {
        ""required"": true,
        ""minLength"": 30,
        ""maxLength"": 500
      }
    },
    {
      ""key"": ""team.suggestionStatus"",
      ""label"": ""Suggestion status"",
      ""widget"": ""callout"",
      ""dataType"": ""string"",
      ""colSpan"": 12,
      ""constraints"": {}
    },
    {
      ""key"": ""sources"",
      ""label"": ""Source records"",
      ""widget"": ""evidence-list"",
      ""dataType"": ""array"",
      ""colSpan"": 12,
      ""constraints"": {
        ""pattern"": ""^(team\\.|precedents#)""
      },
      ""items"": {
        ""type"": ""string""
      }
    }
  ],
  ""groups"": [
    {
      ""id"": ""d1-decision-table"",
      ""label"": ""Decision Table"",
      ""fieldKeys"": [
        ""team.assignedRoster"",
        ""team.suggestionStatus""
      ],
      ""width"": ""100"",
      ""columns"": 12,
      ""order"": 10
    }
  ]
}";;;"1";"Approved";"AI Lead / Quality Manager";"2026-09-22 14:25:18";;;"Completed"
"d0d75909-3176-4b83-8055-b29f0b1f991b";"2026-09-21T16:08:26.204Z";"anonymous";"2026-09-21T16:08:26.204Z";"anonymous";"124af321-e864-458a-9d2f-e52d81233522";"D2";"2";"D2 — Problem Description";"Sensor mounts detaching in customer assembly";"Sensor mounts detaching in customer assembly";;;;;"{""problem"":{""statement"":""Sensor mounts detaching in customer assembly"",""isIsNot"":{""is"":""S22 brackets bonded in WC-BOND-02 between 2026-07-06 and 07-09"",""isNot"":""S22 bonded before 07-06 or after 07-10 - WC-BOND-05 with a working dehumidifier"",""notes"":""Defect window matches the dehumidifier outage exactly, not the adhesive lot""},""w2h"":{}}}";"{
  ""fields"": [
    {
      ""key"": ""problem.complaintReference"",
      ""label"": ""Complaint reference"",
      ""widget"": ""complaint-reference"",
      ""dataType"": ""string"",
      ""colSpan"": 12,
      ""constraints"": {},
      ""xSource"": ""sap_qm"",
      ""description"": ""Read from the SAP QM customer reference on the case. The AI never writes this.""
    },
    {
      ""key"": ""problem.statement"",
      ""label"": ""Problem statement"",
      ""widget"": ""problem-statement"",
      ""dataType"": ""string"",
      ""colSpan"": 12,
      ""constraints"": {
        ""required"": true,
        ""minLength"": 30,
        ""maxLength"": 600
      }
    },
    {
      ""key"": ""problem.statementOverride"",
      ""label"": ""Problem statement (edited)"",
      ""widget"": ""text"",
      ""dataType"": ""string"",
      ""colSpan"": 12,
      ""constraints"": {},
      ""xSource"": ""manual_input"",
      ""description"": ""Edited by the quality engineer on the report screen. The AI never writes this.""
    },
    {
      ""key"": ""problem.what"",
      ""label"": ""What"",
      ""widget"": ""w2h-cell"",
      ""dataType"": ""string"",
      ""colSpan"": 4,
      ""constraints"": {
        ""required"": true
      }
    },
    {
      ""key"": ""problem.where"",
      ""label"": ""Where"",
      ""widget"": ""w2h-cell"",
      ""dataType"": ""string"",
      ""colSpan"": 4,
      ""constraints"": {
        ""required"": true
      }
    },
    {
      ""key"": ""problem.when"",
      ""label"": ""When"",
      ""widget"": ""w2h-cell"",
      ""dataType"": ""string"",
      ""colSpan"": 4,
      ""constraints"": {}
    },
    {
      ""key"": ""problem.who"",
      ""label"": ""Who"",
      ""widget"": ""w2h-cell"",
      ""dataType"": ""string"",
      ""colSpan"": 4,
      ""constraints"": {}
    },
    {
      ""key"": ""problem.how"",
      ""label"": ""How"",
      ""widget"": ""w2h-cell"",
      ""dataType"": ""string"",
      ""colSpan"": 4,
      ""constraints"": {}
    },
    {
      ""key"": ""problem.extent"",
      ""label"": ""How Many"",
      ""widget"": ""w2h-cell"",
      ""dataType"": ""string"",
      ""colSpan"": 4,
      ""constraints"": {
        ""required"": true
      }
    },
    {
      ""key"": ""problem.impact"",
      ""label"": ""Business / customer impact"",
      ""widget"": ""text"",
      ""dataType"": ""string"",
      ""colSpan"": 12,
      ""constraints"": {}
    },
    {
      ""key"": ""problem.is"",
      ""label"": ""Is"",
      ""widget"": ""is-box"",
      ""dataType"": ""array"",
      ""colSpan"": 6,
      ""constraints"": {},
      ""items"": {
        ""type"": ""string""
      }
    },
    {
      ""key"": ""problem.isNot"",
      ""label"": ""Is not"",
      ""widget"": ""isnot-box"",
      ""dataType"": ""array"",
      ""colSpan"": 6,
      ""constraints"": {},
      ""items"": {
        ""type"": ""string""
      }
    },
    {
      ""key"": ""problem.isIsNotStatus"",
      ""label"": ""Is / Is-Not status"",
      ""widget"": ""callout"",
      ""dataType"": ""string"",
      ""colSpan"": 12,
      ""constraints"": {}
    },
    {
      ""key"": ""problem.isIsNotBasis"",
      ""label"": ""Is / Is-Not basis"",
      ""widget"": ""markdown"",
      ""dataType"": ""string"",
      ""colSpan"": 12,
      ""constraints"": {}
    },
    {
      ""key"": ""problem.measuredEvidence"",
      ""label"": ""Measured evidence"",
      ""widget"": ""table"",
      ""dataType"": ""array"",
      ""colSpan"": 12,
      ""constraints"": {},
      ""items"": {
        ""type"": ""object"",
        ""properties"": {
          ""characteristic"": {
            ""type"": ""string"",
            ""maxLength"": 120,
            ""description"": ""ONLY the characteristic name, e.g. \""Burr height\"". No value, no verdict.""
          },
          ""measured"": {
            ""type"": ""string"",
            ""maxLength"": 60,
            ""description"": ""ONLY the measured value with its unit, e.g. \""0.32 mm\"".""
          },
          ""specification"": {
            ""type"": ""string"",
            ""maxLength"": 60,
            ""description"": ""ONLY the specification limit with its unit, e.g. \""max 0.10 mm\"".""
          },
          ""assessment"": {
            ""type"": ""string"",
            ""maxLength"": 120,
            ""description"": ""ONLY the verdict, e.g. \""Out of tolerance\"" or \""Within spec\"". No restatement of the numbers.""
          }
        }
      }
    },
    {
      ""key"": ""problem.gaps"",
      ""label"": ""Missing facts"",
      ""widget"": ""warning-list"",
      ""dataType"": ""array"",
      ""colSpan"": 12,
      ""constraints"": {},
      ""items"": {
        ""type"": ""string""
      }
    },
    {
      ""key"": ""sources"",
      ""label"": ""Evidence and traceability"",
      ""widget"": ""evidence-list"",
      ""dataType"": ""array"",
      ""colSpan"": 12,
      ""constraints"": {},
      ""items"": {
        ""type"": ""string""
      }
    }
  ],
  ""groups"": [
    {
      ""id"": ""d2-ai-result"",
      ""label"": ""AI-generated problem description"",
      ""fieldKeys"": [
        ""problem.complaintReference"",
        ""problem.statement"",
        ""problem.what"",
        ""problem.where"",
        ""problem.when"",
        ""problem.who"",
        ""problem.how"",
        ""problem.extent"",
        ""problem.is"",
        ""problem.isNot"",
        ""problem.isIsNotStatus"",
        ""problem.isIsNotBasis""
      ],
      ""width"": ""100"",
      ""columns"": 12,
      ""order"": 10
    }
  ]
}";;;"1";"Approved";"AI Lead / Quality Manager";"2026-09-22 14:25:18";;;"Completed"
"926e35db-2f48-4dc4-bb66-ed5e61fa87a1";"2026-09-21T16:08:26.204Z";"anonymous";"2026-09-21T16:08:26.204Z";"anonymous";"124af321-e864-458a-9d2f-e52d81233522";"D3";"3";"D3 — Containment Actions";"Containment actions established.";"Containment actions established.";;;;;"{""containment"":{""actions"":[{""lineNo"":1,""actionType"":""Containment"",""actionText"":""Block all S22 stock bonded in the outage window and pull-test a sample from every pallet"",""status"":""Done""},{""lineNo"":2,""actionType"":""Containment"",""actionText"":""Notify the customer and sort the 310 units already delivered"",""status"":""Done""}]}}";"{
  ""fields"": [
    {
      ""key"": ""containment.actions"",
      ""label"": ""Containment actions"",
      ""widget"": ""action-cards"",
      ""dataType"": ""array"",
      ""colSpan"": 12,
      ""constraints"": {
        ""required"": true,
        ""minItems"": 1
      },
      ""items"": {
        ""type"": ""object"",
        ""properties"": {
          ""action"": {
            ""type"": ""string"",
            ""description"": ""Short concise action description without boilerplate prefix. Start with the imperative verb naming the PRIMARY work, e.g. \""Quarantine 85 housings at the outgoing dock\"".""
          },
          ""owner"": {
            ""type"": ""string"",
            ""maxLength"": 120,
            ""description"": ""The team member from D1 (team.roster or team.leader/members) assigned to this containment action, selected by matching their role/responsibility to the work required. E.g. \""Karl Wagner\"" or \""DungTruonghyhy\"".""
          },
          ""status"": {
            ""type"": ""string"",
            ""enum"": [
              ""Planned"",
              ""In Process"",
              ""Done"",
              ""Verified""
            ]
          }
        }
      }
    },
    {
      ""key"": ""containment.gaps"",
      ""label"": ""Open containment gaps"",
      ""widget"": ""warning-list"",
      ""dataType"": ""array"",
      ""colSpan"": 12,
      ""constraints"": {},
      ""items"": {
        ""type"": ""string""
      }
    },
    {
      ""key"": ""sources"",
      ""label"": ""Evidence and traceability"",
      ""widget"": ""evidence-list"",
      ""dataType"": ""array"",
      ""colSpan"": 12,
      ""constraints"": {},
      ""items"": {
        ""type"": ""string""
      }
    }
  ],
  ""groups"": [
    {
      ""id"": ""d3-ai-result"",
      ""label"": ""Containment plan"",
      ""fieldKeys"": [
        ""containment.actions"",
        ""containment.gaps"",
        ""sources""
      ],
      ""width"": ""100"",
      ""columns"": 12,
      ""order"": 10
    }
  ]
}";;;"1";"Approved";"AI Lead / Quality Manager";"2026-09-22 14:25:18";;;"Completed"
"2da9e911-540e-4428-834f-eb7f92f6f8f7";"2026-09-21T16:08:26.204Z";"anonymous";"2026-09-21T16:08:26.204Z";"anonymous";"124af321-e864-458a-9d2f-e52d81233522";"D4";"4";"D4 — Root Cause Analysis";"Root cause identified as Environment.";"Root cause identified as Environment.";;;;;"{""rootCause"":{""category"":""Environment"",""whyChain"":[],""ishikawa"":[{""category"":""Man"",""description"":""EMP-5120, Shift A - surface prep steps signed off complete"",""metricValue"":null,""isRootCause"":false,""source"":""ASSUMED: MES/HR""},{""category"":""Machine"",""description"":""EQ-BOND02-001 dispenser volume within +/-2% of target all shift"",""metricValue"":""+1.3%"",""isRootCause"":false,""source"":""SAP: EQUI/AFIH (PM)""},{""category"":""Method"",""description"":""DOC-8815 Rev B - bonding procedure, cure profile unchanged since 2025-08"",""metricValue"":null,""isRootCause"":false,""source"":""SAP: DRAW/PLPO (DMS+Routing)""},{""category"":""Material"",""description"":""Adhesive lot ADH-3391 within shelf life, viscosity and cert PASS"",""metricValue"":""cert PASS"",""isRootCause"":false,""source"":""SAP: QALS/QAMR (incoming)""},{""category"":""Measurement"",""description"":""Pull tester GA-0355, last cal 2026-04-18, R&R 7.4%"",""metricValue"":""7.4%"",""isRootCause"":false,""source"":""SAP: Test Equipment Mgmt""},{""category"":""Environment"",""description"":""Bonding cell relative humidity logged 78-84% RH across 2026-07-06 to 07-09 against a 45% RH maximum; the cell dehumidifier had tripped and was not restarted"",""metricValue"":""84% RH peak vs 45% max"",""isRootCause"":true,""source"":""ASSUMED: MES/IoT""}]}}";"{
  ""fields"": [
    {
      ""key"": ""rootCause.statement"",
      ""label"": ""Root cause"",
      ""widget"": ""ai-draft"",
      ""dataType"": ""string"",
      ""colSpan"": 12,
      ""constraints"": {
        ""required"": true,
        ""minLength"": 10,
        ""maxLength"": 320
      }
    },
    {
      ""key"": ""rootCause.ishikawaBoard"",
      ""label"": ""Ishikawa"",
      ""widget"": ""ishikawa-grid"",
      ""dataType"": ""array"",
      ""colSpan"": 12,
      ""constraints"": {
        ""required"": true,
        ""minItems"": 6
      },
      ""description"": ""Always one row per 6M category with a concise 1-sentence verdict. Copy a recorded assessment verbatim with source=recorded; for a category with no recorded entry propose a brief verdict from evidence with source=proposed, or write \""not assessed\"". Never write audit plans or long essays in cells."",
      ""items"": {
        ""type"": ""object"",
        ""properties"": {
          ""category"": {
            ""type"": ""string"",
            ""enum"": [
              ""Man"",
              ""Machine"",
              ""Method"",
              ""Material"",
              ""Measurement"",
              ""Environment""
            ]
          },
          ""finding"": {
            ""type"": ""string"",
            ""maxLength"": 220,
            ""description"": ""The concise VERDICT for this branch, e.g. clamp pad worn 0.2 mm, or gauge R&R 8%, or not assessed. Never a list of evidence to gather - that goes in evidenceGaps once. Never the category name.""
          },
          ""isRootCause"": {
            ""type"": ""boolean"",
            ""description"": ""True for at most ONE branch in the whole board.""
          },
          ""source"": {
            ""type"": ""string"",
            ""enum"": [
              ""recorded"",
              ""proposed""
            ]
          }
        },
        ""required"": [
          ""category"",
          ""finding"",
          ""isRootCause"",
          ""source""
        ]
      }
    },
    {
      ""key"": ""rootCause.fiveWhy"",
      ""label"": ""5-Why chain"",
      ""widget"": ""why-chain"",
      ""dataType"": ""array"",
      ""colSpan"": 12,
      ""constraints"": {
        ""required"": true,
        ""minItems"": 1
      },
      ""items"": {
        ""type"": ""object"",
        ""properties"": {
          ""step"": {
            ""type"": ""integer"",
            ""description"": ""Position in the chain, starting at 1.""
          },
          ""why"": {
            ""type"": ""string"",
            ""maxLength"": 140,
            ""description"": ""The question only, ending in a question mark. Keep it short and crisp.""
          },
          ""answer"": {
            ""type"": ""string"",
            ""maxLength"": 200,
            ""description"": ""The answer only: 1 concise direct sentence naming the cause. Never repeat the question, never list audit procedures or evidence still to be gathered.""
          },
          ""evidence"": {
            ""type"": ""string"",
            ""maxLength"": 200,
            ""description"": ""The CaseContext path or measurement backing the answer. Concise citation only.""
          }
        },
        ""required"": [
          ""step"",
          ""why"",
          ""answer"",
          ""evidence""
        ]
      }
    },
    {
      ""key"": ""rootCause.evidenceGaps"",
      ""label"": ""Evidence gaps"",
      ""widget"": ""warning-list"",
      ""dataType"": ""array"",
      ""colSpan"": 12,
      ""constraints"": {},
      ""items"": {
        ""type"": ""string""
      }
    },
    {
      ""key"": ""sources"",
      ""label"": ""Evidence and traceability"",
      ""widget"": ""evidence-list"",
      ""dataType"": ""array"",
      ""colSpan"": 12,
      ""constraints"": {},
      ""items"": {
        ""type"": ""string""
      }
    }
  ],
  ""groups"": [
    {
      ""id"": ""d4-ai-result"",
      ""label"": ""Root cause analysis"",
      ""fieldKeys"": [
        ""rootCause.statement"",
        ""rootCause.ishikawaBoard"",
        ""rootCause.fiveWhy"",
        ""rootCause.evidenceGaps"",
        ""sources""
      ],
      ""width"": ""100"",
      ""columns"": 12,
      ""order"": 10
    }
  ]
}";;;"1";"Approved";"AI Lead / Quality Manager";"2026-09-22 14:25:18";;;"Completed"
"128f13ac-4454-43b9-8296-2ef85d48d16c";"2026-09-21T16:08:26.204Z";"anonymous";"2026-09-21T16:08:26.204Z";"anonymous";"124af321-e864-458a-9d2f-e52d81233522";"D5";"5";"D5 — Corrective Actions";"Permanent corrective actions defined.";"Permanent corrective actions defined.";;;;;"{""corrective"":{""actions"":[{""lineNo"":3,""actionType"":""Corrective"",""actionText"":""Restart and service the WC-BOND-02 dehumidifier, then re-qualify the cell with a bonded test panel"",""status"":""Verified""}]}}";"{
  ""fields"": [
    {
      ""key"": ""corrective.actions"",
      ""label"": ""Permanent corrective actions"",
      ""widget"": ""action-cards"",
      ""dataType"": ""array"",
      ""colSpan"": 12,
      ""constraints"": {
        ""required"": true,
        ""minItems"": 1
      },
      ""items"": {
        ""type"": ""object"",
        ""properties"": {
          ""action"": {
            ""type"": ""string"",
            ""maxLength"": 240,
            ""description"": ""The action and its trigger, starting with the imperative verb that names the PRIMARY work. No owner, no status, no rationale - those are separate fields.""
          },
          ""owner"": {
            ""type"": ""string"",
            ""maxLength"": 120,
            ""description"": ""The team member from D1 (team.roster or team.leader/members) assigned to this corrective action, selected by matching their role/responsibility to the root cause fix. E.g. \""Karl Wagner\"" or \""Minh Dinh\"".""
          },
          ""status"": {
            ""type"": ""string"",
            ""maxLength"": 40,
            ""description"": ""ONLY the current status, one or two words, e.g. \""Planned\"", \""In progress\"", \""Done\"".""
          },
          ""origin"": {
            ""type"": ""string"",
            ""maxLength"": 60,
            ""description"": ""ONLY where it came from: \""recorded\"" for an action already in the case, or \""precedents#N\"" for a proposal.""
          },
          ""protection"": {
            ""type"": ""string"",
            ""maxLength"": 200,
            ""description"": ""One line.""
          }
        }
      }
    },
    {
      ""key"": ""sources"",
      ""label"": ""Evidence and traceability"",
      ""widget"": ""evidence-list"",
      ""dataType"": ""array"",
      ""colSpan"": 12,
      ""constraints"": {},
      ""items"": {
        ""type"": ""string""
      }
    }
  ],
  ""groups"": [
    {
      ""id"": ""d5-ai-result"",
      ""label"": ""AI-generated corrective plan"",
      ""fieldKeys"": [
        ""corrective.actions""
      ],
      ""width"": ""100"",
      ""columns"": 12,
      ""order"": 10
    }
  ]
}";;;"1";"Approved";"AI Lead / Quality Manager";"2026-09-22 14:25:18";;;"Completed"
"6b76f14f-3852-4c0d-96b6-0616e5b02d63";"2026-09-21T16:08:26.204Z";"anonymous";"2026-09-21T16:08:26.204Z";"anonymous";"124af321-e864-458a-9d2f-e52d81233522";"D6";"6";"D6 — Verification of Effectiveness";"Verification plan executed.";"Verification plan executed.";;;;;"{""verification"":{""status"":""Verified"",""notes"":""Corrective actions verified on line.""}}";"{
  ""fields"": [
    {
      ""key"": ""verification.objective"",
      ""label"": ""Verification objective"",
      ""widget"": ""callout"",
      ""dataType"": ""string"",
      ""colSpan"": 12,
      ""constraints"": {
        ""required"": true,
        ""maxLength"": 260
      }
    },
    {
      ""key"": ""verification.plan"",
      ""label"": ""Verification plan"",
      ""widget"": ""table"",
      ""dataType"": ""array"",
      ""colSpan"": 12,
      ""constraints"": {
        ""required"": true,
        ""minItems"": 1
      },
      ""items"": {
        ""type"": ""object"",
        ""properties"": {
          ""measure"": {
            ""type"": ""string"",
            ""maxLength"": 200,
            ""description"": ""One line.""
          },
          ""sampleSize"": {
            ""type"": ""string"",
            ""maxLength"": 80,
            ""description"": ""ONLY the sample size, e.g. \""30 parts per shift\"".""
          },
          ""period"": {
            ""type"": ""string"",
            ""maxLength"": 60,
            ""description"": ""ONLY the period over which it runs, e.g. \""4 weeks\"".""
          },
          ""acceptanceCriterion"": {
            ""type"": ""string"",
            ""maxLength"": 220,
            ""description"": ""The pass/fail threshold with its number, anchored to a real specification value.""
          },
          ""signOff"": {
            ""type"": ""string"",
            ""maxLength"": 120,
            ""description"": ""ONLY the role that signs it off.""
          }
        }
      }
    },
    {
      ""key"": ""verification.evidenceStatus"",
      ""label"": ""Evidence status"",
      ""widget"": ""status"",
      ""dataType"": ""string"",
      ""colSpan"": 4,
      ""constraints"": {
        ""required"": true,
        ""enum"": [
          ""No evidence yet"",
          ""Partially verified"",
          ""Verified""
        ]
      }
    },
    {
      ""key"": ""sources"",
      ""label"": ""Evidence and traceability"",
      ""widget"": ""evidence-list"",
      ""dataType"": ""array"",
      ""colSpan"": 12,
      ""constraints"": {},
      ""items"": {
        ""type"": ""string""
      }
    }
  ],
  ""groups"": [
    {
      ""id"": ""d6-ai-result"",
      ""label"": ""AI-generated verification plan"",
      ""fieldKeys"": [
        ""verification.objective"",
        ""verification.plan""
      ],
      ""width"": ""100"",
      ""columns"": 12,
      ""order"": 10
    }
  ]
}";;;"1";"Approved";"AI Lead / Quality Manager";"2026-09-22 14:25:18";;;"Completed"
"beaeffb6-0cd9-4046-aa51-70c8639391c1";"2026-09-21T16:08:26.204Z";"anonymous";"2026-09-21T16:08:26.204Z";"anonymous";"124af321-e864-458a-9d2f-e52d81233522";"D7";"7";"D7 — Preventive Actions";"Preventive measures implemented.";"Preventive measures implemented.";;;;;"{""preventive"":{""actions"":[{""lineNo"":4,""actionType"":""Preventive"",""actionText"":""Route cell humidity alarms to the production andon and interlock the bonding station above 50% RH"",""status"":""Verified in production""}]}}";"{
  ""fields"": [
    {
      ""key"": ""preventive.actions"",
      ""label"": ""Preventive actions"",
      ""widget"": ""action-cards"",
      ""dataType"": ""array"",
      ""colSpan"": 12,
      ""constraints"": {
        ""required"": true,
        ""minItems"": 1
      },
      ""items"": {
        ""type"": ""object"",
        ""properties"": {
          ""action"": {
            ""type"": ""string"",
            ""maxLength"": 240,
            ""description"": ""The action and its trigger, starting with the imperative verb that names the PRIMARY work. No owner, no status, no rationale - those are separate fields.""
          },
          ""owner"": {
            ""type"": ""string"",
            ""maxLength"": 120,
            ""description"": ""The team member from D1 (team.roster or team.leader/members) assigned to this preventive action, selected by matching their role/responsibility to the systemic/FMEA fix. E.g. \""Minh Dinh\"" or \""DungTruonghyhy\"".""
          },
          ""status"": {
            ""type"": ""string"",
            ""maxLength"": 40,
            ""description"": ""ONLY the current status, one or two words, e.g. \""Planned\"", \""In progress\"", \""Done\"".""
          },
          ""origin"": {
            ""type"": ""string"",
            ""maxLength"": 60,
            ""description"": ""ONLY where it came from: \""recorded\"" for an action already in the case, or \""precedents#N\"" for a proposal.""
          },
          ""protection"": {
            ""type"": ""string"",
            ""maxLength"": 200,
            ""description"": ""One line.""
          }
        }
      }
    },
    {
      ""key"": ""preventive.fmea"",
      ""label"": ""FMEA entry to update"",
      ""widget"": ""fmea-link"",
      ""dataType"": ""object"",
      ""colSpan"": 12,
      ""constraints"": {},
      ""properties"": {
        ""fmeaId"": {
          ""type"": ""string""
        },
        ""description"": {
          ""type"": ""string""
        },
        ""change"": {
          ""type"": ""string""
        },
        ""currentRating"": {
          ""type"": ""string""
        },
        ""proposedRating"": {
          ""type"": ""string""
        }
      }
    },
    {
      ""key"": ""sources"",
      ""label"": ""Evidence and traceability"",
      ""widget"": ""evidence-list"",
      ""dataType"": ""array"",
      ""colSpan"": 12,
      ""constraints"": {},
      ""items"": {
        ""type"": ""string""
      }
    }
  ],
  ""groups"": [
    {
      ""id"": ""d7-ai-result"",
      ""label"": ""AI-generated preventive plan"",
      ""fieldKeys"": [
        ""preventive.actions"",
        ""preventive.fmea""
      ],
      ""width"": ""100"",
      ""columns"": 12,
      ""order"": 10
    }
  ]
}";;;"1";"Approved";"AI Lead / Quality Manager";"2026-09-22 14:25:18";;;"Completed"
"b98e352a-9a3a-4ca1-9f3c-cfc1e894df81";"2026-09-21T16:08:26.204Z";"anonymous";"2026-09-21T16:08:26.204Z";"anonymous";"124af321-e864-458a-9d2f-e52d81233522";"D8";"8";"D8 — Closure & Team Recognition";"8D report closed.";"8D report closed.";;;;;"{""closure"":{""gate"":{""status"":""Closed"",""readyForClosure"":true}}}";"{
  ""fields"": [
    {
      ""key"": ""closure.gate"",
      ""label"": ""Closure readiness"",
      ""widget"": ""closure-gate"",
      ""dataType"": ""object"",
      ""colSpan"": 12,
      ""constraints"": {},
      ""xSource"": ""manual_input"",
      ""description"": ""Computed from the review status of D1-D7. The AI never writes this."",
      ""properties"": {}
    },
    {
      ""key"": ""closure.costOfPoorQuality"",
      ""label"": ""Cost of poor quality"",
      ""widget"": ""text"",
      ""dataType"": ""string"",
      ""colSpan"": 4,
      ""constraints"": {},
      ""xSource"": ""sap_qm"",
      ""description"": ""Read from the case. The AI never writes this.""
    },
    {
      ""key"": ""closure.lessonsWhatWorked"",
      ""label"": ""What worked"",
      ""widget"": ""markdown"",
      ""dataType"": ""string"",
      ""colSpan"": 6,
      ""constraints"": {
        ""required"": true,
        ""minLength"": 20
      }
    },
    {
      ""key"": ""closure.lessonsWhatDidNot"",
      ""label"": ""What did not"",
      ""widget"": ""markdown"",
      ""dataType"": ""string"",
      ""colSpan"": 6,
      ""constraints"": {
        ""required"": true,
        ""minLength"": 20
      }
    },
    {
      ""key"": ""closure.teamRecognition"",
      ""label"": ""Team recognition"",
      ""widget"": ""markdown"",
      ""dataType"": ""string"",
      ""colSpan"": 12,
      ""constraints"": {}
    },
    {
      ""key"": ""closure.openItems"",
      ""label"": ""Still open at closure"",
      ""widget"": ""warning-list"",
      ""dataType"": ""array"",
      ""colSpan"": 12,
      ""constraints"": {},
      ""items"": {
        ""type"": ""string""
      }
    },
    {
      ""key"": ""sources"",
      ""label"": ""Evidence and traceability"",
      ""widget"": ""evidence-list"",
      ""dataType"": ""array"",
      ""colSpan"": 12,
      ""constraints"": {},
      ""items"": {
        ""type"": ""string""
      }
    }
  ],
  ""groups"": [
    {
      ""id"": ""d8-ai-result"",
      ""label"": ""AI-generated closure summary"",
      ""fieldKeys"": [
        ""closure.gate"",
        ""closure.costOfPoorQuality"",
        ""closure.lessonsWhatWorked"",
        ""closure.lessonsWhatDidNot"",
        ""closure.teamRecognition""
      ],
      ""width"": ""100"",
      ""columns"": 12,
      ""order"": 10
    }
  ]
}";;;"1";"Approved";"AI Lead / Quality Manager";"2026-09-22 14:25:18";;;"Completed"
"c4ac2617-c9e7-4c75-84e4-373632a37d93";"2026-09-21T16:08:26.207Z";"anonymous";"2026-09-21T16:08:26.207Z";"anonymous";"120cd73a-61ab-43fc-8fec-1356f3ba6585";"D1";"1";"D1 — Team Roster";"Formed cross-functional 8D team.";"Formed cross-functional 8D team.";;;;;"{""team"":{""roster"":[{""name"":""Karl Wagner"",""organizationalRole"":""Maintenance Planner"",""assigned8DRole"":""8D Team Member"",""caseResponsibility"":""Maintenance Planner""}],""assignedRoster"":[{""partnerId"":""100012"",""partnerRole"":""8D Team Leader""},{""partnerId"":""100091"",""partnerRole"":""8D Team Member""}]}}";"{
  ""fields"": [
    {
      ""key"": ""team.objective"",
      ""label"": ""Team objective"",
      ""widget"": ""callout"",
      ""dataType"": ""string"",
      ""colSpan"": 12,
      ""constraints"": {
        ""required"": true,
        ""minLength"": 20,
        ""maxLength"": 260
      }
    },
    {
      ""key"": ""team.selectionMethod"",
      ""label"": ""Selection method"",
      ""widget"": ""status"",
      ""dataType"": ""string"",
      ""colSpan"": 4,
      ""constraints"": {
        ""required"": true,
        ""enum"": [
          ""Current case team"",
          ""Precedent recommendation"",
          ""Hybrid"",
          ""Roles only - assignment required""
        ]
      }
    },
    {
      ""key"": ""team.problemCapabilities"",
      ""label"": ""Capabilities required by this problem"",
      ""widget"": ""tag-selector"",
      ""dataType"": ""array"",
      ""colSpan"": 8,
      ""constraints"": {
        ""required"": true,
        ""minItems"": 1
      },
      ""items"": {
        ""type"": ""string""
      }
    },
    {
      ""key"": ""team.selectionRationale"",
      ""label"": ""How the team was selected"",
      ""widget"": ""markdown"",
      ""dataType"": ""string"",
      ""colSpan"": 12,
      ""constraints"": {
        ""required"": true,
        ""minLength"": 60,
        ""maxLength"": 1600
      }
    },
    {
      ""key"": ""team.roster"",
      ""label"": ""AI suggest"",
      ""widget"": ""ai-suggest"",
      ""dataType"": ""array"",
      ""colSpan"": 12,
      ""constraints"": {
        ""required"": true,
        ""minItems"": 1
      },
      ""items"": {
        ""type"": ""object"",
        ""properties"": {
          ""name"": {
            ""type"": ""string"",
            ""maxLength"": 120,
            ""description"": ""ONLY the person name, or \""Unassigned\"". No role, no reasoning.""
          },
          ""organizationalRole"": {
            ""type"": ""string"",
            ""maxLength"": 120,
            ""description"": ""ONLY their job title in the organisation, e.g. \""Quality Engineer\"".""
          },
          ""assigned8DRole"": {
            ""type"": ""string"",
            ""maxLength"": 60,
            ""description"": ""ONLY their role in THIS 8D, e.g. \""Team Leader\"" or \""Team Member\"".""
          },
          ""caseResponsibility"": {
            ""type"": ""string"",
            ""maxLength"": 200,
            ""description"": ""What this person is accountable for here. Never a job title.""
          },
          ""selectionReason"": {
            ""type"": ""string"",
            ""maxLength"": 220,
            ""description"": ""Why this person, in one line. Do not repeat the name or the role.""
          },
          ""servedOnCount"": {
            ""type"": ""integer"",
            ""description"": ""How many qualifying precedent cases this person served on. Rank the roster by this value, descending.""
          },
          ""sourceType"": {
            ""type"": ""string"",
            ""enum"": [
              ""current_case"",
              ""precedent"",
              ""unassigned""
            ]
          },
          ""sourcePath"": {
            ""type"": ""string"",
            ""maxLength"": 80,
            ""description"": ""ONLY the resolvable path: team.leader, team.members#N, precedents#N.team#M, or team.gaps.""
          },
          ""sourceCase"": {
            ""type"": ""string"",
            ""maxLength"": 60,
            ""description"": ""ONLY the precedent notification id, when the person came from a precedent.""
          }
        },
        ""required"": [
          ""name"",
          ""organizationalRole"",
          ""assigned8DRole"",
          ""caseResponsibility"",
          ""selectionReason"",
          ""sourceType"",
          ""sourcePath""
        ]
      }
    },
    {
      ""key"": ""team.assignedRoster"",
      ""label"": ""Decision table"",
      ""widget"": ""decision-table"",
      ""dataType"": ""array"",
      ""colSpan"": 12,
      ""constraints"": {},
      ""xSource"": ""manual_input"",
      ""description"": ""Filled in by the quality engineer on the report screen. The AI never writes this."",
      ""items"": {
        ""type"": ""object"",
        ""properties"": {
          ""partnerId"": {
            ""type"": ""string""
          },
          ""partnerName"": {
            ""type"": ""string""
          },
          ""functionTitle"": {
            ""type"": ""string""
          },
          ""partnerRole"": {
            ""type"": ""string"",
            ""enum"": [
              ""8D Team Leader"",
              ""8D Team Member""
            ]
          }
        }
      }
    },
    {
      ""key"": ""team.readinessStatus"",
      ""label"": ""Team readiness"",
      ""widget"": ""status"",
      ""dataType"": ""string"",
      ""colSpan"": 3,
      ""constraints"": {
        ""required"": true,
        ""enum"": [
          ""Ready"",
          ""Partial"",
          ""Needs assignment""
        ]
      }
    },
    {
      ""key"": ""team.readinessRationale"",
      ""label"": ""Readiness assessment"",
      ""widget"": ""markdown"",
      ""dataType"": ""string"",
      ""colSpan"": 9,
      ""constraints"": {
        ""required"": true,
        ""minLength"": 30,
        ""maxLength"": 500
      }
    },
    {
      ""key"": ""team.uncoveredCapabilities"",
      ""label"": ""Uncovered capabilities"",
      ""widget"": ""warning-list"",
      ""dataType"": ""array"",
      ""colSpan"": 6,
      ""constraints"": {},
      ""items"": {
        ""type"": ""string""
      }
    },
    {
      ""key"": ""team.sourceSummary"",
      ""label"": ""Where the team recommendation came from"",
      ""widget"": ""markdown"",
      ""dataType"": ""string"",
      ""colSpan"": 6,
      ""constraints"": {
        ""required"": true,
        ""minLength"": 30,
        ""maxLength"": 500
      }
    },
    {
      ""key"": ""team.suggestionStatus"",
      ""label"": ""Suggestion status"",
      ""widget"": ""callout"",
      ""dataType"": ""string"",
      ""colSpan"": 12,
      ""constraints"": {}
    },
    {
      ""key"": ""sources"",
      ""label"": ""Source records"",
      ""widget"": ""evidence-list"",
      ""dataType"": ""array"",
      ""colSpan"": 12,
      ""constraints"": {
        ""pattern"": ""^(team\\.|precedents#)""
      },
      ""items"": {
        ""type"": ""string""
      }
    }
  ],
  ""groups"": [
    {
      ""id"": ""d1-decision-table"",
      ""label"": ""Decision Table"",
      ""fieldKeys"": [
        ""team.assignedRoster"",
        ""team.suggestionStatus""
      ],
      ""width"": ""100"",
      ""columns"": 12,
      ""order"": 10
    }
  ]
}";;;"1";"Approved";;;;;"NotStarted"
"bab63a92-e9d3-4c50-932b-8977c829f464";"2026-09-21T16:08:26.207Z";"anonymous";"2026-09-21T16:08:26.207Z";"anonymous";"120cd73a-61ab-43fc-8fec-1356f3ba6585";"D2";"2";"D2 — Problem Description";"Chatter marks on rotor shaft ground diameter";"Chatter marks on rotor shaft ground diameter";;;;;"{""problem"":{""statement"":""Chatter marks on rotor shaft ground diameter"",""isIsNot"":{""is"":""R60 shafts ground on WC-GRIND-04 from 2026-08-01 onward"",""isNot"":""R60 ground on WC-GRIND-01 - same wheel spec, same bar stock lot"",""notes"":""Defect follows the machine, not the material or the wheel""},""w2h"":{}}}";"{
  ""fields"": [
    {
      ""key"": ""problem.complaintReference"",
      ""label"": ""Complaint reference"",
      ""widget"": ""complaint-reference"",
      ""dataType"": ""string"",
      ""colSpan"": 12,
      ""constraints"": {},
      ""xSource"": ""sap_qm"",
      ""description"": ""Read from the SAP QM customer reference on the case. The AI never writes this.""
    },
    {
      ""key"": ""problem.statement"",
      ""label"": ""Problem statement"",
      ""widget"": ""problem-statement"",
      ""dataType"": ""string"",
      ""colSpan"": 12,
      ""constraints"": {
        ""required"": true,
        ""minLength"": 30,
        ""maxLength"": 600
      }
    },
    {
      ""key"": ""problem.statementOverride"",
      ""label"": ""Problem statement (edited)"",
      ""widget"": ""text"",
      ""dataType"": ""string"",
      ""colSpan"": 12,
      ""constraints"": {},
      ""xSource"": ""manual_input"",
      ""description"": ""Edited by the quality engineer on the report screen. The AI never writes this.""
    },
    {
      ""key"": ""problem.what"",
      ""label"": ""What"",
      ""widget"": ""w2h-cell"",
      ""dataType"": ""string"",
      ""colSpan"": 4,
      ""constraints"": {
        ""required"": true
      }
    },
    {
      ""key"": ""problem.where"",
      ""label"": ""Where"",
      ""widget"": ""w2h-cell"",
      ""dataType"": ""string"",
      ""colSpan"": 4,
      ""constraints"": {
        ""required"": true
      }
    },
    {
      ""key"": ""problem.when"",
      ""label"": ""When"",
      ""widget"": ""w2h-cell"",
      ""dataType"": ""string"",
      ""colSpan"": 4,
      ""constraints"": {}
    },
    {
      ""key"": ""problem.who"",
      ""label"": ""Who"",
      ""widget"": ""w2h-cell"",
      ""dataType"": ""string"",
      ""colSpan"": 4,
      ""constraints"": {}
    },
    {
      ""key"": ""problem.how"",
      ""label"": ""How"",
      ""widget"": ""w2h-cell"",
      ""dataType"": ""string"",
      ""colSpan"": 4,
      ""constraints"": {}
    },
    {
      ""key"": ""problem.extent"",
      ""label"": ""How Many"",
      ""widget"": ""w2h-cell"",
      ""dataType"": ""string"",
      ""colSpan"": 4,
      ""constraints"": {
        ""required"": true
      }
    },
    {
      ""key"": ""problem.impact"",
      ""label"": ""Business / customer impact"",
      ""widget"": ""text"",
      ""dataType"": ""string"",
      ""colSpan"": 12,
      ""constraints"": {}
    },
    {
      ""key"": ""problem.is"",
      ""label"": ""Is"",
      ""widget"": ""is-box"",
      ""dataType"": ""array"",
      ""colSpan"": 6,
      ""constraints"": {},
      ""items"": {
        ""type"": ""string""
      }
    },
    {
      ""key"": ""problem.isNot"",
      ""label"": ""Is not"",
      ""widget"": ""isnot-box"",
      ""dataType"": ""array"",
      ""colSpan"": 6,
      ""constraints"": {},
      ""items"": {
        ""type"": ""string""
      }
    },
    {
      ""key"": ""problem.isIsNotStatus"",
      ""label"": ""Is / Is-Not status"",
      ""widget"": ""callout"",
      ""dataType"": ""string"",
      ""colSpan"": 12,
      ""constraints"": {}
    },
    {
      ""key"": ""problem.isIsNotBasis"",
      ""label"": ""Is / Is-Not basis"",
      ""widget"": ""markdown"",
      ""dataType"": ""string"",
      ""colSpan"": 12,
      ""constraints"": {}
    },
    {
      ""key"": ""problem.measuredEvidence"",
      ""label"": ""Measured evidence"",
      ""widget"": ""table"",
      ""dataType"": ""array"",
      ""colSpan"": 12,
      ""constraints"": {},
      ""items"": {
        ""type"": ""object"",
        ""properties"": {
          ""characteristic"": {
            ""type"": ""string"",
            ""maxLength"": 120,
            ""description"": ""ONLY the characteristic name, e.g. \""Burr height\"". No value, no verdict.""
          },
          ""measured"": {
            ""type"": ""string"",
            ""maxLength"": 60,
            ""description"": ""ONLY the measured value with its unit, e.g. \""0.32 mm\"".""
          },
          ""specification"": {
            ""type"": ""string"",
            ""maxLength"": 60,
            ""description"": ""ONLY the specification limit with its unit, e.g. \""max 0.10 mm\"".""
          },
          ""assessment"": {
            ""type"": ""string"",
            ""maxLength"": 120,
            ""description"": ""ONLY the verdict, e.g. \""Out of tolerance\"" or \""Within spec\"". No restatement of the numbers.""
          }
        }
      }
    },
    {
      ""key"": ""problem.gaps"",
      ""label"": ""Missing facts"",
      ""widget"": ""warning-list"",
      ""dataType"": ""array"",
      ""colSpan"": 12,
      ""constraints"": {},
      ""items"": {
        ""type"": ""string""
      }
    },
    {
      ""key"": ""sources"",
      ""label"": ""Evidence and traceability"",
      ""widget"": ""evidence-list"",
      ""dataType"": ""array"",
      ""colSpan"": 12,
      ""constraints"": {},
      ""items"": {
        ""type"": ""string""
      }
    }
  ],
  ""groups"": [
    {
      ""id"": ""d2-ai-result"",
      ""label"": ""AI-generated problem description"",
      ""fieldKeys"": [
        ""problem.complaintReference"",
        ""problem.statement"",
        ""problem.what"",
        ""problem.where"",
        ""problem.when"",
        ""problem.who"",
        ""problem.how"",
        ""problem.extent"",
        ""problem.is"",
        ""problem.isNot"",
        ""problem.isIsNotStatus"",
        ""problem.isIsNotBasis""
      ],
      ""width"": ""100"",
      ""columns"": 12,
      ""order"": 10
    }
  ]
}";;;"1";"Approved";;;;;"NotStarted"
"c598168b-4b49-40fa-ac3b-1b25bb6552ae";"2026-09-21T16:08:26.207Z";"anonymous";"2026-09-21T16:08:26.207Z";"anonymous";"120cd73a-61ab-43fc-8fec-1356f3ba6585";"D3";"3";"D3 — Containment Actions";"Containment actions established.";"Containment actions established.";;;;;"{""containment"":{""actions"":[{""lineNo"":1,""actionType"":""Containment"",""actionText"":""Stop WC-GRIND-04, quarantine batch B-53001 and route R60 grinding to WC-GRIND-01"",""status"":""Done""}]}}";"{
  ""fields"": [
    {
      ""key"": ""containment.actions"",
      ""label"": ""Containment actions"",
      ""widget"": ""action-cards"",
      ""dataType"": ""array"",
      ""colSpan"": 12,
      ""constraints"": {
        ""required"": true,
        ""minItems"": 1
      },
      ""items"": {
        ""type"": ""object"",
        ""properties"": {
          ""action"": {
            ""type"": ""string"",
            ""description"": ""Short concise action description without boilerplate prefix. Start with the imperative verb naming the PRIMARY work, e.g. \""Quarantine 85 housings at the outgoing dock\"".""
          },
          ""owner"": {
            ""type"": ""string"",
            ""maxLength"": 120,
            ""description"": ""The team member from D1 (team.roster or team.leader/members) assigned to this containment action, selected by matching their role/responsibility to the work required. E.g. \""Karl Wagner\"" or \""DungTruonghyhy\"".""
          },
          ""status"": {
            ""type"": ""string"",
            ""enum"": [
              ""Planned"",
              ""In Process"",
              ""Done"",
              ""Verified""
            ]
          }
        }
      }
    },
    {
      ""key"": ""containment.gaps"",
      ""label"": ""Open containment gaps"",
      ""widget"": ""warning-list"",
      ""dataType"": ""array"",
      ""colSpan"": 12,
      ""constraints"": {},
      ""items"": {
        ""type"": ""string""
      }
    },
    {
      ""key"": ""sources"",
      ""label"": ""Evidence and traceability"",
      ""widget"": ""evidence-list"",
      ""dataType"": ""array"",
      ""colSpan"": 12,
      ""constraints"": {},
      ""items"": {
        ""type"": ""string""
      }
    }
  ],
  ""groups"": [
    {
      ""id"": ""d3-ai-result"",
      ""label"": ""Containment plan"",
      ""fieldKeys"": [
        ""containment.actions"",
        ""containment.gaps"",
        ""sources""
      ],
      ""width"": ""100"",
      ""columns"": 12,
      ""order"": 10
    }
  ]
}";;;"1";"Approved";;;;;"NotStarted"
"3bb52caf-94b3-4acb-b60a-d761cc0c7492";"2026-09-21T16:08:26.207Z";"anonymous";"2026-09-21T16:08:26.207Z";"anonymous";"120cd73a-61ab-43fc-8fec-1356f3ba6585";"D4";"4";"D4 — Root Cause Analysis";"Root cause identified as Machine.";"Root cause identified as Machine.";;;;;"{""rootCause"":{""category"":""Machine"",""whyChain"":[],""ishikawa"":[{""category"":""Man"",""description"":""EMP-6033, Shift A - dressing cycle run at the released interval"",""metricValue"":null,""isRootCause"":false,""source"":""ASSUMED: MES/HR""},{""category"":""Machine"",""description"":""EQ-GRIND04-001 spindle bearing vibration 7.9 mm/s RMS against a 2.8 mm/s alarm limit; trend rising since 2026-07-20"",""metricValue"":""7.9 mm/s vs 2.8 limit"",""isRootCause"":true,""source"":""SAP: EQUI/AFIH (PM)""},{""category"":""Method"",""description"":""DOC-9120 Rev C - grinding parameters and dressing interval unchanged"",""metricValue"":null,""isRootCause"":false,""source"":""SAP: DRAW/PLPO (DMS+Routing)""},{""category"":""Material"",""description"":""Bar stock hardness 58 HRC within the 56-60 HRC band"",""metricValue"":""58 HRC"",""isRootCause"":false,""source"":""SAP: QALS/QAMR (incoming)""},{""category"":""Measurement"",""description"":""Roughness tester GA-0402, last cal 2026-07-11, R&R 4.8%"",""metricValue"":""4.8%"",""isRootCause"":false,""source"":""SAP: Test Equipment Mgmt""},{""category"":""Environment"",""description"":""22.1C, coolant temperature 19.6C, both nominal"",""metricValue"":null,""isRootCause"":false,""source"":""ASSUMED: MES/IoT""}]}}";"{
  ""fields"": [
    {
      ""key"": ""rootCause.statement"",
      ""label"": ""Root cause"",
      ""widget"": ""ai-draft"",
      ""dataType"": ""string"",
      ""colSpan"": 12,
      ""constraints"": {
        ""required"": true,
        ""minLength"": 10,
        ""maxLength"": 320
      }
    },
    {
      ""key"": ""rootCause.ishikawaBoard"",
      ""label"": ""Ishikawa"",
      ""widget"": ""ishikawa-grid"",
      ""dataType"": ""array"",
      ""colSpan"": 12,
      ""constraints"": {
        ""required"": true,
        ""minItems"": 6
      },
      ""description"": ""Always one row per 6M category with a concise 1-sentence verdict. Copy a recorded assessment verbatim with source=recorded; for a category with no recorded entry propose a brief verdict from evidence with source=proposed, or write \""not assessed\"". Never write audit plans or long essays in cells."",
      ""items"": {
        ""type"": ""object"",
        ""properties"": {
          ""category"": {
            ""type"": ""string"",
            ""enum"": [
              ""Man"",
              ""Machine"",
              ""Method"",
              ""Material"",
              ""Measurement"",
              ""Environment""
            ]
          },
          ""finding"": {
            ""type"": ""string"",
            ""maxLength"": 220,
            ""description"": ""The concise VERDICT for this branch, e.g. clamp pad worn 0.2 mm, or gauge R&R 8%, or not assessed. Never a list of evidence to gather - that goes in evidenceGaps once. Never the category name.""
          },
          ""isRootCause"": {
            ""type"": ""boolean"",
            ""description"": ""True for at most ONE branch in the whole board.""
          },
          ""source"": {
            ""type"": ""string"",
            ""enum"": [
              ""recorded"",
              ""proposed""
            ]
          }
        },
        ""required"": [
          ""category"",
          ""finding"",
          ""isRootCause"",
          ""source""
        ]
      }
    },
    {
      ""key"": ""rootCause.fiveWhy"",
      ""label"": ""5-Why chain"",
      ""widget"": ""why-chain"",
      ""dataType"": ""array"",
      ""colSpan"": 12,
      ""constraints"": {
        ""required"": true,
        ""minItems"": 1
      },
      ""items"": {
        ""type"": ""object"",
        ""properties"": {
          ""step"": {
            ""type"": ""integer"",
            ""description"": ""Position in the chain, starting at 1.""
          },
          ""why"": {
            ""type"": ""string"",
            ""maxLength"": 140,
            ""description"": ""The question only, ending in a question mark. Keep it short and crisp.""
          },
          ""answer"": {
            ""type"": ""string"",
            ""maxLength"": 200,
            ""description"": ""The answer only: 1 concise direct sentence naming the cause. Never repeat the question, never list audit procedures or evidence still to be gathered.""
          },
          ""evidence"": {
            ""type"": ""string"",
            ""maxLength"": 200,
            ""description"": ""The CaseContext path or measurement backing the answer. Concise citation only.""
          }
        },
        ""required"": [
          ""step"",
          ""why"",
          ""answer"",
          ""evidence""
        ]
      }
    },
    {
      ""key"": ""rootCause.evidenceGaps"",
      ""label"": ""Evidence gaps"",
      ""widget"": ""warning-list"",
      ""dataType"": ""array"",
      ""colSpan"": 12,
      ""constraints"": {},
      ""items"": {
        ""type"": ""string""
      }
    },
    {
      ""key"": ""sources"",
      ""label"": ""Evidence and traceability"",
      ""widget"": ""evidence-list"",
      ""dataType"": ""array"",
      ""colSpan"": 12,
      ""constraints"": {},
      ""items"": {
        ""type"": ""string""
      }
    }
  ],
  ""groups"": [
    {
      ""id"": ""d4-ai-result"",
      ""label"": ""Root cause analysis"",
      ""fieldKeys"": [
        ""rootCause.statement"",
        ""rootCause.ishikawaBoard"",
        ""rootCause.fiveWhy"",
        ""rootCause.evidenceGaps"",
        ""sources""
      ],
      ""width"": ""100"",
      ""columns"": 12,
      ""order"": 10
    }
  ]
}";;;"1";"Draft";;;;;"NotStarted"
"dafb76ce-ab84-4b5c-95bb-362b726d8026";"2026-09-21T16:08:26.207Z";"anonymous";"2026-09-21T16:08:26.207Z";"anonymous";"120cd73a-61ab-43fc-8fec-1356f3ba6585";"D5";"5";"D5 — Corrective Actions";"Permanent corrective actions defined.";"Permanent corrective actions defined.";;;;;"{""corrective"":{""actions"":[{""lineNo"":2,""actionType"":""Corrective"",""actionText"":""Replace the WC-GRIND-04 spindle bearing set and re-qualify the machine with a capability run"",""status"":""Planned""}]}}";"{
  ""fields"": [
    {
      ""key"": ""corrective.actions"",
      ""label"": ""Permanent corrective actions"",
      ""widget"": ""action-cards"",
      ""dataType"": ""array"",
      ""colSpan"": 12,
      ""constraints"": {
        ""required"": true,
        ""minItems"": 1
      },
      ""items"": {
        ""type"": ""object"",
        ""properties"": {
          ""action"": {
            ""type"": ""string"",
            ""maxLength"": 240,
            ""description"": ""The action and its trigger, starting with the imperative verb that names the PRIMARY work. No owner, no status, no rationale - those are separate fields.""
          },
          ""owner"": {
            ""type"": ""string"",
            ""maxLength"": 120,
            ""description"": ""The team member from D1 (team.roster or team.leader/members) assigned to this corrective action, selected by matching their role/responsibility to the root cause fix. E.g. \""Karl Wagner\"" or \""Minh Dinh\"".""
          },
          ""status"": {
            ""type"": ""string"",
            ""maxLength"": 40,
            ""description"": ""ONLY the current status, one or two words, e.g. \""Planned\"", \""In progress\"", \""Done\"".""
          },
          ""origin"": {
            ""type"": ""string"",
            ""maxLength"": 60,
            ""description"": ""ONLY where it came from: \""recorded\"" for an action already in the case, or \""precedents#N\"" for a proposal.""
          },
          ""protection"": {
            ""type"": ""string"",
            ""maxLength"": 200,
            ""description"": ""One line.""
          }
        }
      }
    },
    {
      ""key"": ""sources"",
      ""label"": ""Evidence and traceability"",
      ""widget"": ""evidence-list"",
      ""dataType"": ""array"",
      ""colSpan"": 12,
      ""constraints"": {},
      ""items"": {
        ""type"": ""string""
      }
    }
  ],
  ""groups"": [
    {
      ""id"": ""d5-ai-result"",
      ""label"": ""AI-generated corrective plan"",
      ""fieldKeys"": [
        ""corrective.actions""
      ],
      ""width"": ""100"",
      ""columns"": 12,
      ""order"": 10
    }
  ]
}";;;"1";"Draft";;;;;"NotStarted"
"be3be2aa-2fc6-4220-a98a-6965f37f019e";"2026-09-21T16:08:26.207Z";"anonymous";"2026-09-21T16:08:26.207Z";"anonymous";"120cd73a-61ab-43fc-8fec-1356f3ba6585";"D6";"6";"D6 — Verification of Effectiveness";"Verification plan executed.";"Verification plan executed.";;;;;"{""verification"":{""status"":""Verified"",""notes"":""Corrective actions verified on line.""}}";"{
  ""fields"": [
    {
      ""key"": ""verification.objective"",
      ""label"": ""Verification objective"",
      ""widget"": ""callout"",
      ""dataType"": ""string"",
      ""colSpan"": 12,
      ""constraints"": {
        ""required"": true,
        ""maxLength"": 260
      }
    },
    {
      ""key"": ""verification.plan"",
      ""label"": ""Verification plan"",
      ""widget"": ""table"",
      ""dataType"": ""array"",
      ""colSpan"": 12,
      ""constraints"": {
        ""required"": true,
        ""minItems"": 1
      },
      ""items"": {
        ""type"": ""object"",
        ""properties"": {
          ""measure"": {
            ""type"": ""string"",
            ""maxLength"": 200,
            ""description"": ""One line.""
          },
          ""sampleSize"": {
            ""type"": ""string"",
            ""maxLength"": 80,
            ""description"": ""ONLY the sample size, e.g. \""30 parts per shift\"".""
          },
          ""period"": {
            ""type"": ""string"",
            ""maxLength"": 60,
            ""description"": ""ONLY the period over which it runs, e.g. \""4 weeks\"".""
          },
          ""acceptanceCriterion"": {
            ""type"": ""string"",
            ""maxLength"": 220,
            ""description"": ""The pass/fail threshold with its number, anchored to a real specification value.""
          },
          ""signOff"": {
            ""type"": ""string"",
            ""maxLength"": 120,
            ""description"": ""ONLY the role that signs it off.""
          }
        }
      }
    },
    {
      ""key"": ""verification.evidenceStatus"",
      ""label"": ""Evidence status"",
      ""widget"": ""status"",
      ""dataType"": ""string"",
      ""colSpan"": 4,
      ""constraints"": {
        ""required"": true,
        ""enum"": [
          ""No evidence yet"",
          ""Partially verified"",
          ""Verified""
        ]
      }
    },
    {
      ""key"": ""sources"",
      ""label"": ""Evidence and traceability"",
      ""widget"": ""evidence-list"",
      ""dataType"": ""array"",
      ""colSpan"": 12,
      ""constraints"": {},
      ""items"": {
        ""type"": ""string""
      }
    }
  ],
  ""groups"": [
    {
      ""id"": ""d6-ai-result"",
      ""label"": ""AI-generated verification plan"",
      ""fieldKeys"": [
        ""verification.objective"",
        ""verification.plan""
      ],
      ""width"": ""100"",
      ""columns"": 12,
      ""order"": 10
    }
  ]
}";;;"1";"Draft";;;;;"NotStarted"
"e810feb0-ddda-4626-bcf5-45261e6ff6ff";"2026-09-21T16:08:26.207Z";"anonymous";"2026-09-21T16:08:26.207Z";"anonymous";"120cd73a-61ab-43fc-8fec-1356f3ba6585";"D7";"7";"D7 — Preventive Actions";"Preventive measures implemented.";"Preventive measures implemented.";;;;;"{""preventive"":{""actions"":[]}}";"{
  ""fields"": [
    {
      ""key"": ""preventive.actions"",
      ""label"": ""Preventive actions"",
      ""widget"": ""action-cards"",
      ""dataType"": ""array"",
      ""colSpan"": 12,
      ""constraints"": {
        ""required"": true,
        ""minItems"": 1
      },
      ""items"": {
        ""type"": ""object"",
        ""properties"": {
          ""action"": {
            ""type"": ""string"",
            ""maxLength"": 240,
            ""description"": ""The action and its trigger, starting with the imperative verb that names the PRIMARY work. No owner, no status, no rationale - those are separate fields.""
          },
          ""owner"": {
            ""type"": ""string"",
            ""maxLength"": 120,
            ""description"": ""The team member from D1 (team.roster or team.leader/members) assigned to this preventive action, selected by matching their role/responsibility to the systemic/FMEA fix. E.g. \""Minh Dinh\"" or \""DungTruonghyhy\"".""
          },
          ""status"": {
            ""type"": ""string"",
            ""maxLength"": 40,
            ""description"": ""ONLY the current status, one or two words, e.g. \""Planned\"", \""In progress\"", \""Done\"".""
          },
          ""origin"": {
            ""type"": ""string"",
            ""maxLength"": 60,
            ""description"": ""ONLY where it came from: \""recorded\"" for an action already in the case, or \""precedents#N\"" for a proposal.""
          },
          ""protection"": {
            ""type"": ""string"",
            ""maxLength"": 200,
            ""description"": ""One line.""
          }
        }
      }
    },
    {
      ""key"": ""preventive.fmea"",
      ""label"": ""FMEA entry to update"",
      ""widget"": ""fmea-link"",
      ""dataType"": ""object"",
      ""colSpan"": 12,
      ""constraints"": {},
      ""properties"": {
        ""fmeaId"": {
          ""type"": ""string""
        },
        ""description"": {
          ""type"": ""string""
        },
        ""change"": {
          ""type"": ""string""
        },
        ""currentRating"": {
          ""type"": ""string""
        },
        ""proposedRating"": {
          ""type"": ""string""
        }
      }
    },
    {
      ""key"": ""sources"",
      ""label"": ""Evidence and traceability"",
      ""widget"": ""evidence-list"",
      ""dataType"": ""array"",
      ""colSpan"": 12,
      ""constraints"": {},
      ""items"": {
        ""type"": ""string""
      }
    }
  ],
  ""groups"": [
    {
      ""id"": ""d7-ai-result"",
      ""label"": ""AI-generated preventive plan"",
      ""fieldKeys"": [
        ""preventive.actions"",
        ""preventive.fmea""
      ],
      ""width"": ""100"",
      ""columns"": 12,
      ""order"": 10
    }
  ]
}";;;"1";"Draft";;;;;"NotStarted"
"aeb1b5f8-7810-49bd-bf3c-81037a690d34";"2026-09-21T16:08:26.207Z";"anonymous";"2026-09-21T16:08:26.207Z";"anonymous";"120cd73a-61ab-43fc-8fec-1356f3ba6585";"D8";"8";"D8 — Closure & Team Recognition";"8D report closed.";"8D report closed.";;;;;"{""closure"":{""gate"":{""status"":""Open"",""readyForClosure"":false}}}";"{
  ""fields"": [
    {
      ""key"": ""closure.gate"",
      ""label"": ""Closure readiness"",
      ""widget"": ""closure-gate"",
      ""dataType"": ""object"",
      ""colSpan"": 12,
      ""constraints"": {},
      ""xSource"": ""manual_input"",
      ""description"": ""Computed from the review status of D1-D7. The AI never writes this."",
      ""properties"": {}
    },
    {
      ""key"": ""closure.costOfPoorQuality"",
      ""label"": ""Cost of poor quality"",
      ""widget"": ""text"",
      ""dataType"": ""string"",
      ""colSpan"": 4,
      ""constraints"": {},
      ""xSource"": ""sap_qm"",
      ""description"": ""Read from the case. The AI never writes this.""
    },
    {
      ""key"": ""closure.lessonsWhatWorked"",
      ""label"": ""What worked"",
      ""widget"": ""markdown"",
      ""dataType"": ""string"",
      ""colSpan"": 6,
      ""constraints"": {
        ""required"": true,
        ""minLength"": 20
      }
    },
    {
      ""key"": ""closure.lessonsWhatDidNot"",
      ""label"": ""What did not"",
      ""widget"": ""markdown"",
      ""dataType"": ""string"",
      ""colSpan"": 6,
      ""constraints"": {
        ""required"": true,
        ""minLength"": 20
      }
    },
    {
      ""key"": ""closure.teamRecognition"",
      ""label"": ""Team recognition"",
      ""widget"": ""markdown"",
      ""dataType"": ""string"",
      ""colSpan"": 12,
      ""constraints"": {}
    },
    {
      ""key"": ""closure.openItems"",
      ""label"": ""Still open at closure"",
      ""widget"": ""warning-list"",
      ""dataType"": ""array"",
      ""colSpan"": 12,
      ""constraints"": {},
      ""items"": {
        ""type"": ""string""
      }
    },
    {
      ""key"": ""sources"",
      ""label"": ""Evidence and traceability"",
      ""widget"": ""evidence-list"",
      ""dataType"": ""array"",
      ""colSpan"": 12,
      ""constraints"": {},
      ""items"": {
        ""type"": ""string""
      }
    }
  ],
  ""groups"": [
    {
      ""id"": ""d8-ai-result"",
      ""label"": ""AI-generated closure summary"",
      ""fieldKeys"": [
        ""closure.gate"",
        ""closure.costOfPoorQuality"",
        ""closure.lessonsWhatWorked"",
        ""closure.lessonsWhatDidNot"",
        ""closure.teamRecognition""
      ],
      ""width"": ""100"",
      ""columns"": 12,
      ""order"": 10
    }
  ]
}";;;"1";"Draft";;;;;"NotStarted"
"746a7408-4452-4460-afb0-e99e66964af7";"2026-09-21T16:08:26.212Z";"anonymous";"2026-09-21T16:08:26.212Z";"anonymous";"a5ed8ccb-7e3d-48db-9ef2-aaad407a3872";"D1";"1";"D1 — Team Roster";"Formed cross-functional 8D team.";"Formed cross-functional 8D team.";;;;;"{""team"":{""roster"":[{""name"":""Ingo Braun"",""organizationalRole"":""Manufacturing Engineer"",""assigned8DRole"":""8D Team Member"",""caseResponsibility"":""Manufacturing Engineer""},{""name"":""Petra Vogel"",""organizationalRole"":""Document Control Officer"",""assigned8DRole"":""8D Team Member"",""caseResponsibility"":""Document Control Officer""}],""assignedRoster"":[{""partnerId"":""100001"",""partnerRole"":""8D Team Leader""},{""partnerId"":""100045"",""partnerRole"":""8D Team Member""},{""partnerId"":""100052"",""partnerRole"":""8D Team Member""}]}}";"{
  ""fields"": [
    {
      ""key"": ""team.objective"",
      ""label"": ""Team objective"",
      ""widget"": ""callout"",
      ""dataType"": ""string"",
      ""colSpan"": 12,
      ""constraints"": {
        ""required"": true,
        ""minLength"": 20,
        ""maxLength"": 260
      }
    },
    {
      ""key"": ""team.selectionMethod"",
      ""label"": ""Selection method"",
      ""widget"": ""status"",
      ""dataType"": ""string"",
      ""colSpan"": 4,
      ""constraints"": {
        ""required"": true,
        ""enum"": [
          ""Current case team"",
          ""Precedent recommendation"",
          ""Hybrid"",
          ""Roles only - assignment required""
        ]
      }
    },
    {
      ""key"": ""team.problemCapabilities"",
      ""label"": ""Capabilities required by this problem"",
      ""widget"": ""tag-selector"",
      ""dataType"": ""array"",
      ""colSpan"": 8,
      ""constraints"": {
        ""required"": true,
        ""minItems"": 1
      },
      ""items"": {
        ""type"": ""string""
      }
    },
    {
      ""key"": ""team.selectionRationale"",
      ""label"": ""How the team was selected"",
      ""widget"": ""markdown"",
      ""dataType"": ""string"",
      ""colSpan"": 12,
      ""constraints"": {
        ""required"": true,
        ""minLength"": 60,
        ""maxLength"": 1600
      }
    },
    {
      ""key"": ""team.roster"",
      ""label"": ""AI suggest"",
      ""widget"": ""ai-suggest"",
      ""dataType"": ""array"",
      ""colSpan"": 12,
      ""constraints"": {
        ""required"": true,
        ""minItems"": 1
      },
      ""items"": {
        ""type"": ""object"",
        ""properties"": {
          ""name"": {
            ""type"": ""string"",
            ""maxLength"": 120,
            ""description"": ""ONLY the person name, or \""Unassigned\"". No role, no reasoning.""
          },
          ""organizationalRole"": {
            ""type"": ""string"",
            ""maxLength"": 120,
            ""description"": ""ONLY their job title in the organisation, e.g. \""Quality Engineer\"".""
          },
          ""assigned8DRole"": {
            ""type"": ""string"",
            ""maxLength"": 60,
            ""description"": ""ONLY their role in THIS 8D, e.g. \""Team Leader\"" or \""Team Member\"".""
          },
          ""caseResponsibility"": {
            ""type"": ""string"",
            ""maxLength"": 200,
            ""description"": ""What this person is accountable for here. Never a job title.""
          },
          ""selectionReason"": {
            ""type"": ""string"",
            ""maxLength"": 220,
            ""description"": ""Why this person, in one line. Do not repeat the name or the role.""
          },
          ""servedOnCount"": {
            ""type"": ""integer"",
            ""description"": ""How many qualifying precedent cases this person served on. Rank the roster by this value, descending.""
          },
          ""sourceType"": {
            ""type"": ""string"",
            ""enum"": [
              ""current_case"",
              ""precedent"",
              ""unassigned""
            ]
          },
          ""sourcePath"": {
            ""type"": ""string"",
            ""maxLength"": 80,
            ""description"": ""ONLY the resolvable path: team.leader, team.members#N, precedents#N.team#M, or team.gaps.""
          },
          ""sourceCase"": {
            ""type"": ""string"",
            ""maxLength"": 60,
            ""description"": ""ONLY the precedent notification id, when the person came from a precedent.""
          }
        },
        ""required"": [
          ""name"",
          ""organizationalRole"",
          ""assigned8DRole"",
          ""caseResponsibility"",
          ""selectionReason"",
          ""sourceType"",
          ""sourcePath""
        ]
      }
    },
    {
      ""key"": ""team.assignedRoster"",
      ""label"": ""Decision table"",
      ""widget"": ""decision-table"",
      ""dataType"": ""array"",
      ""colSpan"": 12,
      ""constraints"": {},
      ""xSource"": ""manual_input"",
      ""description"": ""Filled in by the quality engineer on the report screen. The AI never writes this."",
      ""items"": {
        ""type"": ""object"",
        ""properties"": {
          ""partnerId"": {
            ""type"": ""string""
          },
          ""partnerName"": {
            ""type"": ""string""
          },
          ""functionTitle"": {
            ""type"": ""string""
          },
          ""partnerRole"": {
            ""type"": ""string"",
            ""enum"": [
              ""8D Team Leader"",
              ""8D Team Member""
            ]
          }
        }
      }
    },
    {
      ""key"": ""team.readinessStatus"",
      ""label"": ""Team readiness"",
      ""widget"": ""status"",
      ""dataType"": ""string"",
      ""colSpan"": 3,
      ""constraints"": {
        ""required"": true,
        ""enum"": [
          ""Ready"",
          ""Partial"",
          ""Needs assignment""
        ]
      }
    },
    {
      ""key"": ""team.readinessRationale"",
      ""label"": ""Readiness assessment"",
      ""widget"": ""markdown"",
      ""dataType"": ""string"",
      ""colSpan"": 9,
      ""constraints"": {
        ""required"": true,
        ""minLength"": 30,
        ""maxLength"": 500
      }
    },
    {
      ""key"": ""team.uncoveredCapabilities"",
      ""label"": ""Uncovered capabilities"",
      ""widget"": ""warning-list"",
      ""dataType"": ""array"",
      ""colSpan"": 6,
      ""constraints"": {},
      ""items"": {
        ""type"": ""string""
      }
    },
    {
      ""key"": ""team.sourceSummary"",
      ""label"": ""Where the team recommendation came from"",
      ""widget"": ""markdown"",
      ""dataType"": ""string"",
      ""colSpan"": 6,
      ""constraints"": {
        ""required"": true,
        ""minLength"": 30,
        ""maxLength"": 500
      }
    },
    {
      ""key"": ""team.suggestionStatus"",
      ""label"": ""Suggestion status"",
      ""widget"": ""callout"",
      ""dataType"": ""string"",
      ""colSpan"": 12,
      ""constraints"": {}
    },
    {
      ""key"": ""sources"",
      ""label"": ""Source records"",
      ""widget"": ""evidence-list"",
      ""dataType"": ""array"",
      ""colSpan"": 12,
      ""constraints"": {
        ""pattern"": ""^(team\\.|precedents#)""
      },
      ""items"": {
        ""type"": ""string""
      }
    }
  ],
  ""groups"": [
    {
      ""id"": ""d1-decision-table"",
      ""label"": ""Decision Table"",
      ""fieldKeys"": [
        ""team.assignedRoster"",
        ""team.suggestionStatus""
      ],
      ""width"": ""100"",
      ""columns"": 12,
      ""order"": 10
    }
  ]
}";;;"1";"Approved";"AI Lead / Quality Manager";"2026-09-22 14:25:18";;;"Completed"
"02a3d3c2-a353-4e54-9309-10dc256222fe";"2026-09-21T16:08:26.212Z";"anonymous";"2026-09-21T16:08:26.212Z";"anonymous";"a5ed8ccb-7e3d-48db-9ef2-aaad407a3872";"D2";"2";"D2 — Problem Description";"Fittings bottoming out in customer assembly";"Fittings bottoming out in customer assembly";;;;;"{""problem"":{""statement"":""Fittings bottoming out in customer assembly"",""isIsNot"":{""is"":""M12 manifolds drilled from DOC-9930 Rev D, produced after the 2026-05 design change"",""isNot"":""M10 and M16 manifolds - same line, same operators, drawings unaffected by the change"",""notes"":""Defect is confined to the part touched by the design change""},""w2h"":{}}}";"{
  ""fields"": [
    {
      ""key"": ""problem.complaintReference"",
      ""label"": ""Complaint reference"",
      ""widget"": ""complaint-reference"",
      ""dataType"": ""string"",
      ""colSpan"": 12,
      ""constraints"": {},
      ""xSource"": ""sap_qm"",
      ""description"": ""Read from the SAP QM customer reference on the case. The AI never writes this.""
    },
    {
      ""key"": ""problem.statement"",
      ""label"": ""Problem statement"",
      ""widget"": ""problem-statement"",
      ""dataType"": ""string"",
      ""colSpan"": 12,
      ""constraints"": {
        ""required"": true,
        ""minLength"": 30,
        ""maxLength"": 600
      }
    },
    {
      ""key"": ""problem.statementOverride"",
      ""label"": ""Problem statement (edited)"",
      ""widget"": ""text"",
      ""dataType"": ""string"",
      ""colSpan"": 12,
      ""constraints"": {},
      ""xSource"": ""manual_input"",
      ""description"": ""Edited by the quality engineer on the report screen. The AI never writes this.""
    },
    {
      ""key"": ""problem.what"",
      ""label"": ""What"",
      ""widget"": ""w2h-cell"",
      ""dataType"": ""string"",
      ""colSpan"": 4,
      ""constraints"": {
        ""required"": true
      }
    },
    {
      ""key"": ""problem.where"",
      ""label"": ""Where"",
      ""widget"": ""w2h-cell"",
      ""dataType"": ""string"",
      ""colSpan"": 4,
      ""constraints"": {
        ""required"": true
      }
    },
    {
      ""key"": ""problem.when"",
      ""label"": ""When"",
      ""widget"": ""w2h-cell"",
      ""dataType"": ""string"",
      ""colSpan"": 4,
      ""constraints"": {}
    },
    {
      ""key"": ""problem.who"",
      ""label"": ""Who"",
      ""widget"": ""w2h-cell"",
      ""dataType"": ""string"",
      ""colSpan"": 4,
      ""constraints"": {}
    },
    {
      ""key"": ""problem.how"",
      ""label"": ""How"",
      ""widget"": ""w2h-cell"",
      ""dataType"": ""string"",
      ""colSpan"": 4,
      ""constraints"": {}
    },
    {
      ""key"": ""problem.extent"",
      ""label"": ""How Many"",
      ""widget"": ""w2h-cell"",
      ""dataType"": ""string"",
      ""colSpan"": 4,
      ""constraints"": {
        ""required"": true
      }
    },
    {
      ""key"": ""problem.impact"",
      ""label"": ""Business / customer impact"",
      ""widget"": ""text"",
      ""dataType"": ""string"",
      ""colSpan"": 12,
      ""constraints"": {}
    },
    {
      ""key"": ""problem.is"",
      ""label"": ""Is"",
      ""widget"": ""is-box"",
      ""dataType"": ""array"",
      ""colSpan"": 6,
      ""constraints"": {},
      ""items"": {
        ""type"": ""string""
      }
    },
    {
      ""key"": ""problem.isNot"",
      ""label"": ""Is not"",
      ""widget"": ""isnot-box"",
      ""dataType"": ""array"",
      ""colSpan"": 6,
      ""constraints"": {},
      ""items"": {
        ""type"": ""string""
      }
    },
    {
      ""key"": ""problem.isIsNotStatus"",
      ""label"": ""Is / Is-Not status"",
      ""widget"": ""callout"",
      ""dataType"": ""string"",
      ""colSpan"": 12,
      ""constraints"": {}
    },
    {
      ""key"": ""problem.isIsNotBasis"",
      ""label"": ""Is / Is-Not basis"",
      ""widget"": ""markdown"",
      ""dataType"": ""string"",
      ""colSpan"": 12,
      ""constraints"": {}
    },
    {
      ""key"": ""problem.measuredEvidence"",
      ""label"": ""Measured evidence"",
      ""widget"": ""table"",
      ""dataType"": ""array"",
      ""colSpan"": 12,
      ""constraints"": {},
      ""items"": {
        ""type"": ""object"",
        ""properties"": {
          ""characteristic"": {
            ""type"": ""string"",
            ""maxLength"": 120,
            ""description"": ""ONLY the characteristic name, e.g. \""Burr height\"". No value, no verdict.""
          },
          ""measured"": {
            ""type"": ""string"",
            ""maxLength"": 60,
            ""description"": ""ONLY the measured value with its unit, e.g. \""0.32 mm\"".""
          },
          ""specification"": {
            ""type"": ""string"",
            ""maxLength"": 60,
            ""description"": ""ONLY the specification limit with its unit, e.g. \""max 0.10 mm\"".""
          },
          ""assessment"": {
            ""type"": ""string"",
            ""maxLength"": 120,
            ""description"": ""ONLY the verdict, e.g. \""Out of tolerance\"" or \""Within spec\"". No restatement of the numbers.""
          }
        }
      }
    },
    {
      ""key"": ""problem.gaps"",
      ""label"": ""Missing facts"",
      ""widget"": ""warning-list"",
      ""dataType"": ""array"",
      ""colSpan"": 12,
      ""constraints"": {},
      ""items"": {
        ""type"": ""string""
      }
    },
    {
      ""key"": ""sources"",
      ""label"": ""Evidence and traceability"",
      ""widget"": ""evidence-list"",
      ""dataType"": ""array"",
      ""colSpan"": 12,
      ""constraints"": {},
      ""items"": {
        ""type"": ""string""
      }
    }
  ],
  ""groups"": [
    {
      ""id"": ""d2-ai-result"",
      ""label"": ""AI-generated problem description"",
      ""fieldKeys"": [
        ""problem.complaintReference"",
        ""problem.statement"",
        ""problem.what"",
        ""problem.where"",
        ""problem.when"",
        ""problem.who"",
        ""problem.how"",
        ""problem.extent"",
        ""problem.is"",
        ""problem.isNot"",
        ""problem.isIsNotStatus"",
        ""problem.isIsNotBasis""
      ],
      ""width"": ""100"",
      ""columns"": 12,
      ""order"": 10
    }
  ]
}";;;"1";"Approved";"AI Lead / Quality Manager";"2026-09-22 14:25:18";;;"Completed"
"c8318194-aeb6-499d-add2-7e377f40b2c9";"2026-09-21T16:08:26.212Z";"anonymous";"2026-09-21T16:08:26.212Z";"anonymous";"a5ed8ccb-7e3d-48db-9ef2-aaad407a3872";"D3";"3";"D3 — Containment Actions";"Containment actions established.";"Containment actions established.";;;;;"{""containment"":{""actions"":[{""lineNo"":1,""actionType"":""Containment"",""actionText"":""Block all M12 stock and gauge thread depth on every unit at the customer and in transit"",""status"":""Done""}]}}";"{
  ""fields"": [
    {
      ""key"": ""containment.actions"",
      ""label"": ""Containment actions"",
      ""widget"": ""action-cards"",
      ""dataType"": ""array"",
      ""colSpan"": 12,
      ""constraints"": {
        ""required"": true,
        ""minItems"": 1
      },
      ""items"": {
        ""type"": ""object"",
        ""properties"": {
          ""action"": {
            ""type"": ""string"",
            ""description"": ""Short concise action description without boilerplate prefix. Start with the imperative verb naming the PRIMARY work, e.g. \""Quarantine 85 housings at the outgoing dock\"".""
          },
          ""owner"": {
            ""type"": ""string"",
            ""maxLength"": 120,
            ""description"": ""The team member from D1 (team.roster or team.leader/members) assigned to this containment action, selected by matching their role/responsibility to the work required. E.g. \""Karl Wagner\"" or \""DungTruonghyhy\"".""
          },
          ""status"": {
            ""type"": ""string"",
            ""enum"": [
              ""Planned"",
              ""In Process"",
              ""Done"",
              ""Verified""
            ]
          }
        }
      }
    },
    {
      ""key"": ""containment.gaps"",
      ""label"": ""Open containment gaps"",
      ""widget"": ""warning-list"",
      ""dataType"": ""array"",
      ""colSpan"": 12,
      ""constraints"": {},
      ""items"": {
        ""type"": ""string""
      }
    },
    {
      ""key"": ""sources"",
      ""label"": ""Evidence and traceability"",
      ""widget"": ""evidence-list"",
      ""dataType"": ""array"",
      ""colSpan"": 12,
      ""constraints"": {},
      ""items"": {
        ""type"": ""string""
      }
    }
  ],
  ""groups"": [
    {
      ""id"": ""d3-ai-result"",
      ""label"": ""Containment plan"",
      ""fieldKeys"": [
        ""containment.actions"",
        ""containment.gaps"",
        ""sources""
      ],
      ""width"": ""100"",
      ""columns"": 12,
      ""order"": 10
    }
  ]
}";;;"1";"Approved";"AI Lead / Quality Manager";"2026-09-22 14:25:18";;;"Completed"
"3da219ad-fc9d-4050-b25a-d85d4636ea78";"2026-09-21T16:08:26.212Z";"anonymous";"2026-09-21T16:08:26.212Z";"anonymous";"a5ed8ccb-7e3d-48db-9ef2-aaad407a3872";"D4";"4";"D4 — Root Cause Analysis";"Root cause identified as Method.";"Root cause identified as Method.";;;;;"{""rootCause"":{""category"":""Method"",""whyChain"":[],""ishikawa"":[{""category"":""Man"",""description"":""EMP-7201, Shift C - ran the released NC program without deviation"",""metricValue"":null,""isRootCause"":false,""source"":""ASSUMED: MES/HR""},{""category"":""Machine"",""description"":""EQ-DRILL06-003 axis positioning verified 0.01mm, within the 0.03mm limit"",""metricValue"":""0.01mm"",""isRootCause"":false,""source"":""SAP: EQUI/AFIH (PM)""},{""category"":""Method"",""description"":""DOC-9930 Rev D - drawing still carries the pre-revision 9.5mm thread depth after the M12 port was changed to a deeper fitting in 2026-05; the NC program was generated from this drawing"",""metricValue"":""9.5mm drawn vs 14.0mm required"",""isRootCause"":true,""source"":""SAP: DRAW/PLPO (DMS+Routing)""},{""category"":""Material"",""description"":""Aluminium billet lot AL-4420 cert PASS"",""metricValue"":null,""isRootCause"":false,""source"":""SAP: QALS/QAMR (incoming)""},{""category"":""Measurement"",""description"":""Thread plug gauge GA-0511, last cal 2026-05-28, R&R 5.5%"",""metricValue"":""5.5%"",""isRootCause"":false,""source"":""SAP: Test Equipment Mgmt""},{""category"":""Environment"",""description"":""23.4C, nominal"",""metricValue"":null,""isRootCause"":false,""source"":""ASSUMED: MES/IoT""}]}}";"{
  ""fields"": [
    {
      ""key"": ""rootCause.statement"",
      ""label"": ""Root cause"",
      ""widget"": ""ai-draft"",
      ""dataType"": ""string"",
      ""colSpan"": 12,
      ""constraints"": {
        ""required"": true,
        ""minLength"": 10,
        ""maxLength"": 320
      }
    },
    {
      ""key"": ""rootCause.ishikawaBoard"",
      ""label"": ""Ishikawa"",
      ""widget"": ""ishikawa-grid"",
      ""dataType"": ""array"",
      ""colSpan"": 12,
      ""constraints"": {
        ""required"": true,
        ""minItems"": 6
      },
      ""description"": ""Always one row per 6M category with a concise 1-sentence verdict. Copy a recorded assessment verbatim with source=recorded; for a category with no recorded entry propose a brief verdict from evidence with source=proposed, or write \""not assessed\"". Never write audit plans or long essays in cells."",
      ""items"": {
        ""type"": ""object"",
        ""properties"": {
          ""category"": {
            ""type"": ""string"",
            ""enum"": [
              ""Man"",
              ""Machine"",
              ""Method"",
              ""Material"",
              ""Measurement"",
              ""Environment""
            ]
          },
          ""finding"": {
            ""type"": ""string"",
            ""maxLength"": 220,
            ""description"": ""The concise VERDICT for this branch, e.g. clamp pad worn 0.2 mm, or gauge R&R 8%, or not assessed. Never a list of evidence to gather - that goes in evidenceGaps once. Never the category name.""
          },
          ""isRootCause"": {
            ""type"": ""boolean"",
            ""description"": ""True for at most ONE branch in the whole board.""
          },
          ""source"": {
            ""type"": ""string"",
            ""enum"": [
              ""recorded"",
              ""proposed""
            ]
          }
        },
        ""required"": [
          ""category"",
          ""finding"",
          ""isRootCause"",
          ""source""
        ]
      }
    },
    {
      ""key"": ""rootCause.fiveWhy"",
      ""label"": ""5-Why chain"",
      ""widget"": ""why-chain"",
      ""dataType"": ""array"",
      ""colSpan"": 12,
      ""constraints"": {
        ""required"": true,
        ""minItems"": 1
      },
      ""items"": {
        ""type"": ""object"",
        ""properties"": {
          ""step"": {
            ""type"": ""integer"",
            ""description"": ""Position in the chain, starting at 1.""
          },
          ""why"": {
            ""type"": ""string"",
            ""maxLength"": 140,
            ""description"": ""The question only, ending in a question mark. Keep it short and crisp.""
          },
          ""answer"": {
            ""type"": ""string"",
            ""maxLength"": 200,
            ""description"": ""The answer only: 1 concise direct sentence naming the cause. Never repeat the question, never list audit procedures or evidence still to be gathered.""
          },
          ""evidence"": {
            ""type"": ""string"",
            ""maxLength"": 200,
            ""description"": ""The CaseContext path or measurement backing the answer. Concise citation only.""
          }
        },
        ""required"": [
          ""step"",
          ""why"",
          ""answer"",
          ""evidence""
        ]
      }
    },
    {
      ""key"": ""rootCause.evidenceGaps"",
      ""label"": ""Evidence gaps"",
      ""widget"": ""warning-list"",
      ""dataType"": ""array"",
      ""colSpan"": 12,
      ""constraints"": {},
      ""items"": {
        ""type"": ""string""
      }
    },
    {
      ""key"": ""sources"",
      ""label"": ""Evidence and traceability"",
      ""widget"": ""evidence-list"",
      ""dataType"": ""array"",
      ""colSpan"": 12,
      ""constraints"": {},
      ""items"": {
        ""type"": ""string""
      }
    }
  ],
  ""groups"": [
    {
      ""id"": ""d4-ai-result"",
      ""label"": ""Root cause analysis"",
      ""fieldKeys"": [
        ""rootCause.statement"",
        ""rootCause.ishikawaBoard"",
        ""rootCause.fiveWhy"",
        ""rootCause.evidenceGaps"",
        ""sources""
      ],
      ""width"": ""100"",
      ""columns"": 12,
      ""order"": 10
    }
  ]
}";;;"1";"Approved";"AI Lead / Quality Manager";"2026-09-22 14:25:18";;;"Completed"
"bc8fdde1-ada7-4d5d-ab0e-29d4ae9f7f6c";"2026-09-21T16:08:26.212Z";"anonymous";"2026-09-21T16:08:26.212Z";"anonymous";"a5ed8ccb-7e3d-48db-9ef2-aaad407a3872";"D5";"5";"D5 — Corrective Actions";"Permanent corrective actions defined.";"Permanent corrective actions defined.";;;;;"{""corrective"":{""actions"":[{""lineNo"":2,""actionType"":""Corrective"",""actionText"":""Correct DOC-9930 to Rev E with the 14.0mm port depth and regenerate the NC program"",""status"":""Verified""},{""lineNo"":3,""actionType"":""Corrective"",""actionText"":""Re-drill 428 affected manifolds to the corrected depth where stock allows, scrap the remainder"",""status"":""Done""}]}}";"{
  ""fields"": [
    {
      ""key"": ""corrective.actions"",
      ""label"": ""Permanent corrective actions"",
      ""widget"": ""action-cards"",
      ""dataType"": ""array"",
      ""colSpan"": 12,
      ""constraints"": {
        ""required"": true,
        ""minItems"": 1
      },
      ""items"": {
        ""type"": ""object"",
        ""properties"": {
          ""action"": {
            ""type"": ""string"",
            ""maxLength"": 240,
            ""description"": ""The action and its trigger, starting with the imperative verb that names the PRIMARY work. No owner, no status, no rationale - those are separate fields.""
          },
          ""owner"": {
            ""type"": ""string"",
            ""maxLength"": 120,
            ""description"": ""The team member from D1 (team.roster or team.leader/members) assigned to this corrective action, selected by matching their role/responsibility to the root cause fix. E.g. \""Karl Wagner\"" or \""Minh Dinh\"".""
          },
          ""status"": {
            ""type"": ""string"",
            ""maxLength"": 40,
            ""description"": ""ONLY the current status, one or two words, e.g. \""Planned\"", \""In progress\"", \""Done\"".""
          },
          ""origin"": {
            ""type"": ""string"",
            ""maxLength"": 60,
            ""description"": ""ONLY where it came from: \""recorded\"" for an action already in the case, or \""precedents#N\"" for a proposal.""
          },
          ""protection"": {
            ""type"": ""string"",
            ""maxLength"": 200,
            ""description"": ""One line.""
          }
        }
      }
    },
    {
      ""key"": ""sources"",
      ""label"": ""Evidence and traceability"",
      ""widget"": ""evidence-list"",
      ""dataType"": ""array"",
      ""colSpan"": 12,
      ""constraints"": {},
      ""items"": {
        ""type"": ""string""
      }
    }
  ],
  ""groups"": [
    {
      ""id"": ""d5-ai-result"",
      ""label"": ""AI-generated corrective plan"",
      ""fieldKeys"": [
        ""corrective.actions""
      ],
      ""width"": ""100"",
      ""columns"": 12,
      ""order"": 10
    }
  ]
}";;;"1";"Approved";"AI Lead / Quality Manager";"2026-09-22 14:25:18";;;"Completed"
"dd184757-4258-4db5-9091-5b39ef62f84a";"2026-09-21T16:08:26.212Z";"anonymous";"2026-09-21T16:08:26.212Z";"anonymous";"a5ed8ccb-7e3d-48db-9ef2-aaad407a3872";"D6";"6";"D6 — Verification of Effectiveness";"Verification plan executed.";"Verification plan executed.";;;;;"{""verification"":{""status"":""Verified"",""notes"":""Corrective actions verified on line.""}}";"{
  ""fields"": [
    {
      ""key"": ""verification.objective"",
      ""label"": ""Verification objective"",
      ""widget"": ""callout"",
      ""dataType"": ""string"",
      ""colSpan"": 12,
      ""constraints"": {
        ""required"": true,
        ""maxLength"": 260
      }
    },
    {
      ""key"": ""verification.plan"",
      ""label"": ""Verification plan"",
      ""widget"": ""table"",
      ""dataType"": ""array"",
      ""colSpan"": 12,
      ""constraints"": {
        ""required"": true,
        ""minItems"": 1
      },
      ""items"": {
        ""type"": ""object"",
        ""properties"": {
          ""measure"": {
            ""type"": ""string"",
            ""maxLength"": 200,
            ""description"": ""One line.""
          },
          ""sampleSize"": {
            ""type"": ""string"",
            ""maxLength"": 80,
            ""description"": ""ONLY the sample size, e.g. \""30 parts per shift\"".""
          },
          ""period"": {
            ""type"": ""string"",
            ""maxLength"": 60,
            ""description"": ""ONLY the period over which it runs, e.g. \""4 weeks\"".""
          },
          ""acceptanceCriterion"": {
            ""type"": ""string"",
            ""maxLength"": 220,
            ""description"": ""The pass/fail threshold with its number, anchored to a real specification value.""
          },
          ""signOff"": {
            ""type"": ""string"",
            ""maxLength"": 120,
            ""description"": ""ONLY the role that signs it off.""
          }
        }
      }
    },
    {
      ""key"": ""verification.evidenceStatus"",
      ""label"": ""Evidence status"",
      ""widget"": ""status"",
      ""dataType"": ""string"",
      ""colSpan"": 4,
      ""constraints"": {
        ""required"": true,
        ""enum"": [
          ""No evidence yet"",
          ""Partially verified"",
          ""Verified""
        ]
      }
    },
    {
      ""key"": ""sources"",
      ""label"": ""Evidence and traceability"",
      ""widget"": ""evidence-list"",
      ""dataType"": ""array"",
      ""colSpan"": 12,
      ""constraints"": {},
      ""items"": {
        ""type"": ""string""
      }
    }
  ],
  ""groups"": [
    {
      ""id"": ""d6-ai-result"",
      ""label"": ""AI-generated verification plan"",
      ""fieldKeys"": [
        ""verification.objective"",
        ""verification.plan""
      ],
      ""width"": ""100"",
      ""columns"": 12,
      ""order"": 10
    }
  ]
}";;;"1";"Approved";"AI Lead / Quality Manager";"2026-09-22 14:25:18";;;"Completed"
"a4054102-01d9-406a-8831-bc2c6282174a";"2026-09-21T16:08:26.212Z";"anonymous";"2026-09-21T16:08:26.212Z";"anonymous";"a5ed8ccb-7e3d-48db-9ef2-aaad407a3872";"D7";"7";"D7 — Preventive Actions";"Preventive measures implemented.";"Preventive measures implemented.";;;;;"{""preventive"":{""actions"":[{""lineNo"":4,""actionType"":""Preventive"",""actionText"":""Add a mandatory mating-feature dimension check to the engineering change review checklist"",""status"":""Verified in production""}]}}";"{
  ""fields"": [
    {
      ""key"": ""preventive.actions"",
      ""label"": ""Preventive actions"",
      ""widget"": ""action-cards"",
      ""dataType"": ""array"",
      ""colSpan"": 12,
      ""constraints"": {
        ""required"": true,
        ""minItems"": 1
      },
      ""items"": {
        ""type"": ""object"",
        ""properties"": {
          ""action"": {
            ""type"": ""string"",
            ""maxLength"": 240,
            ""description"": ""The action and its trigger, starting with the imperative verb that names the PRIMARY work. No owner, no status, no rationale - those are separate fields.""
          },
          ""owner"": {
            ""type"": ""string"",
            ""maxLength"": 120,
            ""description"": ""The team member from D1 (team.roster or team.leader/members) assigned to this preventive action, selected by matching their role/responsibility to the systemic/FMEA fix. E.g. \""Minh Dinh\"" or \""DungTruonghyhy\"".""
          },
          ""status"": {
            ""type"": ""string"",
            ""maxLength"": 40,
            ""description"": ""ONLY the current status, one or two words, e.g. \""Planned\"", \""In progress\"", \""Done\"".""
          },
          ""origin"": {
            ""type"": ""string"",
            ""maxLength"": 60,
            ""description"": ""ONLY where it came from: \""recorded\"" for an action already in the case, or \""precedents#N\"" for a proposal.""
          },
          ""protection"": {
            ""type"": ""string"",
            ""maxLength"": 200,
            ""description"": ""One line.""
          }
        }
      }
    },
    {
      ""key"": ""preventive.fmea"",
      ""label"": ""FMEA entry to update"",
      ""widget"": ""fmea-link"",
      ""dataType"": ""object"",
      ""colSpan"": 12,
      ""constraints"": {},
      ""properties"": {
        ""fmeaId"": {
          ""type"": ""string""
        },
        ""description"": {
          ""type"": ""string""
        },
        ""change"": {
          ""type"": ""string""
        },
        ""currentRating"": {
          ""type"": ""string""
        },
        ""proposedRating"": {
          ""type"": ""string""
        }
      }
    },
    {
      ""key"": ""sources"",
      ""label"": ""Evidence and traceability"",
      ""widget"": ""evidence-list"",
      ""dataType"": ""array"",
      ""colSpan"": 12,
      ""constraints"": {},
      ""items"": {
        ""type"": ""string""
      }
    }
  ],
  ""groups"": [
    {
      ""id"": ""d7-ai-result"",
      ""label"": ""AI-generated preventive plan"",
      ""fieldKeys"": [
        ""preventive.actions"",
        ""preventive.fmea""
      ],
      ""width"": ""100"",
      ""columns"": 12,
      ""order"": 10
    }
  ]
}";;;"1";"Approved";"AI Lead / Quality Manager";"2026-09-22 14:25:18";;;"Completed"
"1298926d-19c6-4078-a371-9aeeebbe5949";"2026-09-21T16:08:26.212Z";"anonymous";"2026-09-21T16:08:26.212Z";"anonymous";"a5ed8ccb-7e3d-48db-9ef2-aaad407a3872";"D8";"8";"D8 — Closure & Team Recognition";"8D report closed.";"8D report closed.";;;;;"{""closure"":{""gate"":{""status"":""Closed"",""readyForClosure"":true}}}";"{
  ""fields"": [
    {
      ""key"": ""closure.gate"",
      ""label"": ""Closure readiness"",
      ""widget"": ""closure-gate"",
      ""dataType"": ""object"",
      ""colSpan"": 12,
      ""constraints"": {},
      ""xSource"": ""manual_input"",
      ""description"": ""Computed from the review status of D1-D7. The AI never writes this."",
      ""properties"": {}
    },
    {
      ""key"": ""closure.costOfPoorQuality"",
      ""label"": ""Cost of poor quality"",
      ""widget"": ""text"",
      ""dataType"": ""string"",
      ""colSpan"": 4,
      ""constraints"": {},
      ""xSource"": ""sap_qm"",
      ""description"": ""Read from the case. The AI never writes this.""
    },
    {
      ""key"": ""closure.lessonsWhatWorked"",
      ""label"": ""What worked"",
      ""widget"": ""markdown"",
      ""dataType"": ""string"",
      ""colSpan"": 6,
      ""constraints"": {
        ""required"": true,
        ""minLength"": 20
      }
    },
    {
      ""key"": ""closure.lessonsWhatDidNot"",
      ""label"": ""What did not"",
      ""widget"": ""markdown"",
      ""dataType"": ""string"",
      ""colSpan"": 6,
      ""constraints"": {
        ""required"": true,
        ""minLength"": 20
      }
    },
    {
      ""key"": ""closure.teamRecognition"",
      ""label"": ""Team recognition"",
      ""widget"": ""markdown"",
      ""dataType"": ""string"",
      ""colSpan"": 12,
      ""constraints"": {}
    },
    {
      ""key"": ""closure.openItems"",
      ""label"": ""Still open at closure"",
      ""widget"": ""warning-list"",
      ""dataType"": ""array"",
      ""colSpan"": 12,
      ""constraints"": {},
      ""items"": {
        ""type"": ""string""
      }
    },
    {
      ""key"": ""sources"",
      ""label"": ""Evidence and traceability"",
      ""widget"": ""evidence-list"",
      ""dataType"": ""array"",
      ""colSpan"": 12,
      ""constraints"": {},
      ""items"": {
        ""type"": ""string""
      }
    }
  ],
  ""groups"": [
    {
      ""id"": ""d8-ai-result"",
      ""label"": ""AI-generated closure summary"",
      ""fieldKeys"": [
        ""closure.gate"",
        ""closure.costOfPoorQuality"",
        ""closure.lessonsWhatWorked"",
        ""closure.lessonsWhatDidNot"",
        ""closure.teamRecognition""
      ],
      ""width"": ""100"",
      ""columns"": 12,
      ""order"": 10
    }
  ]
}";;;"1";"Approved";"AI Lead / Quality Manager";"2026-09-22 14:25:18";;;"Completed"
"b2c4868f-6c8c-4202-b908-5d64211243da";"2026-09-21T16:08:26.216Z";"anonymous";"2026-09-21T16:08:26.216Z";"anonymous";"04e2ca5b-ea8d-4595-9579-9c67ffb8cc41";"D1";"1";"D1 — Team Roster";"Formed cross-functional 8D team.";"Formed cross-functional 8D team.";;;;;"{""team"":{""roster"":[{""name"":""Thien Tu"",""organizationalRole"":""Quality Engineer"",""assigned8DRole"":""8D Team Member"",""caseResponsibility"":""Quality Engineer""},{""name"":""Ola Nyberg"",""organizationalRole"":""Press Shop Engineer"",""assigned8DRole"":""8D Team Member"",""caseResponsibility"":""Press Shop Engineer""}],""assignedRoster"":[{""partnerId"":""100031"",""partnerRole"":""8D Team Leader""},{""partnerId"":""100014"",""partnerRole"":""8D Team Member""},{""partnerId"":""100133"",""partnerRole"":""8D Team Member""}]}}";"{
  ""fields"": [
    {
      ""key"": ""team.objective"",
      ""label"": ""Team objective"",
      ""widget"": ""callout"",
      ""dataType"": ""string"",
      ""colSpan"": 12,
      ""constraints"": {
        ""required"": true,
        ""minLength"": 20,
        ""maxLength"": 260
      }
    },
    {
      ""key"": ""team.selectionMethod"",
      ""label"": ""Selection method"",
      ""widget"": ""status"",
      ""dataType"": ""string"",
      ""colSpan"": 4,
      ""constraints"": {
        ""required"": true,
        ""enum"": [
          ""Current case team"",
          ""Precedent recommendation"",
          ""Hybrid"",
          ""Roles only - assignment required""
        ]
      }
    },
    {
      ""key"": ""team.problemCapabilities"",
      ""label"": ""Capabilities required by this problem"",
      ""widget"": ""tag-selector"",
      ""dataType"": ""array"",
      ""colSpan"": 8,
      ""constraints"": {
        ""required"": true,
        ""minItems"": 1
      },
      ""items"": {
        ""type"": ""string""
      }
    },
    {
      ""key"": ""team.selectionRationale"",
      ""label"": ""How the team was selected"",
      ""widget"": ""markdown"",
      ""dataType"": ""string"",
      ""colSpan"": 12,
      ""constraints"": {
        ""required"": true,
        ""minLength"": 60,
        ""maxLength"": 1600
      }
    },
    {
      ""key"": ""team.roster"",
      ""label"": ""AI suggest"",
      ""widget"": ""ai-suggest"",
      ""dataType"": ""array"",
      ""colSpan"": 12,
      ""constraints"": {
        ""required"": true,
        ""minItems"": 1
      },
      ""items"": {
        ""type"": ""object"",
        ""properties"": {
          ""name"": {
            ""type"": ""string"",
            ""maxLength"": 120,
            ""description"": ""ONLY the person name, or \""Unassigned\"". No role, no reasoning.""
          },
          ""organizationalRole"": {
            ""type"": ""string"",
            ""maxLength"": 120,
            ""description"": ""ONLY their job title in the organisation, e.g. \""Quality Engineer\"".""
          },
          ""assigned8DRole"": {
            ""type"": ""string"",
            ""maxLength"": 60,
            ""description"": ""ONLY their role in THIS 8D, e.g. \""Team Leader\"" or \""Team Member\"".""
          },
          ""caseResponsibility"": {
            ""type"": ""string"",
            ""maxLength"": 200,
            ""description"": ""What this person is accountable for here. Never a job title.""
          },
          ""selectionReason"": {
            ""type"": ""string"",
            ""maxLength"": 220,
            ""description"": ""Why this person, in one line. Do not repeat the name or the role.""
          },
          ""servedOnCount"": {
            ""type"": ""integer"",
            ""description"": ""How many qualifying precedent cases this person served on. Rank the roster by this value, descending.""
          },
          ""sourceType"": {
            ""type"": ""string"",
            ""enum"": [
              ""current_case"",
              ""precedent"",
              ""unassigned""
            ]
          },
          ""sourcePath"": {
            ""type"": ""string"",
            ""maxLength"": 80,
            ""description"": ""ONLY the resolvable path: team.leader, team.members#N, precedents#N.team#M, or team.gaps.""
          },
          ""sourceCase"": {
            ""type"": ""string"",
            ""maxLength"": 60,
            ""description"": ""ONLY the precedent notification id, when the person came from a precedent.""
          }
        },
        ""required"": [
          ""name"",
          ""organizationalRole"",
          ""assigned8DRole"",
          ""caseResponsibility"",
          ""selectionReason"",
          ""sourceType"",
          ""sourcePath""
        ]
      }
    },
    {
      ""key"": ""team.assignedRoster"",
      ""label"": ""Decision table"",
      ""widget"": ""decision-table"",
      ""dataType"": ""array"",
      ""colSpan"": 12,
      ""constraints"": {},
      ""xSource"": ""manual_input"",
      ""description"": ""Filled in by the quality engineer on the report screen. The AI never writes this."",
      ""items"": {
        ""type"": ""object"",
        ""properties"": {
          ""partnerId"": {
            ""type"": ""string""
          },
          ""partnerName"": {
            ""type"": ""string""
          },
          ""functionTitle"": {
            ""type"": ""string""
          },
          ""partnerRole"": {
            ""type"": ""string"",
            ""enum"": [
              ""8D Team Leader"",
              ""8D Team Member""
            ]
          }
        }
      }
    },
    {
      ""key"": ""team.readinessStatus"",
      ""label"": ""Team readiness"",
      ""widget"": ""status"",
      ""dataType"": ""string"",
      ""colSpan"": 3,
      ""constraints"": {
        ""required"": true,
        ""enum"": [
          ""Ready"",
          ""Partial"",
          ""Needs assignment""
        ]
      }
    },
    {
      ""key"": ""team.readinessRationale"",
      ""label"": ""Readiness assessment"",
      ""widget"": ""markdown"",
      ""dataType"": ""string"",
      ""colSpan"": 9,
      ""constraints"": {
        ""required"": true,
        ""minLength"": 30,
        ""maxLength"": 500
      }
    },
    {
      ""key"": ""team.uncoveredCapabilities"",
      ""label"": ""Uncovered capabilities"",
      ""widget"": ""warning-list"",
      ""dataType"": ""array"",
      ""colSpan"": 6,
      ""constraints"": {},
      ""items"": {
        ""type"": ""string""
      }
    },
    {
      ""key"": ""team.sourceSummary"",
      ""label"": ""Where the team recommendation came from"",
      ""widget"": ""markdown"",
      ""dataType"": ""string"",
      ""colSpan"": 6,
      ""constraints"": {
        ""required"": true,
        ""minLength"": 30,
        ""maxLength"": 500
      }
    },
    {
      ""key"": ""team.suggestionStatus"",
      ""label"": ""Suggestion status"",
      ""widget"": ""callout"",
      ""dataType"": ""string"",
      ""colSpan"": 12,
      ""constraints"": {}
    },
    {
      ""key"": ""sources"",
      ""label"": ""Source records"",
      ""widget"": ""evidence-list"",
      ""dataType"": ""array"",
      ""colSpan"": 12,
      ""constraints"": {
        ""pattern"": ""^(team\\.|precedents#)""
      },
      ""items"": {
        ""type"": ""string""
      }
    }
  ],
  ""groups"": [
    {
      ""id"": ""d1-decision-table"",
      ""label"": ""Decision Table"",
      ""fieldKeys"": [
        ""team.assignedRoster"",
        ""team.suggestionStatus""
      ],
      ""width"": ""100"",
      ""columns"": 12,
      ""order"": 10
    }
  ]
}";;;"1";"Approved";"AI Lead / Quality Manager";"2026-09-22 14:25:18";;;"Completed"
"0d566fbe-ca2a-480d-9726-92ca5d9cf3bd";"2026-09-21T16:08:26.216Z";"anonymous";"2026-09-21T16:08:26.216Z";"anonymous";"04e2ca5b-ea8d-4595-9579-9c67ffb8cc41";"D2";"2";"D2 — Problem Description";"Cracks at retainer flange radius after forming";"Cracks at retainer flange radius after forming";;;;;"{""problem"":{""statement"":""Cracks at retainer flange radius after forming"",""isIsNot"":{""is"":""SR8 retainers formed from coil lot COIL-6612"",""isNot"":""SR8 from coil lots COIL-6588 and COIL-6640 - same press, same die, same operators"",""notes"":""Defect tracks the coil lot exclusively""},""w2h"":{}}}";"{
  ""fields"": [
    {
      ""key"": ""problem.complaintReference"",
      ""label"": ""Complaint reference"",
      ""widget"": ""complaint-reference"",
      ""dataType"": ""string"",
      ""colSpan"": 12,
      ""constraints"": {},
      ""xSource"": ""sap_qm"",
      ""description"": ""Read from the SAP QM customer reference on the case. The AI never writes this.""
    },
    {
      ""key"": ""problem.statement"",
      ""label"": ""Problem statement"",
      ""widget"": ""problem-statement"",
      ""dataType"": ""string"",
      ""colSpan"": 12,
      ""constraints"": {
        ""required"": true,
        ""minLength"": 30,
        ""maxLength"": 600
      }
    },
    {
      ""key"": ""problem.statementOverride"",
      ""label"": ""Problem statement (edited)"",
      ""widget"": ""text"",
      ""dataType"": ""string"",
      ""colSpan"": 12,
      ""constraints"": {},
      ""xSource"": ""manual_input"",
      ""description"": ""Edited by the quality engineer on the report screen. The AI never writes this.""
    },
    {
      ""key"": ""problem.what"",
      ""label"": ""What"",
      ""widget"": ""w2h-cell"",
      ""dataType"": ""string"",
      ""colSpan"": 4,
      ""constraints"": {
        ""required"": true
      }
    },
    {
      ""key"": ""problem.where"",
      ""label"": ""Where"",
      ""widget"": ""w2h-cell"",
      ""dataType"": ""string"",
      ""colSpan"": 4,
      ""constraints"": {
        ""required"": true
      }
    },
    {
      ""key"": ""problem.when"",
      ""label"": ""When"",
      ""widget"": ""w2h-cell"",
      ""dataType"": ""string"",
      ""colSpan"": 4,
      ""constraints"": {}
    },
    {
      ""key"": ""problem.who"",
      ""label"": ""Who"",
      ""widget"": ""w2h-cell"",
      ""dataType"": ""string"",
      ""colSpan"": 4,
      ""constraints"": {}
    },
    {
      ""key"": ""problem.how"",
      ""label"": ""How"",
      ""widget"": ""w2h-cell"",
      ""dataType"": ""string"",
      ""colSpan"": 4,
      ""constraints"": {}
    },
    {
      ""key"": ""problem.extent"",
      ""label"": ""How Many"",
      ""widget"": ""w2h-cell"",
      ""dataType"": ""string"",
      ""colSpan"": 4,
      ""constraints"": {
        ""required"": true
      }
    },
    {
      ""key"": ""problem.impact"",
      ""label"": ""Business / customer impact"",
      ""widget"": ""text"",
      ""dataType"": ""string"",
      ""colSpan"": 12,
      ""constraints"": {}
    },
    {
      ""key"": ""problem.is"",
      ""label"": ""Is"",
      ""widget"": ""is-box"",
      ""dataType"": ""array"",
      ""colSpan"": 6,
      ""constraints"": {},
      ""items"": {
        ""type"": ""string""
      }
    },
    {
      ""key"": ""problem.isNot"",
      ""label"": ""Is not"",
      ""widget"": ""isnot-box"",
      ""dataType"": ""array"",
      ""colSpan"": 6,
      ""constraints"": {},
      ""items"": {
        ""type"": ""string""
      }
    },
    {
      ""key"": ""problem.isIsNotStatus"",
      ""label"": ""Is / Is-Not status"",
      ""widget"": ""callout"",
      ""dataType"": ""string"",
      ""colSpan"": 12,
      ""constraints"": {}
    },
    {
      ""key"": ""problem.isIsNotBasis"",
      ""label"": ""Is / Is-Not basis"",
      ""widget"": ""markdown"",
      ""dataType"": ""string"",
      ""colSpan"": 12,
      ""constraints"": {}
    },
    {
      ""key"": ""problem.measuredEvidence"",
      ""label"": ""Measured evidence"",
      ""widget"": ""table"",
      ""dataType"": ""array"",
      ""colSpan"": 12,
      ""constraints"": {},
      ""items"": {
        ""type"": ""object"",
        ""properties"": {
          ""characteristic"": {
            ""type"": ""string"",
            ""maxLength"": 120,
            ""description"": ""ONLY the characteristic name, e.g. \""Burr height\"". No value, no verdict.""
          },
          ""measured"": {
            ""type"": ""string"",
            ""maxLength"": 60,
            ""description"": ""ONLY the measured value with its unit, e.g. \""0.32 mm\"".""
          },
          ""specification"": {
            ""type"": ""string"",
            ""maxLength"": 60,
            ""description"": ""ONLY the specification limit with its unit, e.g. \""max 0.10 mm\"".""
          },
          ""assessment"": {
            ""type"": ""string"",
            ""maxLength"": 120,
            ""description"": ""ONLY the verdict, e.g. \""Out of tolerance\"" or \""Within spec\"". No restatement of the numbers.""
          }
        }
      }
    },
    {
      ""key"": ""problem.gaps"",
      ""label"": ""Missing facts"",
      ""widget"": ""warning-list"",
      ""dataType"": ""array"",
      ""colSpan"": 12,
      ""constraints"": {},
      ""items"": {
        ""type"": ""string""
      }
    },
    {
      ""key"": ""sources"",
      ""label"": ""Evidence and traceability"",
      ""widget"": ""evidence-list"",
      ""dataType"": ""array"",
      ""colSpan"": 12,
      ""constraints"": {},
      ""items"": {
        ""type"": ""string""
      }
    }
  ],
  ""groups"": [
    {
      ""id"": ""d2-ai-result"",
      ""label"": ""AI-generated problem description"",
      ""fieldKeys"": [
        ""problem.complaintReference"",
        ""problem.statement"",
        ""problem.what"",
        ""problem.where"",
        ""problem.when"",
        ""problem.who"",
        ""problem.how"",
        ""problem.extent"",
        ""problem.is"",
        ""problem.isNot"",
        ""problem.isIsNotStatus"",
        ""problem.isIsNotBasis""
      ],
      ""width"": ""100"",
      ""columns"": 12,
      ""order"": 10
    }
  ]
}";;;"1";"Approved";"AI Lead / Quality Manager";"2026-09-22 14:25:18";;;"Completed"
"e87cb5d7-583c-482d-ae99-0996b0ac5f9b";"2026-09-21T16:08:26.216Z";"anonymous";"2026-09-21T16:08:26.216Z";"anonymous";"04e2ca5b-ea8d-4595-9579-9c67ffb8cc41";"D3";"3";"D3 — Containment Actions";"Containment actions established.";"Containment actions established.";;;;;"{""containment"":{""actions"":[{""lineNo"":1,""actionType"":""Containment"",""actionText"":""Quarantine all SR8 from COIL-6612 and hardness-test every remaining coil in the store"",""status"":""Done""}]}}";"{
  ""fields"": [
    {
      ""key"": ""containment.actions"",
      ""label"": ""Containment actions"",
      ""widget"": ""action-cards"",
      ""dataType"": ""array"",
      ""colSpan"": 12,
      ""constraints"": {
        ""required"": true,
        ""minItems"": 1
      },
      ""items"": {
        ""type"": ""object"",
        ""properties"": {
          ""action"": {
            ""type"": ""string"",
            ""description"": ""Short concise action description without boilerplate prefix. Start with the imperative verb naming the PRIMARY work, e.g. \""Quarantine 85 housings at the outgoing dock\"".""
          },
          ""owner"": {
            ""type"": ""string"",
            ""maxLength"": 120,
            ""description"": ""The team member from D1 (team.roster or team.leader/members) assigned to this containment action, selected by matching their role/responsibility to the work required. E.g. \""Karl Wagner\"" or \""DungTruonghyhy\"".""
          },
          ""status"": {
            ""type"": ""string"",
            ""enum"": [
              ""Planned"",
              ""In Process"",
              ""Done"",
              ""Verified""
            ]
          }
        }
      }
    },
    {
      ""key"": ""containment.gaps"",
      ""label"": ""Open containment gaps"",
      ""widget"": ""warning-list"",
      ""dataType"": ""array"",
      ""colSpan"": 12,
      ""constraints"": {},
      ""items"": {
        ""type"": ""string""
      }
    },
    {
      ""key"": ""sources"",
      ""label"": ""Evidence and traceability"",
      ""widget"": ""evidence-list"",
      ""dataType"": ""array"",
      ""colSpan"": 12,
      ""constraints"": {},
      ""items"": {
        ""type"": ""string""
      }
    }
  ],
  ""groups"": [
    {
      ""id"": ""d3-ai-result"",
      ""label"": ""Containment plan"",
      ""fieldKeys"": [
        ""containment.actions"",
        ""containment.gaps"",
        ""sources""
      ],
      ""width"": ""100"",
      ""columns"": 12,
      ""order"": 10
    }
  ]
}";;;"1";"Approved";"AI Lead / Quality Manager";"2026-09-22 14:25:18";;;"Completed"
"27c98313-d271-4cad-89f8-aff67562c79d";"2026-09-21T16:08:26.216Z";"anonymous";"2026-09-21T16:08:26.216Z";"anonymous";"04e2ca5b-ea8d-4595-9579-9c67ffb8cc41";"D4";"4";"D4 — Root Cause Analysis";"Root cause identified as Material.";"Root cause identified as Material.";;;;;"{""rootCause"":{""category"":""Material"",""whyChain"":[],""ishikawa"":[{""category"":""Man"",""description"":""EMP-8140, Shift A - press setup verified against the setup sheet"",""metricValue"":null,""isRootCause"":false,""source"":""ASSUMED: MES/HR""},{""category"":""Machine"",""description"":""EQ-PRESS09-001 tonnage and shut height logged within tolerance"",""metricValue"":""within band"",""isRootCause"":false,""source"":""SAP: EQUI/AFIH (PM)""},{""category"":""Method"",""description"":""DOC-10450 Rev A - forming sequence and radii unchanged since qualification"",""metricValue"":null,""isRootCause"":false,""source"":""SAP: DRAW/PLPO (DMS+Routing)""},{""category"":""Material"",""description"":""Coil lot COIL-6612 delivered as DC04 but hardness 214 HV and elongation 11% match DC01 full-hard; supplier shipped the wrong grade against the same part number"",""metricValue"":""214 HV vs 160 HV max"",""isRootCause"":true,""source"":""SAP: QALS/QAMR (incoming)""},{""category"":""Measurement"",""description"":""Hardness tester GA-0620, last cal 2026-06-09, R&R 3.9%"",""metricValue"":""3.9%"",""isRootCause"":false,""source"":""SAP: Test Equipment Mgmt""},{""category"":""Environment"",""description"":""22.7C / 41% RH, nominal"",""metricValue"":null,""isRootCause"":false,""source"":""ASSUMED: MES/IoT""}]}}";"{
  ""fields"": [
    {
      ""key"": ""rootCause.statement"",
      ""label"": ""Root cause"",
      ""widget"": ""ai-draft"",
      ""dataType"": ""string"",
      ""colSpan"": 12,
      ""constraints"": {
        ""required"": true,
        ""minLength"": 10,
        ""maxLength"": 320
      }
    },
    {
      ""key"": ""rootCause.ishikawaBoard"",
      ""label"": ""Ishikawa"",
      ""widget"": ""ishikawa-grid"",
      ""dataType"": ""array"",
      ""colSpan"": 12,
      ""constraints"": {
        ""required"": true,
        ""minItems"": 6
      },
      ""description"": ""Always one row per 6M category with a concise 1-sentence verdict. Copy a recorded assessment verbatim with source=recorded; for a category with no recorded entry propose a brief verdict from evidence with source=proposed, or write \""not assessed\"". Never write audit plans or long essays in cells."",
      ""items"": {
        ""type"": ""object"",
        ""properties"": {
          ""category"": {
            ""type"": ""string"",
            ""enum"": [
              ""Man"",
              ""Machine"",
              ""Method"",
              ""Material"",
              ""Measurement"",
              ""Environment""
            ]
          },
          ""finding"": {
            ""type"": ""string"",
            ""maxLength"": 220,
            ""description"": ""The concise VERDICT for this branch, e.g. clamp pad worn 0.2 mm, or gauge R&R 8%, or not assessed. Never a list of evidence to gather - that goes in evidenceGaps once. Never the category name.""
          },
          ""isRootCause"": {
            ""type"": ""boolean"",
            ""description"": ""True for at most ONE branch in the whole board.""
          },
          ""source"": {
            ""type"": ""string"",
            ""enum"": [
              ""recorded"",
              ""proposed""
            ]
          }
        },
        ""required"": [
          ""category"",
          ""finding"",
          ""isRootCause"",
          ""source""
        ]
      }
    },
    {
      ""key"": ""rootCause.fiveWhy"",
      ""label"": ""5-Why chain"",
      ""widget"": ""why-chain"",
      ""dataType"": ""array"",
      ""colSpan"": 12,
      ""constraints"": {
        ""required"": true,
        ""minItems"": 1
      },
      ""items"": {
        ""type"": ""object"",
        ""properties"": {
          ""step"": {
            ""type"": ""integer"",
            ""description"": ""Position in the chain, starting at 1.""
          },
          ""why"": {
            ""type"": ""string"",
            ""maxLength"": 140,
            ""description"": ""The question only, ending in a question mark. Keep it short and crisp.""
          },
          ""answer"": {
            ""type"": ""string"",
            ""maxLength"": 200,
            ""description"": ""The answer only: 1 concise direct sentence naming the cause. Never repeat the question, never list audit procedures or evidence still to be gathered.""
          },
          ""evidence"": {
            ""type"": ""string"",
            ""maxLength"": 200,
            ""description"": ""The CaseContext path or measurement backing the answer. Concise citation only.""
          }
        },
        ""required"": [
          ""step"",
          ""why"",
          ""answer"",
          ""evidence""
        ]
      }
    },
    {
      ""key"": ""rootCause.evidenceGaps"",
      ""label"": ""Evidence gaps"",
      ""widget"": ""warning-list"",
      ""dataType"": ""array"",
      ""colSpan"": 12,
      ""constraints"": {},
      ""items"": {
        ""type"": ""string""
      }
    },
    {
      ""key"": ""sources"",
      ""label"": ""Evidence and traceability"",
      ""widget"": ""evidence-list"",
      ""dataType"": ""array"",
      ""colSpan"": 12,
      ""constraints"": {},
      ""items"": {
        ""type"": ""string""
      }
    }
  ],
  ""groups"": [
    {
      ""id"": ""d4-ai-result"",
      ""label"": ""Root cause analysis"",
      ""fieldKeys"": [
        ""rootCause.statement"",
        ""rootCause.ishikawaBoard"",
        ""rootCause.fiveWhy"",
        ""rootCause.evidenceGaps"",
        ""sources""
      ],
      ""width"": ""100"",
      ""columns"": 12,
      ""order"": 10
    }
  ]
}";;;"1";"Approved";"AI Lead / Quality Manager";"2026-09-22 14:25:18";;;"Completed"
"71b5d2d7-0501-4305-ad83-bc9f859af8e7";"2026-09-21T16:08:26.216Z";"anonymous";"2026-09-21T16:08:26.216Z";"anonymous";"04e2ca5b-ea8d-4595-9579-9c67ffb8cc41";"D5";"5";"D5 — Corrective Actions";"Permanent corrective actions defined.";"Permanent corrective actions defined.";;;;;"{""corrective"":{""actions"":[{""lineNo"":2,""actionType"":""Corrective"",""actionText"":""Return coil lot COIL-6612 to the supplier and raise a supplier corrective action request"",""status"":""Verified""}]}}";"{
  ""fields"": [
    {
      ""key"": ""corrective.actions"",
      ""label"": ""Permanent corrective actions"",
      ""widget"": ""action-cards"",
      ""dataType"": ""array"",
      ""colSpan"": 12,
      ""constraints"": {
        ""required"": true,
        ""minItems"": 1
      },
      ""items"": {
        ""type"": ""object"",
        ""properties"": {
          ""action"": {
            ""type"": ""string"",
            ""maxLength"": 240,
            ""description"": ""The action and its trigger, starting with the imperative verb that names the PRIMARY work. No owner, no status, no rationale - those are separate fields.""
          },
          ""owner"": {
            ""type"": ""string"",
            ""maxLength"": 120,
            ""description"": ""The team member from D1 (team.roster or team.leader/members) assigned to this corrective action, selected by matching their role/responsibility to the root cause fix. E.g. \""Karl Wagner\"" or \""Minh Dinh\"".""
          },
          ""status"": {
            ""type"": ""string"",
            ""maxLength"": 40,
            ""description"": ""ONLY the current status, one or two words, e.g. \""Planned\"", \""In progress\"", \""Done\"".""
          },
          ""origin"": {
            ""type"": ""string"",
            ""maxLength"": 60,
            ""description"": ""ONLY where it came from: \""recorded\"" for an action already in the case, or \""precedents#N\"" for a proposal.""
          },
          ""protection"": {
            ""type"": ""string"",
            ""maxLength"": 200,
            ""description"": ""One line.""
          }
        }
      }
    },
    {
      ""key"": ""sources"",
      ""label"": ""Evidence and traceability"",
      ""widget"": ""evidence-list"",
      ""dataType"": ""array"",
      ""colSpan"": 12,
      ""constraints"": {},
      ""items"": {
        ""type"": ""string""
      }
    }
  ],
  ""groups"": [
    {
      ""id"": ""d5-ai-result"",
      ""label"": ""AI-generated corrective plan"",
      ""fieldKeys"": [
        ""corrective.actions""
      ],
      ""width"": ""100"",
      ""columns"": 12,
      ""order"": 10
    }
  ]
}";;;"1";"Approved";"AI Lead / Quality Manager";"2026-09-22 14:25:18";;;"Completed"
"3242aa34-852b-4f58-a70c-d2f562dae0d8";"2026-09-21T16:08:26.216Z";"anonymous";"2026-09-21T16:08:26.216Z";"anonymous";"04e2ca5b-ea8d-4595-9579-9c67ffb8cc41";"D6";"6";"D6 — Verification of Effectiveness";"Verification plan executed.";"Verification plan executed.";;;;;"{""verification"":{""status"":""Verified"",""notes"":""Corrective actions verified on line.""}}";"{
  ""fields"": [
    {
      ""key"": ""verification.objective"",
      ""label"": ""Verification objective"",
      ""widget"": ""callout"",
      ""dataType"": ""string"",
      ""colSpan"": 12,
      ""constraints"": {
        ""required"": true,
        ""maxLength"": 260
      }
    },
    {
      ""key"": ""verification.plan"",
      ""label"": ""Verification plan"",
      ""widget"": ""table"",
      ""dataType"": ""array"",
      ""colSpan"": 12,
      ""constraints"": {
        ""required"": true,
        ""minItems"": 1
      },
      ""items"": {
        ""type"": ""object"",
        ""properties"": {
          ""measure"": {
            ""type"": ""string"",
            ""maxLength"": 200,
            ""description"": ""One line.""
          },
          ""sampleSize"": {
            ""type"": ""string"",
            ""maxLength"": 80,
            ""description"": ""ONLY the sample size, e.g. \""30 parts per shift\"".""
          },
          ""period"": {
            ""type"": ""string"",
            ""maxLength"": 60,
            ""description"": ""ONLY the period over which it runs, e.g. \""4 weeks\"".""
          },
          ""acceptanceCriterion"": {
            ""type"": ""string"",
            ""maxLength"": 220,
            ""description"": ""The pass/fail threshold with its number, anchored to a real specification value.""
          },
          ""signOff"": {
            ""type"": ""string"",
            ""maxLength"": 120,
            ""description"": ""ONLY the role that signs it off.""
          }
        }
      }
    },
    {
      ""key"": ""verification.evidenceStatus"",
      ""label"": ""Evidence status"",
      ""widget"": ""status"",
      ""dataType"": ""string"",
      ""colSpan"": 4,
      ""constraints"": {
        ""required"": true,
        ""enum"": [
          ""No evidence yet"",
          ""Partially verified"",
          ""Verified""
        ]
      }
    },
    {
      ""key"": ""sources"",
      ""label"": ""Evidence and traceability"",
      ""widget"": ""evidence-list"",
      ""dataType"": ""array"",
      ""colSpan"": 12,
      ""constraints"": {},
      ""items"": {
        ""type"": ""string""
      }
    }
  ],
  ""groups"": [
    {
      ""id"": ""d6-ai-result"",
      ""label"": ""AI-generated verification plan"",
      ""fieldKeys"": [
        ""verification.objective"",
        ""verification.plan""
      ],
      ""width"": ""100"",
      ""columns"": 12,
      ""order"": 10
    }
  ]
}";;;"1";"Approved";"AI Lead / Quality Manager";"2026-09-22 14:25:18";;;"Completed"
"9ea04e4c-fb98-4bf1-891f-224a5e102d59";"2026-09-21T16:08:26.216Z";"anonymous";"2026-09-21T16:08:26.216Z";"anonymous";"04e2ca5b-ea8d-4595-9579-9c67ffb8cc41";"D7";"7";"D7 — Preventive Actions";"Preventive measures implemented.";"Preventive measures implemented.";;;;;"{""preventive"":{""actions"":[{""lineNo"":3,""actionType"":""Preventive"",""actionText"":""Add hardness and elongation checks to the incoming inspection plan for all formed-steel part numbers"",""status"":""Verified in production""}]}}";"{
  ""fields"": [
    {
      ""key"": ""preventive.actions"",
      ""label"": ""Preventive actions"",
      ""widget"": ""action-cards"",
      ""dataType"": ""array"",
      ""colSpan"": 12,
      ""constraints"": {
        ""required"": true,
        ""minItems"": 1
      },
      ""items"": {
        ""type"": ""object"",
        ""properties"": {
          ""action"": {
            ""type"": ""string"",
            ""maxLength"": 240,
            ""description"": ""The action and its trigger, starting with the imperative verb that names the PRIMARY work. No owner, no status, no rationale - those are separate fields.""
          },
          ""owner"": {
            ""type"": ""string"",
            ""maxLength"": 120,
            ""description"": ""The team member from D1 (team.roster or team.leader/members) assigned to this preventive action, selected by matching their role/responsibility to the systemic/FMEA fix. E.g. \""Minh Dinh\"" or \""DungTruonghyhy\"".""
          },
          ""status"": {
            ""type"": ""string"",
            ""maxLength"": 40,
            ""description"": ""ONLY the current status, one or two words, e.g. \""Planned\"", \""In progress\"", \""Done\"".""
          },
          ""origin"": {
            ""type"": ""string"",
            ""maxLength"": 60,
            ""description"": ""ONLY where it came from: \""recorded\"" for an action already in the case, or \""precedents#N\"" for a proposal.""
          },
          ""protection"": {
            ""type"": ""string"",
            ""maxLength"": 200,
            ""description"": ""One line.""
          }
        }
      }
    },
    {
      ""key"": ""preventive.fmea"",
      ""label"": ""FMEA entry to update"",
      ""widget"": ""fmea-link"",
      ""dataType"": ""object"",
      ""colSpan"": 12,
      ""constraints"": {},
      ""properties"": {
        ""fmeaId"": {
          ""type"": ""string""
        },
        ""description"": {
          ""type"": ""string""
        },
        ""change"": {
          ""type"": ""string""
        },
        ""currentRating"": {
          ""type"": ""string""
        },
        ""proposedRating"": {
          ""type"": ""string""
        }
      }
    },
    {
      ""key"": ""sources"",
      ""label"": ""Evidence and traceability"",
      ""widget"": ""evidence-list"",
      ""dataType"": ""array"",
      ""colSpan"": 12,
      ""constraints"": {},
      ""items"": {
        ""type"": ""string""
      }
    }
  ],
  ""groups"": [
    {
      ""id"": ""d7-ai-result"",
      ""label"": ""AI-generated preventive plan"",
      ""fieldKeys"": [
        ""preventive.actions"",
        ""preventive.fmea""
      ],
      ""width"": ""100"",
      ""columns"": 12,
      ""order"": 10
    }
  ]
}";;;"1";"Approved";"AI Lead / Quality Manager";"2026-09-22 14:25:18";;;"Completed"
"2456ee24-62b8-45f7-a5d9-dd688c828105";"2026-09-21T16:08:26.216Z";"anonymous";"2026-09-21T16:08:26.216Z";"anonymous";"04e2ca5b-ea8d-4595-9579-9c67ffb8cc41";"D8";"8";"D8 — Closure & Team Recognition";"8D report closed.";"8D report closed.";;;;;"{""closure"":{""gate"":{""status"":""Closed"",""readyForClosure"":true}}}";"{
  ""fields"": [
    {
      ""key"": ""closure.gate"",
      ""label"": ""Closure readiness"",
      ""widget"": ""closure-gate"",
      ""dataType"": ""object"",
      ""colSpan"": 12,
      ""constraints"": {},
      ""xSource"": ""manual_input"",
      ""description"": ""Computed from the review status of D1-D7. The AI never writes this."",
      ""properties"": {}
    },
    {
      ""key"": ""closure.costOfPoorQuality"",
      ""label"": ""Cost of poor quality"",
      ""widget"": ""text"",
      ""dataType"": ""string"",
      ""colSpan"": 4,
      ""constraints"": {},
      ""xSource"": ""sap_qm"",
      ""description"": ""Read from the case. The AI never writes this.""
    },
    {
      ""key"": ""closure.lessonsWhatWorked"",
      ""label"": ""What worked"",
      ""widget"": ""markdown"",
      ""dataType"": ""string"",
      ""colSpan"": 6,
      ""constraints"": {
        ""required"": true,
        ""minLength"": 20
      }
    },
    {
      ""key"": ""closure.lessonsWhatDidNot"",
      ""label"": ""What did not"",
      ""widget"": ""markdown"",
      ""dataType"": ""string"",
      ""colSpan"": 6,
      ""constraints"": {
        ""required"": true,
        ""minLength"": 20
      }
    },
    {
      ""key"": ""closure.teamRecognition"",
      ""label"": ""Team recognition"",
      ""widget"": ""markdown"",
      ""dataType"": ""string"",
      ""colSpan"": 12,
      ""constraints"": {}
    },
    {
      ""key"": ""closure.openItems"",
      ""label"": ""Still open at closure"",
      ""widget"": ""warning-list"",
      ""dataType"": ""array"",
      ""colSpan"": 12,
      ""constraints"": {},
      ""items"": {
        ""type"": ""string""
      }
    },
    {
      ""key"": ""sources"",
      ""label"": ""Evidence and traceability"",
      ""widget"": ""evidence-list"",
      ""dataType"": ""array"",
      ""colSpan"": 12,
      ""constraints"": {},
      ""items"": {
        ""type"": ""string""
      }
    }
  ],
  ""groups"": [
    {
      ""id"": ""d8-ai-result"",
      ""label"": ""AI-generated closure summary"",
      ""fieldKeys"": [
        ""closure.gate"",
        ""closure.costOfPoorQuality"",
        ""closure.lessonsWhatWorked"",
        ""closure.lessonsWhatDidNot"",
        ""closure.teamRecognition""
      ],
      ""width"": ""100"",
      ""columns"": 12,
      ""order"": 10
    }
  ]
}";;;"1";"Approved";"AI Lead / Quality Manager";"2026-09-22 14:25:18";;;"Completed"
"339b3088-0c3b-4f47-8378-346fd0b7aa3b";"2026-09-21T16:08:26.219Z";"anonymous";"2026-09-21T16:08:26.219Z";"anonymous";"3d43ad69-bc8f-4d39-bdac-244f9d82b23e";"D1";"1";"D1 — Team Roster";"Formed cross-functional 8D team.";"Formed cross-functional 8D team.";;;;;"{""team"":{""roster"":[{""name"":""Lena Hoffmann"",""organizationalRole"":""Metrology Specialist"",""assigned8DRole"":""8D Team Member"",""caseResponsibility"":""Metrology Specialist""},{""name"":""Ingo Braun"",""organizationalRole"":""Manufacturing Engineer"",""assigned8DRole"":""8D Team Member"",""caseResponsibility"":""Manufacturing Engineer""}],""assignedRoster"":[{""partnerId"":""100014"",""partnerRole"":""8D Team Leader""},{""partnerId"":""100147"",""partnerRole"":""8D Team Member""},{""partnerId"":""100045"",""partnerRole"":""8D Team Member""}]}}";"{
  ""fields"": [
    {
      ""key"": ""team.objective"",
      ""label"": ""Team objective"",
      ""widget"": ""callout"",
      ""dataType"": ""string"",
      ""colSpan"": 12,
      ""constraints"": {
        ""required"": true,
        ""minLength"": 20,
        ""maxLength"": 260
      }
    },
    {
      ""key"": ""team.selectionMethod"",
      ""label"": ""Selection method"",
      ""widget"": ""status"",
      ""dataType"": ""string"",
      ""colSpan"": 4,
      ""constraints"": {
        ""required"": true,
        ""enum"": [
          ""Current case team"",
          ""Precedent recommendation"",
          ""Hybrid"",
          ""Roles only - assignment required""
        ]
      }
    },
    {
      ""key"": ""team.problemCapabilities"",
      ""label"": ""Capabilities required by this problem"",
      ""widget"": ""tag-selector"",
      ""dataType"": ""array"",
      ""colSpan"": 8,
      ""constraints"": {
        ""required"": true,
        ""minItems"": 1
      },
      ""items"": {
        ""type"": ""string""
      }
    },
    {
      ""key"": ""team.selectionRationale"",
      ""label"": ""How the team was selected"",
      ""widget"": ""markdown"",
      ""dataType"": ""string"",
      ""colSpan"": 12,
      ""constraints"": {
        ""required"": true,
        ""minLength"": 60,
        ""maxLength"": 1600
      }
    },
    {
      ""key"": ""team.roster"",
      ""label"": ""AI suggest"",
      ""widget"": ""ai-suggest"",
      ""dataType"": ""array"",
      ""colSpan"": 12,
      ""constraints"": {
        ""required"": true,
        ""minItems"": 1
      },
      ""items"": {
        ""type"": ""object"",
        ""properties"": {
          ""name"": {
            ""type"": ""string"",
            ""maxLength"": 120,
            ""description"": ""ONLY the person name, or \""Unassigned\"". No role, no reasoning.""
          },
          ""organizationalRole"": {
            ""type"": ""string"",
            ""maxLength"": 120,
            ""description"": ""ONLY their job title in the organisation, e.g. \""Quality Engineer\"".""
          },
          ""assigned8DRole"": {
            ""type"": ""string"",
            ""maxLength"": 60,
            ""description"": ""ONLY their role in THIS 8D, e.g. \""Team Leader\"" or \""Team Member\"".""
          },
          ""caseResponsibility"": {
            ""type"": ""string"",
            ""maxLength"": 200,
            ""description"": ""What this person is accountable for here. Never a job title.""
          },
          ""selectionReason"": {
            ""type"": ""string"",
            ""maxLength"": 220,
            ""description"": ""Why this person, in one line. Do not repeat the name or the role.""
          },
          ""servedOnCount"": {
            ""type"": ""integer"",
            ""description"": ""How many qualifying precedent cases this person served on. Rank the roster by this value, descending.""
          },
          ""sourceType"": {
            ""type"": ""string"",
            ""enum"": [
              ""current_case"",
              ""precedent"",
              ""unassigned""
            ]
          },
          ""sourcePath"": {
            ""type"": ""string"",
            ""maxLength"": 80,
            ""description"": ""ONLY the resolvable path: team.leader, team.members#N, precedents#N.team#M, or team.gaps.""
          },
          ""sourceCase"": {
            ""type"": ""string"",
            ""maxLength"": 60,
            ""description"": ""ONLY the precedent notification id, when the person came from a precedent.""
          }
        },
        ""required"": [
          ""name"",
          ""organizationalRole"",
          ""assigned8DRole"",
          ""caseResponsibility"",
          ""selectionReason"",
          ""sourceType"",
          ""sourcePath""
        ]
      }
    },
    {
      ""key"": ""team.assignedRoster"",
      ""label"": ""Decision table"",
      ""widget"": ""decision-table"",
      ""dataType"": ""array"",
      ""colSpan"": 12,
      ""constraints"": {},
      ""xSource"": ""manual_input"",
      ""description"": ""Filled in by the quality engineer on the report screen. The AI never writes this."",
      ""items"": {
        ""type"": ""object"",
        ""properties"": {
          ""partnerId"": {
            ""type"": ""string""
          },
          ""partnerName"": {
            ""type"": ""string""
          },
          ""functionTitle"": {
            ""type"": ""string""
          },
          ""partnerRole"": {
            ""type"": ""string"",
            ""enum"": [
              ""8D Team Leader"",
              ""8D Team Member""
            ]
          }
        }
      }
    },
    {
      ""key"": ""team.readinessStatus"",
      ""label"": ""Team readiness"",
      ""widget"": ""status"",
      ""dataType"": ""string"",
      ""colSpan"": 3,
      ""constraints"": {
        ""required"": true,
        ""enum"": [
          ""Ready"",
          ""Partial"",
          ""Needs assignment""
        ]
      }
    },
    {
      ""key"": ""team.readinessRationale"",
      ""label"": ""Readiness assessment"",
      ""widget"": ""markdown"",
      ""dataType"": ""string"",
      ""colSpan"": 9,
      ""constraints"": {
        ""required"": true,
        ""minLength"": 30,
        ""maxLength"": 500
      }
    },
    {
      ""key"": ""team.uncoveredCapabilities"",
      ""label"": ""Uncovered capabilities"",
      ""widget"": ""warning-list"",
      ""dataType"": ""array"",
      ""colSpan"": 6,
      ""constraints"": {},
      ""items"": {
        ""type"": ""string""
      }
    },
    {
      ""key"": ""team.sourceSummary"",
      ""label"": ""Where the team recommendation came from"",
      ""widget"": ""markdown"",
      ""dataType"": ""string"",
      ""colSpan"": 6,
      ""constraints"": {
        ""required"": true,
        ""minLength"": 30,
        ""maxLength"": 500
      }
    },
    {
      ""key"": ""team.suggestionStatus"",
      ""label"": ""Suggestion status"",
      ""widget"": ""callout"",
      ""dataType"": ""string"",
      ""colSpan"": 12,
      ""constraints"": {}
    },
    {
      ""key"": ""sources"",
      ""label"": ""Source records"",
      ""widget"": ""evidence-list"",
      ""dataType"": ""array"",
      ""colSpan"": 12,
      ""constraints"": {
        ""pattern"": ""^(team\\.|precedents#)""
      },
      ""items"": {
        ""type"": ""string""
      }
    }
  ],
  ""groups"": [
    {
      ""id"": ""d1-decision-table"",
      ""label"": ""Decision Table"",
      ""fieldKeys"": [
        ""team.assignedRoster"",
        ""team.suggestionStatus""
      ],
      ""width"": ""100"",
      ""columns"": 12,
      ""order"": 10
    }
  ]
}";;;"1";"Approved";"AI Lead / Quality Manager";"2026-09-22 14:25:18";;;"Completed"
"034dc6de-e9a8-4809-9832-abd596e72269";"2026-09-21T16:08:26.219Z";"anonymous";"2026-09-21T16:08:26.219Z";"anonymous";"3d43ad69-bc8f-4d39-bdac-244f9d82b23e";"D2";"2";"D2 — Problem Description";"Bore misalignment reported at customer assembly";"Bore misalignment reported at customer assembly";;;;;"{""problem"":{""statement"":""Bore misalignment reported at customer assembly"",""isIsNot"":{""is"":""BC14 measured with CMM program CMM-BC14-03 after its 2026-07-15 rebuild"",""isNot"":""BC14 measured before 07-15, and BC12 measured with its own unmodified program on the same CMM"",""notes"":""Defect follows the measurement program, not the machine or the casting lot""},""w2h"":{}}}";"{
  ""fields"": [
    {
      ""key"": ""problem.complaintReference"",
      ""label"": ""Complaint reference"",
      ""widget"": ""complaint-reference"",
      ""dataType"": ""string"",
      ""colSpan"": 12,
      ""constraints"": {},
      ""xSource"": ""sap_qm"",
      ""description"": ""Read from the SAP QM customer reference on the case. The AI never writes this.""
    },
    {
      ""key"": ""problem.statement"",
      ""label"": ""Problem statement"",
      ""widget"": ""problem-statement"",
      ""dataType"": ""string"",
      ""colSpan"": 12,
      ""constraints"": {
        ""required"": true,
        ""minLength"": 30,
        ""maxLength"": 600
      }
    },
    {
      ""key"": ""problem.statementOverride"",
      ""label"": ""Problem statement (edited)"",
      ""widget"": ""text"",
      ""dataType"": ""string"",
      ""colSpan"": 12,
      ""constraints"": {},
      ""xSource"": ""manual_input"",
      ""description"": ""Edited by the quality engineer on the report screen. The AI never writes this.""
    },
    {
      ""key"": ""problem.what"",
      ""label"": ""What"",
      ""widget"": ""w2h-cell"",
      ""dataType"": ""string"",
      ""colSpan"": 4,
      ""constraints"": {
        ""required"": true
      }
    },
    {
      ""key"": ""problem.where"",
      ""label"": ""Where"",
      ""widget"": ""w2h-cell"",
      ""dataType"": ""string"",
      ""colSpan"": 4,
      ""constraints"": {
        ""required"": true
      }
    },
    {
      ""key"": ""problem.when"",
      ""label"": ""When"",
      ""widget"": ""w2h-cell"",
      ""dataType"": ""string"",
      ""colSpan"": 4,
      ""constraints"": {}
    },
    {
      ""key"": ""problem.who"",
      ""label"": ""Who"",
      ""widget"": ""w2h-cell"",
      ""dataType"": ""string"",
      ""colSpan"": 4,
      ""constraints"": {}
    },
    {
      ""key"": ""problem.how"",
      ""label"": ""How"",
      ""widget"": ""w2h-cell"",
      ""dataType"": ""string"",
      ""colSpan"": 4,
      ""constraints"": {}
    },
    {
      ""key"": ""problem.extent"",
      ""label"": ""How Many"",
      ""widget"": ""w2h-cell"",
      ""dataType"": ""string"",
      ""colSpan"": 4,
      ""constraints"": {
        ""required"": true
      }
    },
    {
      ""key"": ""problem.impact"",
      ""label"": ""Business / customer impact"",
      ""widget"": ""text"",
      ""dataType"": ""string"",
      ""colSpan"": 12,
      ""constraints"": {}
    },
    {
      ""key"": ""problem.is"",
      ""label"": ""Is"",
      ""widget"": ""is-box"",
      ""dataType"": ""array"",
      ""colSpan"": 6,
      ""constraints"": {},
      ""items"": {
        ""type"": ""string""
      }
    },
    {
      ""key"": ""problem.isNot"",
      ""label"": ""Is not"",
      ""widget"": ""isnot-box"",
      ""dataType"": ""array"",
      ""colSpan"": 6,
      ""constraints"": {},
      ""items"": {
        ""type"": ""string""
      }
    },
    {
      ""key"": ""problem.isIsNotStatus"",
      ""label"": ""Is / Is-Not status"",
      ""widget"": ""callout"",
      ""dataType"": ""string"",
      ""colSpan"": 12,
      ""constraints"": {}
    },
    {
      ""key"": ""problem.isIsNotBasis"",
      ""label"": ""Is / Is-Not basis"",
      ""widget"": ""markdown"",
      ""dataType"": ""string"",
      ""colSpan"": 12,
      ""constraints"": {}
    },
    {
      ""key"": ""problem.measuredEvidence"",
      ""label"": ""Measured evidence"",
      ""widget"": ""table"",
      ""dataType"": ""array"",
      ""colSpan"": 12,
      ""constraints"": {},
      ""items"": {
        ""type"": ""object"",
        ""properties"": {
          ""characteristic"": {
            ""type"": ""string"",
            ""maxLength"": 120,
            ""description"": ""ONLY the characteristic name, e.g. \""Burr height\"". No value, no verdict.""
          },
          ""measured"": {
            ""type"": ""string"",
            ""maxLength"": 60,
            ""description"": ""ONLY the measured value with its unit, e.g. \""0.32 mm\"".""
          },
          ""specification"": {
            ""type"": ""string"",
            ""maxLength"": 60,
            ""description"": ""ONLY the specification limit with its unit, e.g. \""max 0.10 mm\"".""
          },
          ""assessment"": {
            ""type"": ""string"",
            ""maxLength"": 120,
            ""description"": ""ONLY the verdict, e.g. \""Out of tolerance\"" or \""Within spec\"". No restatement of the numbers.""
          }
        }
      }
    },
    {
      ""key"": ""problem.gaps"",
      ""label"": ""Missing facts"",
      ""widget"": ""warning-list"",
      ""dataType"": ""array"",
      ""colSpan"": 12,
      ""constraints"": {},
      ""items"": {
        ""type"": ""string""
      }
    },
    {
      ""key"": ""sources"",
      ""label"": ""Evidence and traceability"",
      ""widget"": ""evidence-list"",
      ""dataType"": ""array"",
      ""colSpan"": 12,
      ""constraints"": {},
      ""items"": {
        ""type"": ""string""
      }
    }
  ],
  ""groups"": [
    {
      ""id"": ""d2-ai-result"",
      ""label"": ""AI-generated problem description"",
      ""fieldKeys"": [
        ""problem.complaintReference"",
        ""problem.statement"",
        ""problem.what"",
        ""problem.where"",
        ""problem.when"",
        ""problem.who"",
        ""problem.how"",
        ""problem.extent"",
        ""problem.is"",
        ""problem.isNot"",
        ""problem.isIsNotStatus"",
        ""problem.isIsNotBasis""
      ],
      ""width"": ""100"",
      ""columns"": 12,
      ""order"": 10
    }
  ]
}";;;"1";"Approved";"AI Lead / Quality Manager";"2026-09-22 14:25:18";;;"Completed"
"ef0c3d29-61c0-4733-b47d-52a7600eafb2";"2026-09-21T16:08:26.219Z";"anonymous";"2026-09-21T16:08:26.219Z";"anonymous";"3d43ad69-bc8f-4d39-bdac-244f9d82b23e";"D3";"3";"D3 — Containment Actions";"Containment actions established.";"Containment actions established.";;;;;"{""containment"":{""actions"":[{""lineNo"":1,""actionType"":""Containment"",""actionText"":""Freeze CMM-BC14-03 and re-measure all BC14 stock against the drawing datum on a manual setup"",""status"":""Done""},{""lineNo"":2,""actionType"":""Containment"",""actionText"":""Sort the 156 units at the customer and replace any part outside true position"",""status"":""Planned""}]}}";"{
  ""fields"": [
    {
      ""key"": ""containment.actions"",
      ""label"": ""Containment actions"",
      ""widget"": ""action-cards"",
      ""dataType"": ""array"",
      ""colSpan"": 12,
      ""constraints"": {
        ""required"": true,
        ""minItems"": 1
      },
      ""items"": {
        ""type"": ""object"",
        ""properties"": {
          ""action"": {
            ""type"": ""string"",
            ""description"": ""Short concise action description without boilerplate prefix. Start with the imperative verb naming the PRIMARY work, e.g. \""Quarantine 85 housings at the outgoing dock\"".""
          },
          ""owner"": {
            ""type"": ""string"",
            ""maxLength"": 120,
            ""description"": ""The team member from D1 (team.roster or team.leader/members) assigned to this containment action, selected by matching their role/responsibility to the work required. E.g. \""Karl Wagner\"" or \""DungTruonghyhy\"".""
          },
          ""status"": {
            ""type"": ""string"",
            ""enum"": [
              ""Planned"",
              ""In Process"",
              ""Done"",
              ""Verified""
            ]
          }
        }
      }
    },
    {
      ""key"": ""containment.gaps"",
      ""label"": ""Open containment gaps"",
      ""widget"": ""warning-list"",
      ""dataType"": ""array"",
      ""colSpan"": 12,
      ""constraints"": {},
      ""items"": {
        ""type"": ""string""
      }
    },
    {
      ""key"": ""sources"",
      ""label"": ""Evidence and traceability"",
      ""widget"": ""evidence-list"",
      ""dataType"": ""array"",
      ""colSpan"": 12,
      ""constraints"": {},
      ""items"": {
        ""type"": ""string""
      }
    }
  ],
  ""groups"": [
    {
      ""id"": ""d3-ai-result"",
      ""label"": ""Containment plan"",
      ""fieldKeys"": [
        ""containment.actions"",
        ""containment.gaps"",
        ""sources""
      ],
      ""width"": ""100"",
      ""columns"": 12,
      ""order"": 10
    }
  ]
}";;;"1";"Approved";"AI Lead / Quality Manager";"2026-09-22 14:25:18";;;"Completed"
"47569817-7399-45bd-bb91-4cdca116a809";"2026-09-21T16:08:26.219Z";"anonymous";"2026-09-21T16:08:26.219Z";"anonymous";"3d43ad69-bc8f-4d39-bdac-244f9d82b23e";"D4";"4";"D4 — Root Cause Analysis";"Root cause identified as Measurement.";"Root cause identified as Measurement.";;;;;"{""rootCause"":{""category"":""Measurement"",""whyChain"":[],""ishikawa"":[{""category"":""Man"",""description"":""EMP-9022, Shift B - loaded parts per the fixture instruction"",""metricValue"":null,""isRootCause"":false,""source"":""ASSUMED: MES/HR""},{""category"":""Machine"",""description"":""EQ-MILL11-002 ballbar test 0.012mm circularity, within the 0.02mm limit"",""metricValue"":""0.012mm"",""isRootCause"":false,""source"":""SAP: EQUI/AFIH (PM)""},{""category"":""Method"",""description"":""DOC-11260 Rev B - machining sequence and fixture unchanged"",""metricValue"":null,""isRootCause"":false,""source"":""SAP: DRAW/PLPO (DMS+Routing)""},{""category"":""Material"",""description"":""Casting lot CST-7701 dimensional and hardness cert PASS"",""metricValue"":null,""isRootCause"":false,""source"":""SAP: QALS/QAMR (incoming)""},{""category"":""Measurement"",""description"":""CMM program CMM-BC14-03 was rebuilt on 2026-07-15 and references datum B on the as-cast face instead of the machined face called out on the drawing; every part since then measured in-tolerance against the wrong datum"",""metricValue"":""datum offset 0.11mm"",""isRootCause"":true,""source"":""SAP: Test Equipment Mgmt""},{""category"":""Environment"",""description"":""20.4C in the metrology room, within the 20 +/-1C requirement"",""metricValue"":""20.4C"",""isRootCause"":false,""source"":""ASSUMED: MES/IoT""}]}}";"{
  ""fields"": [
    {
      ""key"": ""rootCause.statement"",
      ""label"": ""Root cause"",
      ""widget"": ""ai-draft"",
      ""dataType"": ""string"",
      ""colSpan"": 12,
      ""constraints"": {
        ""required"": true,
        ""minLength"": 10,
        ""maxLength"": 320
      }
    },
    {
      ""key"": ""rootCause.ishikawaBoard"",
      ""label"": ""Ishikawa"",
      ""widget"": ""ishikawa-grid"",
      ""dataType"": ""array"",
      ""colSpan"": 12,
      ""constraints"": {
        ""required"": true,
        ""minItems"": 6
      },
      ""description"": ""Always one row per 6M category with a concise 1-sentence verdict. Copy a recorded assessment verbatim with source=recorded; for a category with no recorded entry propose a brief verdict from evidence with source=proposed, or write \""not assessed\"". Never write audit plans or long essays in cells."",
      ""items"": {
        ""type"": ""object"",
        ""properties"": {
          ""category"": {
            ""type"": ""string"",
            ""enum"": [
              ""Man"",
              ""Machine"",
              ""Method"",
              ""Material"",
              ""Measurement"",
              ""Environment""
            ]
          },
          ""finding"": {
            ""type"": ""string"",
            ""maxLength"": 220,
            ""description"": ""The concise VERDICT for this branch, e.g. clamp pad worn 0.2 mm, or gauge R&R 8%, or not assessed. Never a list of evidence to gather - that goes in evidenceGaps once. Never the category name.""
          },
          ""isRootCause"": {
            ""type"": ""boolean"",
            ""description"": ""True for at most ONE branch in the whole board.""
          },
          ""source"": {
            ""type"": ""string"",
            ""enum"": [
              ""recorded"",
              ""proposed""
            ]
          }
        },
        ""required"": [
          ""category"",
          ""finding"",
          ""isRootCause"",
          ""source""
        ]
      }
    },
    {
      ""key"": ""rootCause.fiveWhy"",
      ""label"": ""5-Why chain"",
      ""widget"": ""why-chain"",
      ""dataType"": ""array"",
      ""colSpan"": 12,
      ""constraints"": {
        ""required"": true,
        ""minItems"": 1
      },
      ""items"": {
        ""type"": ""object"",
        ""properties"": {
          ""step"": {
            ""type"": ""integer"",
            ""description"": ""Position in the chain, starting at 1.""
          },
          ""why"": {
            ""type"": ""string"",
            ""maxLength"": 140,
            ""description"": ""The question only, ending in a question mark. Keep it short and crisp.""
          },
          ""answer"": {
            ""type"": ""string"",
            ""maxLength"": 200,
            ""description"": ""The answer only: 1 concise direct sentence naming the cause. Never repeat the question, never list audit procedures or evidence still to be gathered.""
          },
          ""evidence"": {
            ""type"": ""string"",
            ""maxLength"": 200,
            ""description"": ""The CaseContext path or measurement backing the answer. Concise citation only.""
          }
        },
        ""required"": [
          ""step"",
          ""why"",
          ""answer"",
          ""evidence""
        ]
      }
    },
    {
      ""key"": ""rootCause.evidenceGaps"",
      ""label"": ""Evidence gaps"",
      ""widget"": ""warning-list"",
      ""dataType"": ""array"",
      ""colSpan"": 12,
      ""constraints"": {},
      ""items"": {
        ""type"": ""string""
      }
    },
    {
      ""key"": ""sources"",
      ""label"": ""Evidence and traceability"",
      ""widget"": ""evidence-list"",
      ""dataType"": ""array"",
      ""colSpan"": 12,
      ""constraints"": {},
      ""items"": {
        ""type"": ""string""
      }
    }
  ],
  ""groups"": [
    {
      ""id"": ""d4-ai-result"",
      ""label"": ""Root cause analysis"",
      ""fieldKeys"": [
        ""rootCause.statement"",
        ""rootCause.ishikawaBoard"",
        ""rootCause.fiveWhy"",
        ""rootCause.evidenceGaps"",
        ""sources""
      ],
      ""width"": ""100"",
      ""columns"": 12,
      ""order"": 10
    }
  ]
}";;;"1";"Approved";"AI Lead / Quality Manager";"2026-09-22 14:25:18";;;"Completed"
"b6499cf8-6e06-430b-9022-83bc8f588318";"2026-09-21T16:08:26.219Z";"anonymous";"2026-09-21T16:08:26.219Z";"anonymous";"3d43ad69-bc8f-4d39-bdac-244f9d82b23e";"D5";"5";"D5 — Corrective Actions";"Permanent corrective actions defined.";"Permanent corrective actions defined.";;;;;"{""corrective"":{""actions"":[{""lineNo"":3,""actionType"":""Corrective"",""actionText"":""Rebuild CMM-BC14-03 against datum B and correlate against a first article before release"",""status"":""Planned""}]}}";"{
  ""fields"": [
    {
      ""key"": ""corrective.actions"",
      ""label"": ""Permanent corrective actions"",
      ""widget"": ""action-cards"",
      ""dataType"": ""array"",
      ""colSpan"": 12,
      ""constraints"": {
        ""required"": true,
        ""minItems"": 1
      },
      ""items"": {
        ""type"": ""object"",
        ""properties"": {
          ""action"": {
            ""type"": ""string"",
            ""maxLength"": 240,
            ""description"": ""The action and its trigger, starting with the imperative verb that names the PRIMARY work. No owner, no status, no rationale - those are separate fields.""
          },
          ""owner"": {
            ""type"": ""string"",
            ""maxLength"": 120,
            ""description"": ""The team member from D1 (team.roster or team.leader/members) assigned to this corrective action, selected by matching their role/responsibility to the root cause fix. E.g. \""Karl Wagner\"" or \""Minh Dinh\"".""
          },
          ""status"": {
            ""type"": ""string"",
            ""maxLength"": 40,
            ""description"": ""ONLY the current status, one or two words, e.g. \""Planned\"", \""In progress\"", \""Done\"".""
          },
          ""origin"": {
            ""type"": ""string"",
            ""maxLength"": 60,
            ""description"": ""ONLY where it came from: \""recorded\"" for an action already in the case, or \""precedents#N\"" for a proposal.""
          },
          ""protection"": {
            ""type"": ""string"",
            ""maxLength"": 200,
            ""description"": ""One line.""
          }
        }
      }
    },
    {
      ""key"": ""sources"",
      ""label"": ""Evidence and traceability"",
      ""widget"": ""evidence-list"",
      ""dataType"": ""array"",
      ""colSpan"": 12,
      ""constraints"": {},
      ""items"": {
        ""type"": ""string""
      }
    }
  ],
  ""groups"": [
    {
      ""id"": ""d5-ai-result"",
      ""label"": ""AI-generated corrective plan"",
      ""fieldKeys"": [
        ""corrective.actions""
      ],
      ""width"": ""100"",
      ""columns"": 12,
      ""order"": 10
    }
  ]
}";;;"1";"Approved";"AI Lead / Quality Manager";"2026-09-22 14:25:18";;;"Completed"
"f8dd53d0-72f3-4952-9aa0-913704da8b29";"2026-09-21T16:08:26.219Z";"anonymous";"2026-09-21T16:08:26.219Z";"anonymous";"3d43ad69-bc8f-4d39-bdac-244f9d82b23e";"D6";"6";"D6 — Verification of Effectiveness";"Verification plan executed.";"Verification plan executed.";;;;;"{""verification"":{""status"":""Verified"",""notes"":""Corrective actions verified on line.""}}";"{
  ""fields"": [
    {
      ""key"": ""verification.objective"",
      ""label"": ""Verification objective"",
      ""widget"": ""callout"",
      ""dataType"": ""string"",
      ""colSpan"": 12,
      ""constraints"": {
        ""required"": true,
        ""maxLength"": 260
      }
    },
    {
      ""key"": ""verification.plan"",
      ""label"": ""Verification plan"",
      ""widget"": ""table"",
      ""dataType"": ""array"",
      ""colSpan"": 12,
      ""constraints"": {
        ""required"": true,
        ""minItems"": 1
      },
      ""items"": {
        ""type"": ""object"",
        ""properties"": {
          ""measure"": {
            ""type"": ""string"",
            ""maxLength"": 200,
            ""description"": ""One line.""
          },
          ""sampleSize"": {
            ""type"": ""string"",
            ""maxLength"": 80,
            ""description"": ""ONLY the sample size, e.g. \""30 parts per shift\"".""
          },
          ""period"": {
            ""type"": ""string"",
            ""maxLength"": 60,
            ""description"": ""ONLY the period over which it runs, e.g. \""4 weeks\"".""
          },
          ""acceptanceCriterion"": {
            ""type"": ""string"",
            ""maxLength"": 220,
            ""description"": ""The pass/fail threshold with its number, anchored to a real specification value.""
          },
          ""signOff"": {
            ""type"": ""string"",
            ""maxLength"": 120,
            ""description"": ""ONLY the role that signs it off.""
          }
        }
      }
    },
    {
      ""key"": ""verification.evidenceStatus"",
      ""label"": ""Evidence status"",
      ""widget"": ""status"",
      ""dataType"": ""string"",
      ""colSpan"": 4,
      ""constraints"": {
        ""required"": true,
        ""enum"": [
          ""No evidence yet"",
          ""Partially verified"",
          ""Verified""
        ]
      }
    },
    {
      ""key"": ""sources"",
      ""label"": ""Evidence and traceability"",
      ""widget"": ""evidence-list"",
      ""dataType"": ""array"",
      ""colSpan"": 12,
      ""constraints"": {},
      ""items"": {
        ""type"": ""string""
      }
    }
  ],
  ""groups"": [
    {
      ""id"": ""d6-ai-result"",
      ""label"": ""AI-generated verification plan"",
      ""fieldKeys"": [
        ""verification.objective"",
        ""verification.plan""
      ],
      ""width"": ""100"",
      ""columns"": 12,
      ""order"": 10
    }
  ]
}";;;"1";"Approved";"AI Lead / Quality Manager";"2026-09-22 14:25:18";;;"Completed"
"abda914c-ae6e-4f13-a293-dbce4761da58";"2026-09-21T16:08:26.219Z";"anonymous";"2026-09-21T16:08:26.219Z";"anonymous";"3d43ad69-bc8f-4d39-bdac-244f9d82b23e";"D7";"7";"D7 — Preventive Actions";"Preventive measures implemented.";"Preventive measures implemented.";;;;;"{""preventive"":{""actions"":[]}}";"{
  ""fields"": [
    {
      ""key"": ""preventive.actions"",
      ""label"": ""Preventive actions"",
      ""widget"": ""action-cards"",
      ""dataType"": ""array"",
      ""colSpan"": 12,
      ""constraints"": {
        ""required"": true,
        ""minItems"": 1
      },
      ""items"": {
        ""type"": ""object"",
        ""properties"": {
          ""action"": {
            ""type"": ""string"",
            ""maxLength"": 240,
            ""description"": ""The action and its trigger, starting with the imperative verb that names the PRIMARY work. No owner, no status, no rationale - those are separate fields.""
          },
          ""owner"": {
            ""type"": ""string"",
            ""maxLength"": 120,
            ""description"": ""The team member from D1 (team.roster or team.leader/members) assigned to this preventive action, selected by matching their role/responsibility to the systemic/FMEA fix. E.g. \""Minh Dinh\"" or \""DungTruonghyhy\"".""
          },
          ""status"": {
            ""type"": ""string"",
            ""maxLength"": 40,
            ""description"": ""ONLY the current status, one or two words, e.g. \""Planned\"", \""In progress\"", \""Done\"".""
          },
          ""origin"": {
            ""type"": ""string"",
            ""maxLength"": 60,
            ""description"": ""ONLY where it came from: \""recorded\"" for an action already in the case, or \""precedents#N\"" for a proposal.""
          },
          ""protection"": {
            ""type"": ""string"",
            ""maxLength"": 200,
            ""description"": ""One line.""
          }
        }
      }
    },
    {
      ""key"": ""preventive.fmea"",
      ""label"": ""FMEA entry to update"",
      ""widget"": ""fmea-link"",
      ""dataType"": ""object"",
      ""colSpan"": 12,
      ""constraints"": {},
      ""properties"": {
        ""fmeaId"": {
          ""type"": ""string""
        },
        ""description"": {
          ""type"": ""string""
        },
        ""change"": {
          ""type"": ""string""
        },
        ""currentRating"": {
          ""type"": ""string""
        },
        ""proposedRating"": {
          ""type"": ""string""
        }
      }
    },
    {
      ""key"": ""sources"",
      ""label"": ""Evidence and traceability"",
      ""widget"": ""evidence-list"",
      ""dataType"": ""array"",
      ""colSpan"": 12,
      ""constraints"": {},
      ""items"": {
        ""type"": ""string""
      }
    }
  ],
  ""groups"": [
    {
      ""id"": ""d7-ai-result"",
      ""label"": ""AI-generated preventive plan"",
      ""fieldKeys"": [
        ""preventive.actions"",
        ""preventive.fmea""
      ],
      ""width"": ""100"",
      ""columns"": 12,
      ""order"": 10
    }
  ]
}";;;"1";"Approved";"AI Lead / Quality Manager";"2026-09-22 14:25:18";;;"Completed"
"30c32f6a-2eac-413d-98be-a037358313e6";"2026-09-21T16:08:26.219Z";"anonymous";"2026-09-21T16:08:26.219Z";"anonymous";"3d43ad69-bc8f-4d39-bdac-244f9d82b23e";"D8";"8";"D8 — Closure & Team Recognition";"8D report closed.";"8D report closed.";;;;;"{""closure"":{""gate"":{""status"":""Closed"",""readyForClosure"":true}}}";"{
  ""fields"": [
    {
      ""key"": ""closure.gate"",
      ""label"": ""Closure readiness"",
      ""widget"": ""closure-gate"",
      ""dataType"": ""object"",
      ""colSpan"": 12,
      ""constraints"": {},
      ""xSource"": ""manual_input"",
      ""description"": ""Computed from the review status of D1-D7. The AI never writes this."",
      ""properties"": {}
    },
    {
      ""key"": ""closure.costOfPoorQuality"",
      ""label"": ""Cost of poor quality"",
      ""widget"": ""text"",
      ""dataType"": ""string"",
      ""colSpan"": 4,
      ""constraints"": {},
      ""xSource"": ""sap_qm"",
      ""description"": ""Read from the case. The AI never writes this.""
    },
    {
      ""key"": ""closure.lessonsWhatWorked"",
      ""label"": ""What worked"",
      ""widget"": ""markdown"",
      ""dataType"": ""string"",
      ""colSpan"": 6,
      ""constraints"": {
        ""required"": true,
        ""minLength"": 20
      }
    },
    {
      ""key"": ""closure.lessonsWhatDidNot"",
      ""label"": ""What did not"",
      ""widget"": ""markdown"",
      ""dataType"": ""string"",
      ""colSpan"": 6,
      ""constraints"": {
        ""required"": true,
        ""minLength"": 20
      }
    },
    {
      ""key"": ""closure.teamRecognition"",
      ""label"": ""Team recognition"",
      ""widget"": ""markdown"",
      ""dataType"": ""string"",
      ""colSpan"": 12,
      ""constraints"": {}
    },
    {
      ""key"": ""closure.openItems"",
      ""label"": ""Still open at closure"",
      ""widget"": ""warning-list"",
      ""dataType"": ""array"",
      ""colSpan"": 12,
      ""constraints"": {},
      ""items"": {
        ""type"": ""string""
      }
    },
    {
      ""key"": ""sources"",
      ""label"": ""Evidence and traceability"",
      ""widget"": ""evidence-list"",
      ""dataType"": ""array"",
      ""colSpan"": 12,
      ""constraints"": {},
      ""items"": {
        ""type"": ""string""
      }
    }
  ],
  ""groups"": [
    {
      ""id"": ""d8-ai-result"",
      ""label"": ""AI-generated closure summary"",
      ""fieldKeys"": [
        ""closure.gate"",
        ""closure.costOfPoorQuality"",
        ""closure.lessonsWhatWorked"",
        ""closure.lessonsWhatDidNot"",
        ""closure.teamRecognition""
      ],
      ""width"": ""100"",
      ""columns"": 12,
      ""order"": 10
    }
  ]
}";;;"1";"Approved";"AI Lead / Quality Manager";"2026-09-22 14:25:18";;;"Completed"
"b896ca5b-ab7b-4741-91d5-3cc825e55347";"2026-09-21T16:08:26.223Z";"anonymous";"2026-09-21T16:08:26.223Z";"anonymous";"21840423-b67e-48db-b543-b2e4325e4ddc";"D1";"1";"D1 — Team Roster";"Formed cross-functional 8D team.";"Formed cross-functional 8D team.";;;;;"{""team"":{""roster"":[{""name"":""Minh Dinh"",""organizationalRole"":""Production Engineer"",""assigned8DRole"":""8D Team Member"",""caseResponsibility"":""Production Engineer""},{""name"":""Karl Wagner"",""organizationalRole"":""Maintenance Planner"",""assigned8DRole"":""8D Team Member"",""caseResponsibility"":""Maintenance Planner""}],""assignedRoster"":[{""partnerId"":""100088"",""partnerRole"":""8D Team Leader""},{""partnerId"":""100012"",""partnerRole"":""8D Team Member""},{""partnerId"":""100091"",""partnerRole"":""8D Team Member""}]}}";"{
  ""fields"": [
    {
      ""key"": ""team.objective"",
      ""label"": ""Team objective"",
      ""widget"": ""callout"",
      ""dataType"": ""string"",
      ""colSpan"": 12,
      ""constraints"": {
        ""required"": true,
        ""minLength"": 20,
        ""maxLength"": 260
      }
    },
    {
      ""key"": ""team.selectionMethod"",
      ""label"": ""Selection method"",
      ""widget"": ""status"",
      ""dataType"": ""string"",
      ""colSpan"": 4,
      ""constraints"": {
        ""required"": true,
        ""enum"": [
          ""Current case team"",
          ""Precedent recommendation"",
          ""Hybrid"",
          ""Roles only - assignment required""
        ]
      }
    },
    {
      ""key"": ""team.problemCapabilities"",
      ""label"": ""Capabilities required by this problem"",
      ""widget"": ""tag-selector"",
      ""dataType"": ""array"",
      ""colSpan"": 8,
      ""constraints"": {
        ""required"": true,
        ""minItems"": 1
      },
      ""items"": {
        ""type"": ""string""
      }
    },
    {
      ""key"": ""team.selectionRationale"",
      ""label"": ""How the team was selected"",
      ""widget"": ""markdown"",
      ""dataType"": ""string"",
      ""colSpan"": 12,
      ""constraints"": {
        ""required"": true,
        ""minLength"": 60,
        ""maxLength"": 1600
      }
    },
    {
      ""key"": ""team.roster"",
      ""label"": ""AI suggest"",
      ""widget"": ""ai-suggest"",
      ""dataType"": ""array"",
      ""colSpan"": 12,
      ""constraints"": {
        ""required"": true,
        ""minItems"": 1
      },
      ""items"": {
        ""type"": ""object"",
        ""properties"": {
          ""name"": {
            ""type"": ""string"",
            ""maxLength"": 120,
            ""description"": ""ONLY the person name, or \""Unassigned\"". No role, no reasoning.""
          },
          ""organizationalRole"": {
            ""type"": ""string"",
            ""maxLength"": 120,
            ""description"": ""ONLY their job title in the organisation, e.g. \""Quality Engineer\"".""
          },
          ""assigned8DRole"": {
            ""type"": ""string"",
            ""maxLength"": 60,
            ""description"": ""ONLY their role in THIS 8D, e.g. \""Team Leader\"" or \""Team Member\"".""
          },
          ""caseResponsibility"": {
            ""type"": ""string"",
            ""maxLength"": 200,
            ""description"": ""What this person is accountable for here. Never a job title.""
          },
          ""selectionReason"": {
            ""type"": ""string"",
            ""maxLength"": 220,
            ""description"": ""Why this person, in one line. Do not repeat the name or the role.""
          },
          ""servedOnCount"": {
            ""type"": ""integer"",
            ""description"": ""How many qualifying precedent cases this person served on. Rank the roster by this value, descending.""
          },
          ""sourceType"": {
            ""type"": ""string"",
            ""enum"": [
              ""current_case"",
              ""precedent"",
              ""unassigned""
            ]
          },
          ""sourcePath"": {
            ""type"": ""string"",
            ""maxLength"": 80,
            ""description"": ""ONLY the resolvable path: team.leader, team.members#N, precedents#N.team#M, or team.gaps.""
          },
          ""sourceCase"": {
            ""type"": ""string"",
            ""maxLength"": 60,
            ""description"": ""ONLY the precedent notification id, when the person came from a precedent.""
          }
        },
        ""required"": [
          ""name"",
          ""organizationalRole"",
          ""assigned8DRole"",
          ""caseResponsibility"",
          ""selectionReason"",
          ""sourceType"",
          ""sourcePath""
        ]
      }
    },
    {
      ""key"": ""team.assignedRoster"",
      ""label"": ""Decision table"",
      ""widget"": ""decision-table"",
      ""dataType"": ""array"",
      ""colSpan"": 12,
      ""constraints"": {},
      ""xSource"": ""manual_input"",
      ""description"": ""Filled in by the quality engineer on the report screen. The AI never writes this."",
      ""items"": {
        ""type"": ""object"",
        ""properties"": {
          ""partnerId"": {
            ""type"": ""string""
          },
          ""partnerName"": {
            ""type"": ""string""
          },
          ""functionTitle"": {
            ""type"": ""string""
          },
          ""partnerRole"": {
            ""type"": ""string"",
            ""enum"": [
              ""8D Team Leader"",
              ""8D Team Member""
            ]
          }
        }
      }
    },
    {
      ""key"": ""team.readinessStatus"",
      ""label"": ""Team readiness"",
      ""widget"": ""status"",
      ""dataType"": ""string"",
      ""colSpan"": 3,
      ""constraints"": {
        ""required"": true,
        ""enum"": [
          ""Ready"",
          ""Partial"",
          ""Needs assignment""
        ]
      }
    },
    {
      ""key"": ""team.readinessRationale"",
      ""label"": ""Readiness assessment"",
      ""widget"": ""markdown"",
      ""dataType"": ""string"",
      ""colSpan"": 9,
      ""constraints"": {
        ""required"": true,
        ""minLength"": 30,
        ""maxLength"": 500
      }
    },
    {
      ""key"": ""team.uncoveredCapabilities"",
      ""label"": ""Uncovered capabilities"",
      ""widget"": ""warning-list"",
      ""dataType"": ""array"",
      ""colSpan"": 6,
      ""constraints"": {},
      ""items"": {
        ""type"": ""string""
      }
    },
    {
      ""key"": ""team.sourceSummary"",
      ""label"": ""Where the team recommendation came from"",
      ""widget"": ""markdown"",
      ""dataType"": ""string"",
      ""colSpan"": 6,
      ""constraints"": {
        ""required"": true,
        ""minLength"": 30,
        ""maxLength"": 500
      }
    },
    {
      ""key"": ""team.suggestionStatus"",
      ""label"": ""Suggestion status"",
      ""widget"": ""callout"",
      ""dataType"": ""string"",
      ""colSpan"": 12,
      ""constraints"": {}
    },
    {
      ""key"": ""sources"",
      ""label"": ""Source records"",
      ""widget"": ""evidence-list"",
      ""dataType"": ""array"",
      ""colSpan"": 12,
      ""constraints"": {
        ""pattern"": ""^(team\\.|precedents#)""
      },
      ""items"": {
        ""type"": ""string""
      }
    }
  ],
  ""groups"": [
    {
      ""id"": ""d1-decision-table"",
      ""label"": ""Decision Table"",
      ""fieldKeys"": [
        ""team.assignedRoster"",
        ""team.suggestionStatus""
      ],
      ""width"": ""100"",
      ""columns"": 12,
      ""order"": 10
    }
  ]
}";;;"1";"Approved";"AI Lead / Quality Manager";"2026-09-22 14:25:18";;;"Completed"
"fb6548dc-44e3-4662-9ebd-17315ffdc678";"2026-09-21T16:08:26.223Z";"anonymous";"2026-09-21T16:08:26.223Z";"anonymous";"21840423-b67e-48db-b543-b2e4325e4ddc";"D2";"2";"D2 — Problem Description";"Bracket housing pocket depth varying unit to unit";"Bracket housing pocket depth varying unit to unit";;;;;"{""problem"":{""statement"":""Bracket housing pocket depth varying unit to unit"",""isIsNot"":{""is"":""X240 pockets milled on WC-MILL-07 across all three shifts from 2026-07-17"",""isNot"":""X240 milled on WC-MILL-09 - same program revision, same castings, same operators rotating through"",""notes"":""Defect appears on every shift at WC-MILL-07, not only on Shift C""},""w2h"":{}}}";"{
  ""fields"": [
    {
      ""key"": ""problem.complaintReference"",
      ""label"": ""Complaint reference"",
      ""widget"": ""complaint-reference"",
      ""dataType"": ""string"",
      ""colSpan"": 12,
      ""constraints"": {},
      ""xSource"": ""sap_qm"",
      ""description"": ""Read from the SAP QM customer reference on the case. The AI never writes this.""
    },
    {
      ""key"": ""problem.statement"",
      ""label"": ""Problem statement"",
      ""widget"": ""problem-statement"",
      ""dataType"": ""string"",
      ""colSpan"": 12,
      ""constraints"": {
        ""required"": true,
        ""minLength"": 30,
        ""maxLength"": 600
      }
    },
    {
      ""key"": ""problem.statementOverride"",
      ""label"": ""Problem statement (edited)"",
      ""widget"": ""text"",
      ""dataType"": ""string"",
      ""colSpan"": 12,
      ""constraints"": {},
      ""xSource"": ""manual_input"",
      ""description"": ""Edited by the quality engineer on the report screen. The AI never writes this.""
    },
    {
      ""key"": ""problem.what"",
      ""label"": ""What"",
      ""widget"": ""w2h-cell"",
      ""dataType"": ""string"",
      ""colSpan"": 4,
      ""constraints"": {
        ""required"": true
      }
    },
    {
      ""key"": ""problem.where"",
      ""label"": ""Where"",
      ""widget"": ""w2h-cell"",
      ""dataType"": ""string"",
      ""colSpan"": 4,
      ""constraints"": {
        ""required"": true
      }
    },
    {
      ""key"": ""problem.when"",
      ""label"": ""When"",
      ""widget"": ""w2h-cell"",
      ""dataType"": ""string"",
      ""colSpan"": 4,
      ""constraints"": {}
    },
    {
      ""key"": ""problem.who"",
      ""label"": ""Who"",
      ""widget"": ""w2h-cell"",
      ""dataType"": ""string"",
      ""colSpan"": 4,
      ""constraints"": {}
    },
    {
      ""key"": ""problem.how"",
      ""label"": ""How"",
      ""widget"": ""w2h-cell"",
      ""dataType"": ""string"",
      ""colSpan"": 4,
      ""constraints"": {}
    },
    {
      ""key"": ""problem.extent"",
      ""label"": ""How Many"",
      ""widget"": ""w2h-cell"",
      ""dataType"": ""string"",
      ""colSpan"": 4,
      ""constraints"": {
        ""required"": true
      }
    },
    {
      ""key"": ""problem.impact"",
      ""label"": ""Business / customer impact"",
      ""widget"": ""text"",
      ""dataType"": ""string"",
      ""colSpan"": 12,
      ""constraints"": {}
    },
    {
      ""key"": ""problem.is"",
      ""label"": ""Is"",
      ""widget"": ""is-box"",
      ""dataType"": ""array"",
      ""colSpan"": 6,
      ""constraints"": {},
      ""items"": {
        ""type"": ""string""
      }
    },
    {
      ""key"": ""problem.isNot"",
      ""label"": ""Is not"",
      ""widget"": ""isnot-box"",
      ""dataType"": ""array"",
      ""colSpan"": 6,
      ""constraints"": {},
      ""items"": {
        ""type"": ""string""
      }
    },
    {
      ""key"": ""problem.isIsNotStatus"",
      ""label"": ""Is / Is-Not status"",
      ""widget"": ""callout"",
      ""dataType"": ""string"",
      ""colSpan"": 12,
      ""constraints"": {}
    },
    {
      ""key"": ""problem.isIsNotBasis"",
      ""label"": ""Is / Is-Not basis"",
      ""widget"": ""markdown"",
      ""dataType"": ""string"",
      ""colSpan"": 12,
      ""constraints"": {}
    },
    {
      ""key"": ""problem.measuredEvidence"",
      ""label"": ""Measured evidence"",
      ""widget"": ""table"",
      ""dataType"": ""array"",
      ""colSpan"": 12,
      ""constraints"": {},
      ""items"": {
        ""type"": ""object"",
        ""properties"": {
          ""characteristic"": {
            ""type"": ""string"",
            ""maxLength"": 120,
            ""description"": ""ONLY the characteristic name, e.g. \""Burr height\"". No value, no verdict.""
          },
          ""measured"": {
            ""type"": ""string"",
            ""maxLength"": 60,
            ""description"": ""ONLY the measured value with its unit, e.g. \""0.32 mm\"".""
          },
          ""specification"": {
            ""type"": ""string"",
            ""maxLength"": 60,
            ""description"": ""ONLY the specification limit with its unit, e.g. \""max 0.10 mm\"".""
          },
          ""assessment"": {
            ""type"": ""string"",
            ""maxLength"": 120,
            ""description"": ""ONLY the verdict, e.g. \""Out of tolerance\"" or \""Within spec\"". No restatement of the numbers.""
          }
        }
      }
    },
    {
      ""key"": ""problem.gaps"",
      ""label"": ""Missing facts"",
      ""widget"": ""warning-list"",
      ""dataType"": ""array"",
      ""colSpan"": 12,
      ""constraints"": {},
      ""items"": {
        ""type"": ""string""
      }
    },
    {
      ""key"": ""sources"",
      ""label"": ""Evidence and traceability"",
      ""widget"": ""evidence-list"",
      ""dataType"": ""array"",
      ""colSpan"": 12,
      ""constraints"": {},
      ""items"": {
        ""type"": ""string""
      }
    }
  ],
  ""groups"": [
    {
      ""id"": ""d2-ai-result"",
      ""label"": ""AI-generated problem description"",
      ""fieldKeys"": [
        ""problem.complaintReference"",
        ""problem.statement"",
        ""problem.what"",
        ""problem.where"",
        ""problem.when"",
        ""problem.who"",
        ""problem.how"",
        ""problem.extent"",
        ""problem.is"",
        ""problem.isNot"",
        ""problem.isIsNotStatus"",
        ""problem.isIsNotBasis""
      ],
      ""width"": ""100"",
      ""columns"": 12,
      ""order"": 10
    }
  ]
}";;;"1";"Approved";"AI Lead / Quality Manager";"2026-09-22 14:25:18";;;"Completed"
"1dfda541-cd32-404f-b10b-80755b68d015";"2026-09-21T16:08:26.223Z";"anonymous";"2026-09-21T16:08:26.223Z";"anonymous";"21840423-b67e-48db-b543-b2e4325e4ddc";"D3";"3";"D3 — Containment Actions";"Containment actions established.";"Containment actions established.";;;;;"{""containment"":{""actions"":[{""lineNo"":1,""actionType"":""Containment"",""actionText"":""Quarantine batch B-54390 and gauge pocket depth on 100% of X240 stock"",""status"":""Done""}]}}";"{
  ""fields"": [
    {
      ""key"": ""containment.actions"",
      ""label"": ""Containment actions"",
      ""widget"": ""action-cards"",
      ""dataType"": ""array"",
      ""colSpan"": 12,
      ""constraints"": {
        ""required"": true,
        ""minItems"": 1
      },
      ""items"": {
        ""type"": ""object"",
        ""properties"": {
          ""action"": {
            ""type"": ""string"",
            ""description"": ""Short concise action description without boilerplate prefix. Start with the imperative verb naming the PRIMARY work, e.g. \""Quarantine 85 housings at the outgoing dock\"".""
          },
          ""owner"": {
            ""type"": ""string"",
            ""maxLength"": 120,
            ""description"": ""The team member from D1 (team.roster or team.leader/members) assigned to this containment action, selected by matching their role/responsibility to the work required. E.g. \""Karl Wagner\"" or \""DungTruonghyhy\"".""
          },
          ""status"": {
            ""type"": ""string"",
            ""enum"": [
              ""Planned"",
              ""In Process"",
              ""Done"",
              ""Verified""
            ]
          }
        }
      }
    },
    {
      ""key"": ""containment.gaps"",
      ""label"": ""Open containment gaps"",
      ""widget"": ""warning-list"",
      ""dataType"": ""array"",
      ""colSpan"": 12,
      ""constraints"": {},
      ""items"": {
        ""type"": ""string""
      }
    },
    {
      ""key"": ""sources"",
      ""label"": ""Evidence and traceability"",
      ""widget"": ""evidence-list"",
      ""dataType"": ""array"",
      ""colSpan"": 12,
      ""constraints"": {},
      ""items"": {
        ""type"": ""string""
      }
    }
  ],
  ""groups"": [
    {
      ""id"": ""d3-ai-result"",
      ""label"": ""Containment plan"",
      ""fieldKeys"": [
        ""containment.actions"",
        ""containment.gaps"",
        ""sources""
      ],
      ""width"": ""100"",
      ""columns"": 12,
      ""order"": 10
    }
  ]
}";;;"1";"Approved";"AI Lead / Quality Manager";"2026-09-22 14:25:18";;;"Completed"
"c6cc81c7-823b-46e2-90cb-dbe1544d52b4";"2026-09-21T16:08:26.223Z";"anonymous";"2026-09-21T16:08:26.223Z";"anonymous";"21840423-b67e-48db-b543-b2e4325e4ddc";"D4";"4";"D4 — Root Cause Analysis";"Root cause identified as Man.";"Root cause identified as Man.";;;;;"{""rootCause"":{""category"":""Man"",""whyChain"":[],""ishikawa"":[{""category"":""Man"",""description"":""EMP-9310, Shift C - suspected of loading the previous revision of the NC program at shift start; no MES record of a program change was found"",""metricValue"":null,""isRootCause"":true,""source"":""ASSUMED: MES/HR""},{""category"":""Machine"",""description"":""EQ-MILL14-001 automatic tool changer repeatability measured 0.9mm against a 0.2mm specification; drift confirmed on three separate test cycles"",""metricValue"":""0.9mm vs 0.2mm max"",""isRootCause"":false,""source"":""SAP: EQUI/AFIH (PM)""},{""category"":""Method"",""description"":""DOC-11890 Rev C - milling sequence unchanged, single released revision in the system"",""metricValue"":null,""isRootCause"":false,""source"":""SAP: DRAW/PLPO (DMS+Routing)""},{""category"":""Material"",""description"":""Casting lot CST-8120 dimensional cert PASS"",""metricValue"":null,""isRootCause"":false,""source"":""SAP: QALS/QAMR (incoming)""},{""category"":""Measurement"",""description"":""Depth gauge GA-0730, last cal 2026-06-30, R&R 4.1%"",""metricValue"":""4.1%"",""isRootCause"":false,""source"":""SAP: Test Equipment Mgmt""},{""category"":""Environment"",""description"":""22.9C, nominal"",""metricValue"":null,""isRootCause"":false,""source"":""ASSUMED: MES/IoT""}]}}";"{
  ""fields"": [
    {
      ""key"": ""rootCause.statement"",
      ""label"": ""Root cause"",
      ""widget"": ""ai-draft"",
      ""dataType"": ""string"",
      ""colSpan"": 12,
      ""constraints"": {
        ""required"": true,
        ""minLength"": 10,
        ""maxLength"": 320
      }
    },
    {
      ""key"": ""rootCause.ishikawaBoard"",
      ""label"": ""Ishikawa"",
      ""widget"": ""ishikawa-grid"",
      ""dataType"": ""array"",
      ""colSpan"": 12,
      ""constraints"": {
        ""required"": true,
        ""minItems"": 6
      },
      ""description"": ""Always one row per 6M category with a concise 1-sentence verdict. Copy a recorded assessment verbatim with source=recorded; for a category with no recorded entry propose a brief verdict from evidence with source=proposed, or write \""not assessed\"". Never write audit plans or long essays in cells."",
      ""items"": {
        ""type"": ""object"",
        ""properties"": {
          ""category"": {
            ""type"": ""string"",
            ""enum"": [
              ""Man"",
              ""Machine"",
              ""Method"",
              ""Material"",
              ""Measurement"",
              ""Environment""
            ]
          },
          ""finding"": {
            ""type"": ""string"",
            ""maxLength"": 220,
            ""description"": ""The concise VERDICT for this branch, e.g. clamp pad worn 0.2 mm, or gauge R&R 8%, or not assessed. Never a list of evidence to gather - that goes in evidenceGaps once. Never the category name.""
          },
          ""isRootCause"": {
            ""type"": ""boolean"",
            ""description"": ""True for at most ONE branch in the whole board.""
          },
          ""source"": {
            ""type"": ""string"",
            ""enum"": [
              ""recorded"",
              ""proposed""
            ]
          }
        },
        ""required"": [
          ""category"",
          ""finding"",
          ""isRootCause"",
          ""source""
        ]
      }
    },
    {
      ""key"": ""rootCause.fiveWhy"",
      ""label"": ""5-Why chain"",
      ""widget"": ""why-chain"",
      ""dataType"": ""array"",
      ""colSpan"": 12,
      ""constraints"": {
        ""required"": true,
        ""minItems"": 1
      },
      ""items"": {
        ""type"": ""object"",
        ""properties"": {
          ""step"": {
            ""type"": ""integer"",
            ""description"": ""Position in the chain, starting at 1.""
          },
          ""why"": {
            ""type"": ""string"",
            ""maxLength"": 140,
            ""description"": ""The question only, ending in a question mark. Keep it short and crisp.""
          },
          ""answer"": {
            ""type"": ""string"",
            ""maxLength"": 200,
            ""description"": ""The answer only: 1 concise direct sentence naming the cause. Never repeat the question, never list audit procedures or evidence still to be gathered.""
          },
          ""evidence"": {
            ""type"": ""string"",
            ""maxLength"": 200,
            ""description"": ""The CaseContext path or measurement backing the answer. Concise citation only.""
          }
        },
        ""required"": [
          ""step"",
          ""why"",
          ""answer"",
          ""evidence""
        ]
      }
    },
    {
      ""key"": ""rootCause.evidenceGaps"",
      ""label"": ""Evidence gaps"",
      ""widget"": ""warning-list"",
      ""dataType"": ""array"",
      ""colSpan"": 12,
      ""constraints"": {},
      ""items"": {
        ""type"": ""string""
      }
    },
    {
      ""key"": ""sources"",
      ""label"": ""Evidence and traceability"",
      ""widget"": ""evidence-list"",
      ""dataType"": ""array"",
      ""colSpan"": 12,
      ""constraints"": {},
      ""items"": {
        ""type"": ""string""
      }
    }
  ],
  ""groups"": [
    {
      ""id"": ""d4-ai-result"",
      ""label"": ""Root cause analysis"",
      ""fieldKeys"": [
        ""rootCause.statement"",
        ""rootCause.ishikawaBoard"",
        ""rootCause.fiveWhy"",
        ""rootCause.evidenceGaps"",
        ""sources""
      ],
      ""width"": ""100"",
      ""columns"": 12,
      ""order"": 10
    }
  ]
}";;;"1";"Approved";"AI Lead / Quality Manager";"2026-09-22 14:25:18";;;"Completed"
"4fc82631-715e-4f3d-8e6f-89c9d6495cbf";"2026-09-21T16:08:26.223Z";"anonymous";"2026-09-21T16:08:26.223Z";"anonymous";"21840423-b67e-48db-b543-b2e4325e4ddc";"D5";"5";"D5 — Corrective Actions";"Permanent corrective actions defined.";"Permanent corrective actions defined.";;;;;"{""corrective"":{""actions"":[{""lineNo"":2,""actionType"":""Corrective"",""actionText"":""Retrain Shift C operators on NC program selection and re-issue the setup sheet"",""status"":""Done""}]}}";"{
  ""fields"": [
    {
      ""key"": ""corrective.actions"",
      ""label"": ""Permanent corrective actions"",
      ""widget"": ""action-cards"",
      ""dataType"": ""array"",
      ""colSpan"": 12,
      ""constraints"": {
        ""required"": true,
        ""minItems"": 1
      },
      ""items"": {
        ""type"": ""object"",
        ""properties"": {
          ""action"": {
            ""type"": ""string"",
            ""maxLength"": 240,
            ""description"": ""The action and its trigger, starting with the imperative verb that names the PRIMARY work. No owner, no status, no rationale - those are separate fields.""
          },
          ""owner"": {
            ""type"": ""string"",
            ""maxLength"": 120,
            ""description"": ""The team member from D1 (team.roster or team.leader/members) assigned to this corrective action, selected by matching their role/responsibility to the root cause fix. E.g. \""Karl Wagner\"" or \""Minh Dinh\"".""
          },
          ""status"": {
            ""type"": ""string"",
            ""maxLength"": 40,
            ""description"": ""ONLY the current status, one or two words, e.g. \""Planned\"", \""In progress\"", \""Done\"".""
          },
          ""origin"": {
            ""type"": ""string"",
            ""maxLength"": 60,
            ""description"": ""ONLY where it came from: \""recorded\"" for an action already in the case, or \""precedents#N\"" for a proposal.""
          },
          ""protection"": {
            ""type"": ""string"",
            ""maxLength"": 200,
            ""description"": ""One line.""
          }
        }
      }
    },
    {
      ""key"": ""sources"",
      ""label"": ""Evidence and traceability"",
      ""widget"": ""evidence-list"",
      ""dataType"": ""array"",
      ""colSpan"": 12,
      ""constraints"": {},
      ""items"": {
        ""type"": ""string""
      }
    }
  ],
  ""groups"": [
    {
      ""id"": ""d5-ai-result"",
      ""label"": ""AI-generated corrective plan"",
      ""fieldKeys"": [
        ""corrective.actions""
      ],
      ""width"": ""100"",
      ""columns"": 12,
      ""order"": 10
    }
  ]
}";;;"1";"Approved";"AI Lead / Quality Manager";"2026-09-22 14:25:18";;;"Completed"
"e2e2816e-24e1-4f4b-8260-157a1601483f";"2026-09-21T16:08:26.223Z";"anonymous";"2026-09-21T16:08:26.223Z";"anonymous";"21840423-b67e-48db-b543-b2e4325e4ddc";"D6";"6";"D6 — Verification of Effectiveness";"Verification plan executed.";"Verification plan executed.";;;;;"{""verification"":{""status"":""Verified"",""notes"":""Corrective actions verified on line.""}}";"{
  ""fields"": [
    {
      ""key"": ""verification.objective"",
      ""label"": ""Verification objective"",
      ""widget"": ""callout"",
      ""dataType"": ""string"",
      ""colSpan"": 12,
      ""constraints"": {
        ""required"": true,
        ""maxLength"": 260
      }
    },
    {
      ""key"": ""verification.plan"",
      ""label"": ""Verification plan"",
      ""widget"": ""table"",
      ""dataType"": ""array"",
      ""colSpan"": 12,
      ""constraints"": {
        ""required"": true,
        ""minItems"": 1
      },
      ""items"": {
        ""type"": ""object"",
        ""properties"": {
          ""measure"": {
            ""type"": ""string"",
            ""maxLength"": 200,
            ""description"": ""One line.""
          },
          ""sampleSize"": {
            ""type"": ""string"",
            ""maxLength"": 80,
            ""description"": ""ONLY the sample size, e.g. \""30 parts per shift\"".""
          },
          ""period"": {
            ""type"": ""string"",
            ""maxLength"": 60,
            ""description"": ""ONLY the period over which it runs, e.g. \""4 weeks\"".""
          },
          ""acceptanceCriterion"": {
            ""type"": ""string"",
            ""maxLength"": 220,
            ""description"": ""The pass/fail threshold with its number, anchored to a real specification value.""
          },
          ""signOff"": {
            ""type"": ""string"",
            ""maxLength"": 120,
            ""description"": ""ONLY the role that signs it off.""
          }
        }
      }
    },
    {
      ""key"": ""verification.evidenceStatus"",
      ""label"": ""Evidence status"",
      ""widget"": ""status"",
      ""dataType"": ""string"",
      ""colSpan"": 4,
      ""constraints"": {
        ""required"": true,
        ""enum"": [
          ""No evidence yet"",
          ""Partially verified"",
          ""Verified""
        ]
      }
    },
    {
      ""key"": ""sources"",
      ""label"": ""Evidence and traceability"",
      ""widget"": ""evidence-list"",
      ""dataType"": ""array"",
      ""colSpan"": 12,
      ""constraints"": {},
      ""items"": {
        ""type"": ""string""
      }
    }
  ],
  ""groups"": [
    {
      ""id"": ""d6-ai-result"",
      ""label"": ""AI-generated verification plan"",
      ""fieldKeys"": [
        ""verification.objective"",
        ""verification.plan""
      ],
      ""width"": ""100"",
      ""columns"": 12,
      ""order"": 10
    }
  ]
}";;;"1";"Approved";"AI Lead / Quality Manager";"2026-09-22 14:25:18";;;"Completed"
"d8cb554a-10da-4e64-aa3f-5f70e90f57a9";"2026-09-21T16:08:26.223Z";"anonymous";"2026-09-21T16:08:26.223Z";"anonymous";"21840423-b67e-48db-b543-b2e4325e4ddc";"D7";"7";"D7 — Preventive Actions";"Preventive measures implemented.";"Preventive measures implemented.";;;;;"{""preventive"":{""actions"":[{""lineNo"":3,""actionType"":""Preventive"",""actionText"":""Lock NC program selection to the released revision at the machine controller"",""status"":""Planned""}]}}";"{
  ""fields"": [
    {
      ""key"": ""preventive.actions"",
      ""label"": ""Preventive actions"",
      ""widget"": ""action-cards"",
      ""dataType"": ""array"",
      ""colSpan"": 12,
      ""constraints"": {
        ""required"": true,
        ""minItems"": 1
      },
      ""items"": {
        ""type"": ""object"",
        ""properties"": {
          ""action"": {
            ""type"": ""string"",
            ""maxLength"": 240,
            ""description"": ""The action and its trigger, starting with the imperative verb that names the PRIMARY work. No owner, no status, no rationale - those are separate fields.""
          },
          ""owner"": {
            ""type"": ""string"",
            ""maxLength"": 120,
            ""description"": ""The team member from D1 (team.roster or team.leader/members) assigned to this preventive action, selected by matching their role/responsibility to the systemic/FMEA fix. E.g. \""Minh Dinh\"" or \""DungTruonghyhy\"".""
          },
          ""status"": {
            ""type"": ""string"",
            ""maxLength"": 40,
            ""description"": ""ONLY the current status, one or two words, e.g. \""Planned\"", \""In progress\"", \""Done\"".""
          },
          ""origin"": {
            ""type"": ""string"",
            ""maxLength"": 60,
            ""description"": ""ONLY where it came from: \""recorded\"" for an action already in the case, or \""precedents#N\"" for a proposal.""
          },
          ""protection"": {
            ""type"": ""string"",
            ""maxLength"": 200,
            ""description"": ""One line.""
          }
        }
      }
    },
    {
      ""key"": ""preventive.fmea"",
      ""label"": ""FMEA entry to update"",
      ""widget"": ""fmea-link"",
      ""dataType"": ""object"",
      ""colSpan"": 12,
      ""constraints"": {},
      ""properties"": {
        ""fmeaId"": {
          ""type"": ""string""
        },
        ""description"": {
          ""type"": ""string""
        },
        ""change"": {
          ""type"": ""string""
        },
        ""currentRating"": {
          ""type"": ""string""
        },
        ""proposedRating"": {
          ""type"": ""string""
        }
      }
    },
    {
      ""key"": ""sources"",
      ""label"": ""Evidence and traceability"",
      ""widget"": ""evidence-list"",
      ""dataType"": ""array"",
      ""colSpan"": 12,
      ""constraints"": {},
      ""items"": {
        ""type"": ""string""
      }
    }
  ],
  ""groups"": [
    {
      ""id"": ""d7-ai-result"",
      ""label"": ""AI-generated preventive plan"",
      ""fieldKeys"": [
        ""preventive.actions"",
        ""preventive.fmea""
      ],
      ""width"": ""100"",
      ""columns"": 12,
      ""order"": 10
    }
  ]
}";;;"1";"Approved";"AI Lead / Quality Manager";"2026-09-22 14:25:18";;;"Completed"
"7d90b35e-1ebe-4524-b3b6-7def520e1cf6";"2026-09-21T16:08:26.223Z";"anonymous";"2026-09-21T16:08:26.223Z";"anonymous";"21840423-b67e-48db-b543-b2e4325e4ddc";"D8";"8";"D8 — Closure & Team Recognition";"8D report closed.";"8D report closed.";;;;;"{""closure"":{""gate"":{""status"":""Closed"",""readyForClosure"":true}}}";"{
  ""fields"": [
    {
      ""key"": ""closure.gate"",
      ""label"": ""Closure readiness"",
      ""widget"": ""closure-gate"",
      ""dataType"": ""object"",
      ""colSpan"": 12,
      ""constraints"": {},
      ""xSource"": ""manual_input"",
      ""description"": ""Computed from the review status of D1-D7. The AI never writes this."",
      ""properties"": {}
    },
    {
      ""key"": ""closure.costOfPoorQuality"",
      ""label"": ""Cost of poor quality"",
      ""widget"": ""text"",
      ""dataType"": ""string"",
      ""colSpan"": 4,
      ""constraints"": {},
      ""xSource"": ""sap_qm"",
      ""description"": ""Read from the case. The AI never writes this.""
    },
    {
      ""key"": ""closure.lessonsWhatWorked"",
      ""label"": ""What worked"",
      ""widget"": ""markdown"",
      ""dataType"": ""string"",
      ""colSpan"": 6,
      ""constraints"": {
        ""required"": true,
        ""minLength"": 20
      }
    },
    {
      ""key"": ""closure.lessonsWhatDidNot"",
      ""label"": ""What did not"",
      ""widget"": ""markdown"",
      ""dataType"": ""string"",
      ""colSpan"": 6,
      ""constraints"": {
        ""required"": true,
        ""minLength"": 20
      }
    },
    {
      ""key"": ""closure.teamRecognition"",
      ""label"": ""Team recognition"",
      ""widget"": ""markdown"",
      ""dataType"": ""string"",
      ""colSpan"": 12,
      ""constraints"": {}
    },
    {
      ""key"": ""closure.openItems"",
      ""label"": ""Still open at closure"",
      ""widget"": ""warning-list"",
      ""dataType"": ""array"",
      ""colSpan"": 12,
      ""constraints"": {},
      ""items"": {
        ""type"": ""string""
      }
    },
    {
      ""key"": ""sources"",
      ""label"": ""Evidence and traceability"",
      ""widget"": ""evidence-list"",
      ""dataType"": ""array"",
      ""colSpan"": 12,
      ""constraints"": {},
      ""items"": {
        ""type"": ""string""
      }
    }
  ],
  ""groups"": [
    {
      ""id"": ""d8-ai-result"",
      ""label"": ""AI-generated closure summary"",
      ""fieldKeys"": [
        ""closure.gate"",
        ""closure.costOfPoorQuality"",
        ""closure.lessonsWhatWorked"",
        ""closure.lessonsWhatDidNot"",
        ""closure.teamRecognition""
      ],
      ""width"": ""100"",
      ""columns"": 12,
      ""order"": 10
    }
  ]
}";;;"1";"Approved";"AI Lead / Quality Manager";"2026-09-22 14:25:18";;;"Completed"
"83bef21d-eea9-46b4-982f-9cc75a6173f2";"2026-09-21T16:08:26.226Z";"anonymous";"2026-09-21T16:08:26.226Z";"anonymous";"7f7fd1c9-ac58-4651-9525-59a6ba65695a";"D1";"1";"D1 — Team Roster";"Formed cross-functional 8D team.";"Formed cross-functional 8D team.";;;;;"{""team"":{""roster"":[{""name"":""Marek Nowak"",""organizationalRole"":""Surface Treatment Specialist"",""assigned8DRole"":""8D Team Member"",""caseResponsibility"":""Surface Treatment Specialist""},{""name"":""Lena Hoffmann"",""organizationalRole"":""Metrology Specialist"",""assigned8DRole"":""8D Team Member"",""caseResponsibility"":""Metrology Specialist""},{""name"":""Quyen La"",""organizationalRole"":""Quality Technician"",""assigned8DRole"":""8D Team Member"",""caseResponsibility"":""Quality Technician""}],""assignedRoster"":[{""partnerId"":""100001"",""partnerRole"":""8D Team Leader""},{""partnerId"":""100067"",""partnerRole"":""8D Team Member""},{""partnerId"":""100147"",""partnerRole"":""8D Team Member""},{""partnerId"":""100011"",""partnerRole"":""8D Team Member""}]}}";"{
  ""fields"": [
    {
      ""key"": ""team.objective"",
      ""label"": ""Team objective"",
      ""widget"": ""callout"",
      ""dataType"": ""string"",
      ""colSpan"": 12,
      ""constraints"": {
        ""required"": true,
        ""minLength"": 20,
        ""maxLength"": 260
      }
    },
    {
      ""key"": ""team.selectionMethod"",
      ""label"": ""Selection method"",
      ""widget"": ""status"",
      ""dataType"": ""string"",
      ""colSpan"": 4,
      ""constraints"": {
        ""required"": true,
        ""enum"": [
          ""Current case team"",
          ""Precedent recommendation"",
          ""Hybrid"",
          ""Roles only - assignment required""
        ]
      }
    },
    {
      ""key"": ""team.problemCapabilities"",
      ""label"": ""Capabilities required by this problem"",
      ""widget"": ""tag-selector"",
      ""dataType"": ""array"",
      ""colSpan"": 8,
      ""constraints"": {
        ""required"": true,
        ""minItems"": 1
      },
      ""items"": {
        ""type"": ""string""
      }
    },
    {
      ""key"": ""team.selectionRationale"",
      ""label"": ""How the team was selected"",
      ""widget"": ""markdown"",
      ""dataType"": ""string"",
      ""colSpan"": 12,
      ""constraints"": {
        ""required"": true,
        ""minLength"": 60,
        ""maxLength"": 1600
      }
    },
    {
      ""key"": ""team.roster"",
      ""label"": ""AI suggest"",
      ""widget"": ""ai-suggest"",
      ""dataType"": ""array"",
      ""colSpan"": 12,
      ""constraints"": {
        ""required"": true,
        ""minItems"": 1
      },
      ""items"": {
        ""type"": ""object"",
        ""properties"": {
          ""name"": {
            ""type"": ""string"",
            ""maxLength"": 120,
            ""description"": ""ONLY the person name, or \""Unassigned\"". No role, no reasoning.""
          },
          ""organizationalRole"": {
            ""type"": ""string"",
            ""maxLength"": 120,
            ""description"": ""ONLY their job title in the organisation, e.g. \""Quality Engineer\"".""
          },
          ""assigned8DRole"": {
            ""type"": ""string"",
            ""maxLength"": 60,
            ""description"": ""ONLY their role in THIS 8D, e.g. \""Team Leader\"" or \""Team Member\"".""
          },
          ""caseResponsibility"": {
            ""type"": ""string"",
            ""maxLength"": 200,
            ""description"": ""What this person is accountable for here. Never a job title.""
          },
          ""selectionReason"": {
            ""type"": ""string"",
            ""maxLength"": 220,
            ""description"": ""Why this person, in one line. Do not repeat the name or the role.""
          },
          ""servedOnCount"": {
            ""type"": ""integer"",
            ""description"": ""How many qualifying precedent cases this person served on. Rank the roster by this value, descending.""
          },
          ""sourceType"": {
            ""type"": ""string"",
            ""enum"": [
              ""current_case"",
              ""precedent"",
              ""unassigned""
            ]
          },
          ""sourcePath"": {
            ""type"": ""string"",
            ""maxLength"": 80,
            ""description"": ""ONLY the resolvable path: team.leader, team.members#N, precedents#N.team#M, or team.gaps.""
          },
          ""sourceCase"": {
            ""type"": ""string"",
            ""maxLength"": 60,
            ""description"": ""ONLY the precedent notification id, when the person came from a precedent.""
          }
        },
        ""required"": [
          ""name"",
          ""organizationalRole"",
          ""assigned8DRole"",
          ""caseResponsibility"",
          ""selectionReason"",
          ""sourceType"",
          ""sourcePath""
        ]
      }
    },
    {
      ""key"": ""team.assignedRoster"",
      ""label"": ""Decision table"",
      ""widget"": ""decision-table"",
      ""dataType"": ""array"",
      ""colSpan"": 12,
      ""constraints"": {},
      ""xSource"": ""manual_input"",
      ""description"": ""Filled in by the quality engineer on the report screen. The AI never writes this."",
      ""items"": {
        ""type"": ""object"",
        ""properties"": {
          ""partnerId"": {
            ""type"": ""string""
          },
          ""partnerName"": {
            ""type"": ""string""
          },
          ""functionTitle"": {
            ""type"": ""string""
          },
          ""partnerRole"": {
            ""type"": ""string"",
            ""enum"": [
              ""8D Team Leader"",
              ""8D Team Member""
            ]
          }
        }
      }
    },
    {
      ""key"": ""team.readinessStatus"",
      ""label"": ""Team readiness"",
      ""widget"": ""status"",
      ""dataType"": ""string"",
      ""colSpan"": 3,
      ""constraints"": {
        ""required"": true,
        ""enum"": [
          ""Ready"",
          ""Partial"",
          ""Needs assignment""
        ]
      }
    },
    {
      ""key"": ""team.readinessRationale"",
      ""label"": ""Readiness assessment"",
      ""widget"": ""markdown"",
      ""dataType"": ""string"",
      ""colSpan"": 9,
      ""constraints"": {
        ""required"": true,
        ""minLength"": 30,
        ""maxLength"": 500
      }
    },
    {
      ""key"": ""team.uncoveredCapabilities"",
      ""label"": ""Uncovered capabilities"",
      ""widget"": ""warning-list"",
      ""dataType"": ""array"",
      ""colSpan"": 6,
      ""constraints"": {},
      ""items"": {
        ""type"": ""string""
      }
    },
    {
      ""key"": ""team.sourceSummary"",
      ""label"": ""Where the team recommendation came from"",
      ""widget"": ""markdown"",
      ""dataType"": ""string"",
      ""colSpan"": 6,
      ""constraints"": {
        ""required"": true,
        ""minLength"": 30,
        ""maxLength"": 500
      }
    },
    {
      ""key"": ""team.suggestionStatus"",
      ""label"": ""Suggestion status"",
      ""widget"": ""callout"",
      ""dataType"": ""string"",
      ""colSpan"": 12,
      ""constraints"": {}
    },
    {
      ""key"": ""sources"",
      ""label"": ""Source records"",
      ""widget"": ""evidence-list"",
      ""dataType"": ""array"",
      ""colSpan"": 12,
      ""constraints"": {
        ""pattern"": ""^(team\\.|precedents#)""
      },
      ""items"": {
        ""type"": ""string""
      }
    }
  ],
  ""groups"": [
    {
      ""id"": ""d1-decision-table"",
      ""label"": ""Decision Table"",
      ""fieldKeys"": [
        ""team.assignedRoster"",
        ""team.suggestionStatus""
      ],
      ""width"": ""100"",
      ""columns"": 12,
      ""order"": 10
    }
  ]
}";;;"1";"Approved";;;;;"NotStarted"
"8c3ad814-43b6-4bf5-8a44-ddcd7737c000";"2026-09-21T16:08:26.226Z";"anonymous";"2026-09-21T16:08:26.226Z";"anonymous";"7f7fd1c9-ac58-4651-9525-59a6ba65695a";"D2";"2";"D2 — Problem Description";"Gloss level rejected at customer goods receipt";"Gloss level rejected at customer goods receipt";;;;;"{""problem"":{""statement"":""Gloss level rejected at customer goods receipt"",""isIsNot"":{""is"":""T18 panels measured on gloss meter GA-0844 at the Booth 3 inspection station"",""isNot"":""T18 panels from the same booth and same shift re-measured on GA-0851 at the lab, which read 84-87 GU"",""notes"":""The lab and the line disagree on the same panels""},""w2h"":{}}}";"{
  ""fields"": [
    {
      ""key"": ""problem.complaintReference"",
      ""label"": ""Complaint reference"",
      ""widget"": ""complaint-reference"",
      ""dataType"": ""string"",
      ""colSpan"": 12,
      ""constraints"": {},
      ""xSource"": ""sap_qm"",
      ""description"": ""Read from the SAP QM customer reference on the case. The AI never writes this.""
    },
    {
      ""key"": ""problem.statement"",
      ""label"": ""Problem statement"",
      ""widget"": ""problem-statement"",
      ""dataType"": ""string"",
      ""colSpan"": 12,
      ""constraints"": {
        ""required"": true,
        ""minLength"": 30,
        ""maxLength"": 600
      }
    },
    {
      ""key"": ""problem.statementOverride"",
      ""label"": ""Problem statement (edited)"",
      ""widget"": ""text"",
      ""dataType"": ""string"",
      ""colSpan"": 12,
      ""constraints"": {},
      ""xSource"": ""manual_input"",
      ""description"": ""Edited by the quality engineer on the report screen. The AI never writes this.""
    },
    {
      ""key"": ""problem.what"",
      ""label"": ""What"",
      ""widget"": ""w2h-cell"",
      ""dataType"": ""string"",
      ""colSpan"": 4,
      ""constraints"": {
        ""required"": true
      }
    },
    {
      ""key"": ""problem.where"",
      ""label"": ""Where"",
      ""widget"": ""w2h-cell"",
      ""dataType"": ""string"",
      ""colSpan"": 4,
      ""constraints"": {
        ""required"": true
      }
    },
    {
      ""key"": ""problem.when"",
      ""label"": ""When"",
      ""widget"": ""w2h-cell"",
      ""dataType"": ""string"",
      ""colSpan"": 4,
      ""constraints"": {}
    },
    {
      ""key"": ""problem.who"",
      ""label"": ""Who"",
      ""widget"": ""w2h-cell"",
      ""dataType"": ""string"",
      ""colSpan"": 4,
      ""constraints"": {}
    },
    {
      ""key"": ""problem.how"",
      ""label"": ""How"",
      ""widget"": ""w2h-cell"",
      ""dataType"": ""string"",
      ""colSpan"": 4,
      ""constraints"": {}
    },
    {
      ""key"": ""problem.extent"",
      ""label"": ""How Many"",
      ""widget"": ""w2h-cell"",
      ""dataType"": ""string"",
      ""colSpan"": 4,
      ""constraints"": {
        ""required"": true
      }
    },
    {
      ""key"": ""problem.impact"",
      ""label"": ""Business / customer impact"",
      ""widget"": ""text"",
      ""dataType"": ""string"",
      ""colSpan"": 12,
      ""constraints"": {}
    },
    {
      ""key"": ""problem.is"",
      ""label"": ""Is"",
      ""widget"": ""is-box"",
      ""dataType"": ""array"",
      ""colSpan"": 6,
      ""constraints"": {},
      ""items"": {
        ""type"": ""string""
      }
    },
    {
      ""key"": ""problem.isNot"",
      ""label"": ""Is not"",
      ""widget"": ""isnot-box"",
      ""dataType"": ""array"",
      ""colSpan"": 6,
      ""constraints"": {},
      ""items"": {
        ""type"": ""string""
      }
    },
    {
      ""key"": ""problem.isIsNotStatus"",
      ""label"": ""Is / Is-Not status"",
      ""widget"": ""callout"",
      ""dataType"": ""string"",
      ""colSpan"": 12,
      ""constraints"": {}
    },
    {
      ""key"": ""problem.isIsNotBasis"",
      ""label"": ""Is / Is-Not basis"",
      ""widget"": ""markdown"",
      ""dataType"": ""string"",
      ""colSpan"": 12,
      ""constraints"": {}
    },
    {
      ""key"": ""problem.measuredEvidence"",
      ""label"": ""Measured evidence"",
      ""widget"": ""table"",
      ""dataType"": ""array"",
      ""colSpan"": 12,
      ""constraints"": {},
      ""items"": {
        ""type"": ""object"",
        ""properties"": {
          ""characteristic"": {
            ""type"": ""string"",
            ""maxLength"": 120,
            ""description"": ""ONLY the characteristic name, e.g. \""Burr height\"". No value, no verdict.""
          },
          ""measured"": {
            ""type"": ""string"",
            ""maxLength"": 60,
            ""description"": ""ONLY the measured value with its unit, e.g. \""0.32 mm\"".""
          },
          ""specification"": {
            ""type"": ""string"",
            ""maxLength"": 60,
            ""description"": ""ONLY the specification limit with its unit, e.g. \""max 0.10 mm\"".""
          },
          ""assessment"": {
            ""type"": ""string"",
            ""maxLength"": 120,
            ""description"": ""ONLY the verdict, e.g. \""Out of tolerance\"" or \""Within spec\"". No restatement of the numbers.""
          }
        }
      }
    },
    {
      ""key"": ""problem.gaps"",
      ""label"": ""Missing facts"",
      ""widget"": ""warning-list"",
      ""dataType"": ""array"",
      ""colSpan"": 12,
      ""constraints"": {},
      ""items"": {
        ""type"": ""string""
      }
    },
    {
      ""key"": ""sources"",
      ""label"": ""Evidence and traceability"",
      ""widget"": ""evidence-list"",
      ""dataType"": ""array"",
      ""colSpan"": 12,
      ""constraints"": {},
      ""items"": {
        ""type"": ""string""
      }
    }
  ],
  ""groups"": [
    {
      ""id"": ""d2-ai-result"",
      ""label"": ""AI-generated problem description"",
      ""fieldKeys"": [
        ""problem.complaintReference"",
        ""problem.statement"",
        ""problem.what"",
        ""problem.where"",
        ""problem.when"",
        ""problem.who"",
        ""problem.how"",
        ""problem.extent"",
        ""problem.is"",
        ""problem.isNot"",
        ""problem.isIsNotStatus"",
        ""problem.isIsNotBasis""
      ],
      ""width"": ""100"",
      ""columns"": 12,
      ""order"": 10
    }
  ]
}";;;"1";"Approved";;;;;"NotStarted"
"1b6561f3-f557-43e8-9a39-a333fe44f0f6";"2026-09-21T16:08:26.226Z";"anonymous";"2026-09-21T16:08:26.226Z";"anonymous";"7f7fd1c9-ac58-4651-9525-59a6ba65695a";"D3";"3";"D3 — Containment Actions";"Containment actions established.";"Containment actions established.";;;;;"{""containment"":{""actions"":[{""lineNo"":1,""actionType"":""Containment"",""actionText"":""Hold all T18 stock and re-measure a sample on the laboratory gloss meter"",""status"":""Done""},{""lineNo"":2,""actionType"":""Containment"",""actionText"":""Sort the 204 units at the customer against the drawing gloss requirement"",""status"":""Planned""}]}}";"{
  ""fields"": [
    {
      ""key"": ""containment.actions"",
      ""label"": ""Containment actions"",
      ""widget"": ""action-cards"",
      ""dataType"": ""array"",
      ""colSpan"": 12,
      ""constraints"": {
        ""required"": true,
        ""minItems"": 1
      },
      ""items"": {
        ""type"": ""object"",
        ""properties"": {
          ""action"": {
            ""type"": ""string"",
            ""description"": ""Short concise action description without boilerplate prefix. Start with the imperative verb naming the PRIMARY work, e.g. \""Quarantine 85 housings at the outgoing dock\"".""
          },
          ""owner"": {
            ""type"": ""string"",
            ""maxLength"": 120,
            ""description"": ""The team member from D1 (team.roster or team.leader/members) assigned to this containment action, selected by matching their role/responsibility to the work required. E.g. \""Karl Wagner\"" or \""DungTruonghyhy\"".""
          },
          ""status"": {
            ""type"": ""string"",
            ""enum"": [
              ""Planned"",
              ""In Process"",
              ""Done"",
              ""Verified""
            ]
          }
        }
      }
    },
    {
      ""key"": ""containment.gaps"",
      ""label"": ""Open containment gaps"",
      ""widget"": ""warning-list"",
      ""dataType"": ""array"",
      ""colSpan"": 12,
      ""constraints"": {},
      ""items"": {
        ""type"": ""string""
      }
    },
    {
      ""key"": ""sources"",
      ""label"": ""Evidence and traceability"",
      ""widget"": ""evidence-list"",
      ""dataType"": ""array"",
      ""colSpan"": 12,
      ""constraints"": {},
      ""items"": {
        ""type"": ""string""
      }
    }
  ],
  ""groups"": [
    {
      ""id"": ""d3-ai-result"",
      ""label"": ""Containment plan"",
      ""fieldKeys"": [
        ""containment.actions"",
        ""containment.gaps"",
        ""sources""
      ],
      ""width"": ""100"",
      ""columns"": 12,
      ""order"": 10
    }
  ]
}";;;"1";"Approved";;;;;"NotStarted"
"2bb707a4-34fc-4858-965f-245e78f5e57e";"2026-09-21T16:08:26.226Z";"anonymous";"2026-09-21T16:08:26.226Z";"anonymous";"7f7fd1c9-ac58-4651-9525-59a6ba65695a";"D4";"4";"D4 — Root Cause Analysis";"Root cause identified as Method.";"Root cause identified as Method.";;;;;"{""rootCause"":{""category"":""Method"",""whyChain"":[],""ishikawa"":[{""category"":""Man"",""description"":""EMP-9755, Shift A - booth parameters set per the released recipe"",""metricValue"":null,""isRootCause"":false,""source"":""ASSUMED: MES/HR""},{""category"":""Machine"",""description"":""EQ-PAINT03-004 bell speed and flow logged within band all shift"",""metricValue"":""within band"",""isRootCause"":false,""source"":""SAP: EQUI/AFIH (PM)""},{""category"":""Method"",""description"":""DOC-12440 Rev E - flash-off time shortened from 90s to 60s in the 2026-06 cycle-time project"",""metricValue"":""60s vs previous 90s"",""isRootCause"":true,""source"":""SAP: DRAW/PLPO (DMS+Routing)""},{""category"":""Material"",""description"":""Paint lot PNT-5540 viscosity and solids within spec, cert PASS"",""metricValue"":null,""isRootCause"":false,""source"":""SAP: QALS/QAMR (incoming)""},{""category"":""Measurement"",""description"":""Gloss meter GA-0844 gauge R&R measured 31% of tolerance at the last MSA study on 2026-07-28, above the 30% acceptance threshold; the study was filed but the meter stayed in service"",""metricValue"":""R&R 31% vs 30% max"",""isRootCause"":false,""source"":""SAP: Test Equipment Mgmt""},{""category"":""Environment"",""description"":""Booth 23.1C / 62% RH, within the 20-25C and 55-70% RH window"",""metricValue"":""23.1C / 62% RH"",""isRootCause"":false,""source"":""ASSUMED: MES/IoT""}]}}";"{
  ""fields"": [
    {
      ""key"": ""rootCause.statement"",
      ""label"": ""Root cause"",
      ""widget"": ""ai-draft"",
      ""dataType"": ""string"",
      ""colSpan"": 12,
      ""constraints"": {
        ""required"": true,
        ""minLength"": 10,
        ""maxLength"": 320
      }
    },
    {
      ""key"": ""rootCause.ishikawaBoard"",
      ""label"": ""Ishikawa"",
      ""widget"": ""ishikawa-grid"",
      ""dataType"": ""array"",
      ""colSpan"": 12,
      ""constraints"": {
        ""required"": true,
        ""minItems"": 6
      },
      ""description"": ""Always one row per 6M category with a concise 1-sentence verdict. Copy a recorded assessment verbatim with source=recorded; for a category with no recorded entry propose a brief verdict from evidence with source=proposed, or write \""not assessed\"". Never write audit plans or long essays in cells."",
      ""items"": {
        ""type"": ""object"",
        ""properties"": {
          ""category"": {
            ""type"": ""string"",
            ""enum"": [
              ""Man"",
              ""Machine"",
              ""Method"",
              ""Material"",
              ""Measurement"",
              ""Environment""
            ]
          },
          ""finding"": {
            ""type"": ""string"",
            ""maxLength"": 220,
            ""description"": ""The concise VERDICT for this branch, e.g. clamp pad worn 0.2 mm, or gauge R&R 8%, or not assessed. Never a list of evidence to gather - that goes in evidenceGaps once. Never the category name.""
          },
          ""isRootCause"": {
            ""type"": ""boolean"",
            ""description"": ""True for at most ONE branch in the whole board.""
          },
          ""source"": {
            ""type"": ""string"",
            ""enum"": [
              ""recorded"",
              ""proposed""
            ]
          }
        },
        ""required"": [
          ""category"",
          ""finding"",
          ""isRootCause"",
          ""source""
        ]
      }
    },
    {
      ""key"": ""rootCause.fiveWhy"",
      ""label"": ""5-Why chain"",
      ""widget"": ""why-chain"",
      ""dataType"": ""array"",
      ""colSpan"": 12,
      ""constraints"": {
        ""required"": true,
        ""minItems"": 1
      },
      ""items"": {
        ""type"": ""object"",
        ""properties"": {
          ""step"": {
            ""type"": ""integer"",
            ""description"": ""Position in the chain, starting at 1.""
          },
          ""why"": {
            ""type"": ""string"",
            ""maxLength"": 140,
            ""description"": ""The question only, ending in a question mark. Keep it short and crisp.""
          },
          ""answer"": {
            ""type"": ""string"",
            ""maxLength"": 200,
            ""description"": ""The answer only: 1 concise direct sentence naming the cause. Never repeat the question, never list audit procedures or evidence still to be gathered.""
          },
          ""evidence"": {
            ""type"": ""string"",
            ""maxLength"": 200,
            ""description"": ""The CaseContext path or measurement backing the answer. Concise citation only.""
          }
        },
        ""required"": [
          ""step"",
          ""why"",
          ""answer"",
          ""evidence""
        ]
      }
    },
    {
      ""key"": ""rootCause.evidenceGaps"",
      ""label"": ""Evidence gaps"",
      ""widget"": ""warning-list"",
      ""dataType"": ""array"",
      ""colSpan"": 12,
      ""constraints"": {},
      ""items"": {
        ""type"": ""string""
      }
    },
    {
      ""key"": ""sources"",
      ""label"": ""Evidence and traceability"",
      ""widget"": ""evidence-list"",
      ""dataType"": ""array"",
      ""colSpan"": 12,
      ""constraints"": {},
      ""items"": {
        ""type"": ""string""
      }
    }
  ],
  ""groups"": [
    {
      ""id"": ""d4-ai-result"",
      ""label"": ""Root cause analysis"",
      ""fieldKeys"": [
        ""rootCause.statement"",
        ""rootCause.ishikawaBoard"",
        ""rootCause.fiveWhy"",
        ""rootCause.evidenceGaps"",
        ""sources""
      ],
      ""width"": ""100"",
      ""columns"": 12,
      ""order"": 10
    }
  ]
}";;;"1";"Draft";;;;;"NotStarted"
"f089d00e-7ee5-46e9-b408-8c71b0b18425";"2026-09-21T16:08:26.226Z";"anonymous";"2026-09-21T16:08:26.226Z";"anonymous";"7f7fd1c9-ac58-4651-9525-59a6ba65695a";"D5";"5";"D5 — Corrective Actions";"Permanent corrective actions defined.";"Permanent corrective actions defined.";;;;;"{""corrective"":{""actions"":[{""lineNo"":3,""actionType"":""Corrective"",""actionText"":""Restore the flash-off time to 90s in DOC-12440 and re-qualify the booth"",""status"":""Planned""}]}}";"{
  ""fields"": [
    {
      ""key"": ""corrective.actions"",
      ""label"": ""Permanent corrective actions"",
      ""widget"": ""action-cards"",
      ""dataType"": ""array"",
      ""colSpan"": 12,
      ""constraints"": {
        ""required"": true,
        ""minItems"": 1
      },
      ""items"": {
        ""type"": ""object"",
        ""properties"": {
          ""action"": {
            ""type"": ""string"",
            ""maxLength"": 240,
            ""description"": ""The action and its trigger, starting with the imperative verb that names the PRIMARY work. No owner, no status, no rationale - those are separate fields.""
          },
          ""owner"": {
            ""type"": ""string"",
            ""maxLength"": 120,
            ""description"": ""The team member from D1 (team.roster or team.leader/members) assigned to this corrective action, selected by matching their role/responsibility to the root cause fix. E.g. \""Karl Wagner\"" or \""Minh Dinh\"".""
          },
          ""status"": {
            ""type"": ""string"",
            ""maxLength"": 40,
            ""description"": ""ONLY the current status, one or two words, e.g. \""Planned\"", \""In progress\"", \""Done\"".""
          },
          ""origin"": {
            ""type"": ""string"",
            ""maxLength"": 60,
            ""description"": ""ONLY where it came from: \""recorded\"" for an action already in the case, or \""precedents#N\"" for a proposal.""
          },
          ""protection"": {
            ""type"": ""string"",
            ""maxLength"": 200,
            ""description"": ""One line.""
          }
        }
      }
    },
    {
      ""key"": ""sources"",
      ""label"": ""Evidence and traceability"",
      ""widget"": ""evidence-list"",
      ""dataType"": ""array"",
      ""colSpan"": 12,
      ""constraints"": {},
      ""items"": {
        ""type"": ""string""
      }
    }
  ],
  ""groups"": [
    {
      ""id"": ""d5-ai-result"",
      ""label"": ""AI-generated corrective plan"",
      ""fieldKeys"": [
        ""corrective.actions""
      ],
      ""width"": ""100"",
      ""columns"": 12,
      ""order"": 10
    }
  ]
}";;;"1";"Draft";;;;;"NotStarted"
"917085ae-d3a2-48c7-aa4f-203ffddb3d56";"2026-09-21T16:08:26.226Z";"anonymous";"2026-09-21T16:08:26.226Z";"anonymous";"7f7fd1c9-ac58-4651-9525-59a6ba65695a";"D6";"6";"D6 — Verification of Effectiveness";"Verification plan executed.";"Verification plan executed.";;;;;"{""verification"":{""status"":""Verified"",""notes"":""Corrective actions verified on line.""}}";"{
  ""fields"": [
    {
      ""key"": ""verification.objective"",
      ""label"": ""Verification objective"",
      ""widget"": ""callout"",
      ""dataType"": ""string"",
      ""colSpan"": 12,
      ""constraints"": {
        ""required"": true,
        ""maxLength"": 260
      }
    },
    {
      ""key"": ""verification.plan"",
      ""label"": ""Verification plan"",
      ""widget"": ""table"",
      ""dataType"": ""array"",
      ""colSpan"": 12,
      ""constraints"": {
        ""required"": true,
        ""minItems"": 1
      },
      ""items"": {
        ""type"": ""object"",
        ""properties"": {
          ""measure"": {
            ""type"": ""string"",
            ""maxLength"": 200,
            ""description"": ""One line.""
          },
          ""sampleSize"": {
            ""type"": ""string"",
            ""maxLength"": 80,
            ""description"": ""ONLY the sample size, e.g. \""30 parts per shift\"".""
          },
          ""period"": {
            ""type"": ""string"",
            ""maxLength"": 60,
            ""description"": ""ONLY the period over which it runs, e.g. \""4 weeks\"".""
          },
          ""acceptanceCriterion"": {
            ""type"": ""string"",
            ""maxLength"": 220,
            ""description"": ""The pass/fail threshold with its number, anchored to a real specification value.""
          },
          ""signOff"": {
            ""type"": ""string"",
            ""maxLength"": 120,
            ""description"": ""ONLY the role that signs it off.""
          }
        }
      }
    },
    {
      ""key"": ""verification.evidenceStatus"",
      ""label"": ""Evidence status"",
      ""widget"": ""status"",
      ""dataType"": ""string"",
      ""colSpan"": 4,
      ""constraints"": {
        ""required"": true,
        ""enum"": [
          ""No evidence yet"",
          ""Partially verified"",
          ""Verified""
        ]
      }
    },
    {
      ""key"": ""sources"",
      ""label"": ""Evidence and traceability"",
      ""widget"": ""evidence-list"",
      ""dataType"": ""array"",
      ""colSpan"": 12,
      ""constraints"": {},
      ""items"": {
        ""type"": ""string""
      }
    }
  ],
  ""groups"": [
    {
      ""id"": ""d6-ai-result"",
      ""label"": ""AI-generated verification plan"",
      ""fieldKeys"": [
        ""verification.objective"",
        ""verification.plan""
      ],
      ""width"": ""100"",
      ""columns"": 12,
      ""order"": 10
    }
  ]
}";;;"1";"Draft";;;;;"NotStarted"
"8c2b4bce-8fe2-4714-9494-4638244b811d";"2026-09-21T16:08:26.226Z";"anonymous";"2026-09-21T16:08:26.226Z";"anonymous";"7f7fd1c9-ac58-4651-9525-59a6ba65695a";"D7";"7";"D7 — Preventive Actions";"Preventive measures implemented.";"Preventive measures implemented.";;;;;"{""preventive"":{""actions"":[]}}";"{
  ""fields"": [
    {
      ""key"": ""preventive.actions"",
      ""label"": ""Preventive actions"",
      ""widget"": ""action-cards"",
      ""dataType"": ""array"",
      ""colSpan"": 12,
      ""constraints"": {
        ""required"": true,
        ""minItems"": 1
      },
      ""items"": {
        ""type"": ""object"",
        ""properties"": {
          ""action"": {
            ""type"": ""string"",
            ""maxLength"": 240,
            ""description"": ""The action and its trigger, starting with the imperative verb that names the PRIMARY work. No owner, no status, no rationale - those are separate fields.""
          },
          ""owner"": {
            ""type"": ""string"",
            ""maxLength"": 120,
            ""description"": ""The team member from D1 (team.roster or team.leader/members) assigned to this preventive action, selected by matching their role/responsibility to the systemic/FMEA fix. E.g. \""Minh Dinh\"" or \""DungTruonghyhy\"".""
          },
          ""status"": {
            ""type"": ""string"",
            ""maxLength"": 40,
            ""description"": ""ONLY the current status, one or two words, e.g. \""Planned\"", \""In progress\"", \""Done\"".""
          },
          ""origin"": {
            ""type"": ""string"",
            ""maxLength"": 60,
            ""description"": ""ONLY where it came from: \""recorded\"" for an action already in the case, or \""precedents#N\"" for a proposal.""
          },
          ""protection"": {
            ""type"": ""string"",
            ""maxLength"": 200,
            ""description"": ""One line.""
          }
        }
      }
    },
    {
      ""key"": ""preventive.fmea"",
      ""label"": ""FMEA entry to update"",
      ""widget"": ""fmea-link"",
      ""dataType"": ""object"",
      ""colSpan"": 12,
      ""constraints"": {},
      ""properties"": {
        ""fmeaId"": {
          ""type"": ""string""
        },
        ""description"": {
          ""type"": ""string""
        },
        ""change"": {
          ""type"": ""string""
        },
        ""currentRating"": {
          ""type"": ""string""
        },
        ""proposedRating"": {
          ""type"": ""string""
        }
      }
    },
    {
      ""key"": ""sources"",
      ""label"": ""Evidence and traceability"",
      ""widget"": ""evidence-list"",
      ""dataType"": ""array"",
      ""colSpan"": 12,
      ""constraints"": {},
      ""items"": {
        ""type"": ""string""
      }
    }
  ],
  ""groups"": [
    {
      ""id"": ""d7-ai-result"",
      ""label"": ""AI-generated preventive plan"",
      ""fieldKeys"": [
        ""preventive.actions"",
        ""preventive.fmea""
      ],
      ""width"": ""100"",
      ""columns"": 12,
      ""order"": 10
    }
  ]
}";;;"1";"Draft";;;;;"NotStarted"
"a490b0e5-7785-4cfb-b242-4563aa7b5342";"2026-09-21T16:08:26.226Z";"anonymous";"2026-09-21T16:08:26.226Z";"anonymous";"7f7fd1c9-ac58-4651-9525-59a6ba65695a";"D8";"8";"D8 — Closure & Team Recognition";"8D report closed.";"8D report closed.";;;;;"{""closure"":{""gate"":{""status"":""Open"",""readyForClosure"":false}}}";"{
  ""fields"": [
    {
      ""key"": ""closure.gate"",
      ""label"": ""Closure readiness"",
      ""widget"": ""closure-gate"",
      ""dataType"": ""object"",
      ""colSpan"": 12,
      ""constraints"": {},
      ""xSource"": ""manual_input"",
      ""description"": ""Computed from the review status of D1-D7. The AI never writes this."",
      ""properties"": {}
    },
    {
      ""key"": ""closure.costOfPoorQuality"",
      ""label"": ""Cost of poor quality"",
      ""widget"": ""text"",
      ""dataType"": ""string"",
      ""colSpan"": 4,
      ""constraints"": {},
      ""xSource"": ""sap_qm"",
      ""description"": ""Read from the case. The AI never writes this.""
    },
    {
      ""key"": ""closure.lessonsWhatWorked"",
      ""label"": ""What worked"",
      ""widget"": ""markdown"",
      ""dataType"": ""string"",
      ""colSpan"": 6,
      ""constraints"": {
        ""required"": true,
        ""minLength"": 20
      }
    },
    {
      ""key"": ""closure.lessonsWhatDidNot"",
      ""label"": ""What did not"",
      ""widget"": ""markdown"",
      ""dataType"": ""string"",
      ""colSpan"": 6,
      ""constraints"": {
        ""required"": true,
        ""minLength"": 20
      }
    },
    {
      ""key"": ""closure.teamRecognition"",
      ""label"": ""Team recognition"",
      ""widget"": ""markdown"",
      ""dataType"": ""string"",
      ""colSpan"": 12,
      ""constraints"": {}
    },
    {
      ""key"": ""closure.openItems"",
      ""label"": ""Still open at closure"",
      ""widget"": ""warning-list"",
      ""dataType"": ""array"",
      ""colSpan"": 12,
      ""constraints"": {},
      ""items"": {
        ""type"": ""string""
      }
    },
    {
      ""key"": ""sources"",
      ""label"": ""Evidence and traceability"",
      ""widget"": ""evidence-list"",
      ""dataType"": ""array"",
      ""colSpan"": 12,
      ""constraints"": {},
      ""items"": {
        ""type"": ""string""
      }
    }
  ],
  ""groups"": [
    {
      ""id"": ""d8-ai-result"",
      ""label"": ""AI-generated closure summary"",
      ""fieldKeys"": [
        ""closure.gate"",
        ""closure.costOfPoorQuality"",
        ""closure.lessonsWhatWorked"",
        ""closure.lessonsWhatDidNot"",
        ""closure.teamRecognition""
      ],
      ""width"": ""100"",
      ""columns"": 12,
      ""order"": 10
    }
  ]
}";;;"1";"Draft";;;;;"NotStarted"
"1bb51149-aeb8-4c3c-8f78-6992efb53ea5";"2026-09-21T16:08:26.229Z";"anonymous";"2026-09-21T16:08:26.229Z";"anonymous";"79381df7-dde6-4e61-afa5-aa067dd87167";"D1";"1";"D1 — Team Roster";"Formed cross-functional 8D team.";"Formed cross-functional 8D team.";;;;;"{""team"":{""roster"":[{""name"":""Klaus Richter"",""organizationalRole"":""CNC Maintenance Specialist"",""assigned8DRole"":""8D Team Member"",""caseResponsibility"":""CNC Maintenance Specialist""},{""name"":""Quyen La"",""organizationalRole"":""Quality Technician"",""assigned8DRole"":""8D Team Member"",""caseResponsibility"":""Quality Technician""}],""assignedRoster"":[{""partnerId"":""100001"",""partnerRole"":""8D Team Leader""},{""partnerId"":""100088"",""partnerRole"":""8D Team Member""},{""partnerId"":""100011"",""partnerRole"":""8D Team Member""}]}}";"{
  ""fields"": [
    {
      ""key"": ""team.objective"",
      ""label"": ""Team objective"",
      ""widget"": ""callout"",
      ""dataType"": ""string"",
      ""colSpan"": 12,
      ""constraints"": {
        ""required"": true,
        ""minLength"": 20,
        ""maxLength"": 260
      }
    },
    {
      ""key"": ""team.selectionMethod"",
      ""label"": ""Selection method"",
      ""widget"": ""status"",
      ""dataType"": ""string"",
      ""colSpan"": 4,
      ""constraints"": {
        ""required"": true,
        ""enum"": [
          ""Current case team"",
          ""Precedent recommendation"",
          ""Hybrid"",
          ""Roles only - assignment required""
        ]
      }
    },
    {
      ""key"": ""team.problemCapabilities"",
      ""label"": ""Capabilities required by this problem"",
      ""widget"": ""tag-selector"",
      ""dataType"": ""array"",
      ""colSpan"": 8,
      ""constraints"": {
        ""required"": true,
        ""minItems"": 1
      },
      ""items"": {
        ""type"": ""string""
      }
    },
    {
      ""key"": ""team.selectionRationale"",
      ""label"": ""How the team was selected"",
      ""widget"": ""markdown"",
      ""dataType"": ""string"",
      ""colSpan"": 12,
      ""constraints"": {
        ""required"": true,
        ""minLength"": 60,
        ""maxLength"": 1600
      }
    },
    {
      ""key"": ""team.roster"",
      ""label"": ""AI suggest"",
      ""widget"": ""ai-suggest"",
      ""dataType"": ""array"",
      ""colSpan"": 12,
      ""constraints"": {
        ""required"": true,
        ""minItems"": 1
      },
      ""items"": {
        ""type"": ""object"",
        ""properties"": {
          ""name"": {
            ""type"": ""string"",
            ""maxLength"": 120,
            ""description"": ""ONLY the person name, or \""Unassigned\"". No role, no reasoning.""
          },
          ""organizationalRole"": {
            ""type"": ""string"",
            ""maxLength"": 120,
            ""description"": ""ONLY their job title in the organisation, e.g. \""Quality Engineer\"".""
          },
          ""assigned8DRole"": {
            ""type"": ""string"",
            ""maxLength"": 60,
            ""description"": ""ONLY their role in THIS 8D, e.g. \""Team Leader\"" or \""Team Member\"".""
          },
          ""caseResponsibility"": {
            ""type"": ""string"",
            ""maxLength"": 200,
            ""description"": ""What this person is accountable for here. Never a job title.""
          },
          ""selectionReason"": {
            ""type"": ""string"",
            ""maxLength"": 220,
            ""description"": ""Why this person, in one line. Do not repeat the name or the role.""
          },
          ""servedOnCount"": {
            ""type"": ""integer"",
            ""description"": ""How many qualifying precedent cases this person served on. Rank the roster by this value, descending.""
          },
          ""sourceType"": {
            ""type"": ""string"",
            ""enum"": [
              ""current_case"",
              ""precedent"",
              ""unassigned""
            ]
          },
          ""sourcePath"": {
            ""type"": ""string"",
            ""maxLength"": 80,
            ""description"": ""ONLY the resolvable path: team.leader, team.members#N, precedents#N.team#M, or team.gaps.""
          },
          ""sourceCase"": {
            ""type"": ""string"",
            ""maxLength"": 60,
            ""description"": ""ONLY the precedent notification id, when the person came from a precedent.""
          }
        },
        ""required"": [
          ""name"",
          ""organizationalRole"",
          ""assigned8DRole"",
          ""caseResponsibility"",
          ""selectionReason"",
          ""sourceType"",
          ""sourcePath""
        ]
      }
    },
    {
      ""key"": ""team.assignedRoster"",
      ""label"": ""Decision table"",
      ""widget"": ""decision-table"",
      ""dataType"": ""array"",
      ""colSpan"": 12,
      ""constraints"": {},
      ""xSource"": ""manual_input"",
      ""description"": ""Filled in by the quality engineer on the report screen. The AI never writes this."",
      ""items"": {
        ""type"": ""object"",
        ""properties"": {
          ""partnerId"": {
            ""type"": ""string""
          },
          ""partnerName"": {
            ""type"": ""string""
          },
          ""functionTitle"": {
            ""type"": ""string""
          },
          ""partnerRole"": {
            ""type"": ""string"",
            ""enum"": [
              ""8D Team Leader"",
              ""8D Team Member""
            ]
          }
        }
      }
    },
    {
      ""key"": ""team.readinessStatus"",
      ""label"": ""Team readiness"",
      ""widget"": ""status"",
      ""dataType"": ""string"",
      ""colSpan"": 3,
      ""constraints"": {
        ""required"": true,
        ""enum"": [
          ""Ready"",
          ""Partial"",
          ""Needs assignment""
        ]
      }
    },
    {
      ""key"": ""team.readinessRationale"",
      ""label"": ""Readiness assessment"",
      ""widget"": ""markdown"",
      ""dataType"": ""string"",
      ""colSpan"": 9,
      ""constraints"": {
        ""required"": true,
        ""minLength"": 30,
        ""maxLength"": 500
      }
    },
    {
      ""key"": ""team.uncoveredCapabilities"",
      ""label"": ""Uncovered capabilities"",
      ""widget"": ""warning-list"",
      ""dataType"": ""array"",
      ""colSpan"": 6,
      ""constraints"": {},
      ""items"": {
        ""type"": ""string""
      }
    },
    {
      ""key"": ""team.sourceSummary"",
      ""label"": ""Where the team recommendation came from"",
      ""widget"": ""markdown"",
      ""dataType"": ""string"",
      ""colSpan"": 6,
      ""constraints"": {
        ""required"": true,
        ""minLength"": 30,
        ""maxLength"": 500
      }
    },
    {
      ""key"": ""team.suggestionStatus"",
      ""label"": ""Suggestion status"",
      ""widget"": ""callout"",
      ""dataType"": ""string"",
      ""colSpan"": 12,
      ""constraints"": {}
    },
    {
      ""key"": ""sources"",
      ""label"": ""Source records"",
      ""widget"": ""evidence-list"",
      ""dataType"": ""array"",
      ""colSpan"": 12,
      ""constraints"": {
        ""pattern"": ""^(team\\.|precedents#)""
      },
      ""items"": {
        ""type"": ""string""
      }
    }
  ],
  ""groups"": [
    {
      ""id"": ""d1-decision-table"",
      ""label"": ""Decision Table"",
      ""fieldKeys"": [
        ""team.assignedRoster"",
        ""team.suggestionStatus""
      ],
      ""width"": ""100"",
      ""columns"": 12,
      ""order"": 10
    }
  ]
}";;;"1";"Approved";"AI Lead / Quality Manager";"2026-09-22 14:25:18";;;"Completed"
"0f0a0b74-73a8-4229-8450-c42e3993eff8";"2026-09-21T16:08:26.229Z";"anonymous";"2026-09-21T16:08:26.229Z";"anonymous";"79381df7-dde6-4e61-afa5-aa067dd87167";"D2";"2";"D2 — Problem Description";"Surface roughness Ra 2.8um exceeding max 0.8um spec on flange face due to chatter";"Surface roughness Ra 2.8um exceeding max 0.8um spec on flange face due to chatter";;;;;"{""problem"":{""statement"":""Surface roughness Ra 2.8um exceeding max 0.8um spec on flange face due to chatter"",""isIsNot"":{""is"":""Bracket Housing X240 flange face on WC-MILL-07 using 63mm face mill on 2026-08-01"",""isNot"":""Other parts machined on WC-MILL-05 and WC-MILL-06 with healthy drawbar force >11 kN"",""notes"":""Defect tracks machine spindle clamping force degradation, not part geometry or cutting tool batch""},""w2h"":{}}}";"{
  ""fields"": [
    {
      ""key"": ""problem.complaintReference"",
      ""label"": ""Complaint reference"",
      ""widget"": ""complaint-reference"",
      ""dataType"": ""string"",
      ""colSpan"": 12,
      ""constraints"": {},
      ""xSource"": ""sap_qm"",
      ""description"": ""Read from the SAP QM customer reference on the case. The AI never writes this.""
    },
    {
      ""key"": ""problem.statement"",
      ""label"": ""Problem statement"",
      ""widget"": ""problem-statement"",
      ""dataType"": ""string"",
      ""colSpan"": 12,
      ""constraints"": {
        ""required"": true,
        ""minLength"": 30,
        ""maxLength"": 600
      }
    },
    {
      ""key"": ""problem.statementOverride"",
      ""label"": ""Problem statement (edited)"",
      ""widget"": ""text"",
      ""dataType"": ""string"",
      ""colSpan"": 12,
      ""constraints"": {},
      ""xSource"": ""manual_input"",
      ""description"": ""Edited by the quality engineer on the report screen. The AI never writes this.""
    },
    {
      ""key"": ""problem.what"",
      ""label"": ""What"",
      ""widget"": ""w2h-cell"",
      ""dataType"": ""string"",
      ""colSpan"": 4,
      ""constraints"": {
        ""required"": true
      }
    },
    {
      ""key"": ""problem.where"",
      ""label"": ""Where"",
      ""widget"": ""w2h-cell"",
      ""dataType"": ""string"",
      ""colSpan"": 4,
      ""constraints"": {
        ""required"": true
      }
    },
    {
      ""key"": ""problem.when"",
      ""label"": ""When"",
      ""widget"": ""w2h-cell"",
      ""dataType"": ""string"",
      ""colSpan"": 4,
      ""constraints"": {}
    },
    {
      ""key"": ""problem.who"",
      ""label"": ""Who"",
      ""widget"": ""w2h-cell"",
      ""dataType"": ""string"",
      ""colSpan"": 4,
      ""constraints"": {}
    },
    {
      ""key"": ""problem.how"",
      ""label"": ""How"",
      ""widget"": ""w2h-cell"",
      ""dataType"": ""string"",
      ""colSpan"": 4,
      ""constraints"": {}
    },
    {
      ""key"": ""problem.extent"",
      ""label"": ""How Many"",
      ""widget"": ""w2h-cell"",
      ""dataType"": ""string"",
      ""colSpan"": 4,
      ""constraints"": {
        ""required"": true
      }
    },
    {
      ""key"": ""problem.impact"",
      ""label"": ""Business / customer impact"",
      ""widget"": ""text"",
      ""dataType"": ""string"",
      ""colSpan"": 12,
      ""constraints"": {}
    },
    {
      ""key"": ""problem.is"",
      ""label"": ""Is"",
      ""widget"": ""is-box"",
      ""dataType"": ""array"",
      ""colSpan"": 6,
      ""constraints"": {},
      ""items"": {
        ""type"": ""string""
      }
    },
    {
      ""key"": ""problem.isNot"",
      ""label"": ""Is not"",
      ""widget"": ""isnot-box"",
      ""dataType"": ""array"",
      ""colSpan"": 6,
      ""constraints"": {},
      ""items"": {
        ""type"": ""string""
      }
    },
    {
      ""key"": ""problem.isIsNotStatus"",
      ""label"": ""Is / Is-Not status"",
      ""widget"": ""callout"",
      ""dataType"": ""string"",
      ""colSpan"": 12,
      ""constraints"": {}
    },
    {
      ""key"": ""problem.isIsNotBasis"",
      ""label"": ""Is / Is-Not basis"",
      ""widget"": ""markdown"",
      ""dataType"": ""string"",
      ""colSpan"": 12,
      ""constraints"": {}
    },
    {
      ""key"": ""problem.measuredEvidence"",
      ""label"": ""Measured evidence"",
      ""widget"": ""table"",
      ""dataType"": ""array"",
      ""colSpan"": 12,
      ""constraints"": {},
      ""items"": {
        ""type"": ""object"",
        ""properties"": {
          ""characteristic"": {
            ""type"": ""string"",
            ""maxLength"": 120,
            ""description"": ""ONLY the characteristic name, e.g. \""Burr height\"". No value, no verdict.""
          },
          ""measured"": {
            ""type"": ""string"",
            ""maxLength"": 60,
            ""description"": ""ONLY the measured value with its unit, e.g. \""0.32 mm\"".""
          },
          ""specification"": {
            ""type"": ""string"",
            ""maxLength"": 60,
            ""description"": ""ONLY the specification limit with its unit, e.g. \""max 0.10 mm\"".""
          },
          ""assessment"": {
            ""type"": ""string"",
            ""maxLength"": 120,
            ""description"": ""ONLY the verdict, e.g. \""Out of tolerance\"" or \""Within spec\"". No restatement of the numbers.""
          }
        }
      }
    },
    {
      ""key"": ""problem.gaps"",
      ""label"": ""Missing facts"",
      ""widget"": ""warning-list"",
      ""dataType"": ""array"",
      ""colSpan"": 12,
      ""constraints"": {},
      ""items"": {
        ""type"": ""string""
      }
    },
    {
      ""key"": ""sources"",
      ""label"": ""Evidence and traceability"",
      ""widget"": ""evidence-list"",
      ""dataType"": ""array"",
      ""colSpan"": 12,
      ""constraints"": {},
      ""items"": {
        ""type"": ""string""
      }
    }
  ],
  ""groups"": [
    {
      ""id"": ""d2-ai-result"",
      ""label"": ""AI-generated problem description"",
      ""fieldKeys"": [
        ""problem.complaintReference"",
        ""problem.statement"",
        ""problem.what"",
        ""problem.where"",
        ""problem.when"",
        ""problem.who"",
        ""problem.how"",
        ""problem.extent"",
        ""problem.is"",
        ""problem.isNot"",
        ""problem.isIsNotStatus"",
        ""problem.isIsNotBasis""
      ],
      ""width"": ""100"",
      ""columns"": 12,
      ""order"": 10
    }
  ]
}";;;"1";"Approved";"AI Lead / Quality Manager";"2026-09-22 14:25:18";;;"Completed"
"2b654650-ad4b-4f9e-9e0d-020feb8f0fd3";"2026-09-21T16:08:26.229Z";"anonymous";"2026-09-21T16:08:26.229Z";"anonymous";"79381df7-dde6-4e61-afa5-aa067dd87167";"D3";"3";"D3 — Containment Actions";"Containment actions established.";"Containment actions established.";;;;;"{""containment"":{""actions"":[{""lineNo"":1,""actionType"":""Containment"",""actionText"":""100% surface roughness inspection on all 85 quarantined housings and sort out-of-spec units"",""status"":""Done""}]}}";"{
  ""fields"": [
    {
      ""key"": ""containment.actions"",
      ""label"": ""Containment actions"",
      ""widget"": ""action-cards"",
      ""dataType"": ""array"",
      ""colSpan"": 12,
      ""constraints"": {
        ""required"": true,
        ""minItems"": 1
      },
      ""items"": {
        ""type"": ""object"",
        ""properties"": {
          ""action"": {
            ""type"": ""string"",
            ""description"": ""Short concise action description without boilerplate prefix. Start with the imperative verb naming the PRIMARY work, e.g. \""Quarantine 85 housings at the outgoing dock\"".""
          },
          ""owner"": {
            ""type"": ""string"",
            ""maxLength"": 120,
            ""description"": ""The team member from D1 (team.roster or team.leader/members) assigned to this containment action, selected by matching their role/responsibility to the work required. E.g. \""Karl Wagner\"" or \""DungTruonghyhy\"".""
          },
          ""status"": {
            ""type"": ""string"",
            ""enum"": [
              ""Planned"",
              ""In Process"",
              ""Done"",
              ""Verified""
            ]
          }
        }
      }
    },
    {
      ""key"": ""containment.gaps"",
      ""label"": ""Open containment gaps"",
      ""widget"": ""warning-list"",
      ""dataType"": ""array"",
      ""colSpan"": 12,
      ""constraints"": {},
      ""items"": {
        ""type"": ""string""
      }
    },
    {
      ""key"": ""sources"",
      ""label"": ""Evidence and traceability"",
      ""widget"": ""evidence-list"",
      ""dataType"": ""array"",
      ""colSpan"": 12,
      ""constraints"": {},
      ""items"": {
        ""type"": ""string""
      }
    }
  ],
  ""groups"": [
    {
      ""id"": ""d3-ai-result"",
      ""label"": ""Containment plan"",
      ""fieldKeys"": [
        ""containment.actions"",
        ""containment.gaps"",
        ""sources""
      ],
      ""width"": ""100"",
      ""columns"": 12,
      ""order"": 10
    }
  ]
}";;;"1";"Approved";"AI Lead / Quality Manager";"2026-09-22 14:25:18";;;"Completed"
"4eb4be30-358a-4e47-9de7-5561a930ce85";"2026-09-21T16:08:26.229Z";"anonymous";"2026-09-21T16:08:26.229Z";"anonymous";"79381df7-dde6-4e61-afa5-aa067dd87167";"D4";"4";"D4 — Root Cause Analysis";"Root cause identified as Machine.";"Root cause identified as Machine.";;;;;"{""rootCause"":{""category"":""Machine"",""whyChain"":[],""ishikawa"":[{""category"":""Man"",""description"":""EMP-4421, Shift B - operator performed tool change per SOP; toolholder cleaned before loading"",""metricValue"":null,""isRootCause"":false,""source"":""ASSUMED: MES/HR""},{""category"":""Machine"",""description"":""EQ-MILL07-001 spindle drawbar disc spring stack had 4 broken Belleville washers, reducing clamping force from 11.2 kN to 6.2 kN and causing tool micro-slippage under milling load"",""metricValue"":""6.2 kN vs 11.0 kN nominal"",""isRootCause"":true,""source"":""SAP: EQUI/AFIH (PM)""},{""category"":""Method"",""description"":""DOC-8812 Rev C - milling cutting feed and spindle speed within validated machining parameters"",""metricValue"":null,""isRootCause"":false,""source"":""SAP: DRAW/PLPO (DMS+Routing)""},{""category"":""Material"",""description"":""Cast aluminium alloy AlSi10Mg batch B-50341 hardness 82 HBW, within 75-90 HBW spec"",""metricValue"":""82 HBW"",""isRootCause"":false,""source"":""SAP: QALS/QAMR (incoming)""},{""category"":""Measurement"",""description"":""Profilometer GA-0219 calibrated on 2026-07-15, stylus radius 2um verified"",""metricValue"":null,""isRootCause"":false,""source"":""SAP: Test Equipment Mgmt""},{""category"":""Environment"",""description"":""Ambient shop floor temperature 22.4C, vibration sensor on foundation reading <0.5 mm/s"",""metricValue"":null,""isRootCause"":false,""source"":""ASSUMED: MES/IoT""}]}}";"{
  ""fields"": [
    {
      ""key"": ""rootCause.statement"",
      ""label"": ""Root cause"",
      ""widget"": ""ai-draft"",
      ""dataType"": ""string"",
      ""colSpan"": 12,
      ""constraints"": {
        ""required"": true,
        ""minLength"": 10,
        ""maxLength"": 320
      }
    },
    {
      ""key"": ""rootCause.ishikawaBoard"",
      ""label"": ""Ishikawa"",
      ""widget"": ""ishikawa-grid"",
      ""dataType"": ""array"",
      ""colSpan"": 12,
      ""constraints"": {
        ""required"": true,
        ""minItems"": 6
      },
      ""description"": ""Always one row per 6M category with a concise 1-sentence verdict. Copy a recorded assessment verbatim with source=recorded; for a category with no recorded entry propose a brief verdict from evidence with source=proposed, or write \""not assessed\"". Never write audit plans or long essays in cells."",
      ""items"": {
        ""type"": ""object"",
        ""properties"": {
          ""category"": {
            ""type"": ""string"",
            ""enum"": [
              ""Man"",
              ""Machine"",
              ""Method"",
              ""Material"",
              ""Measurement"",
              ""Environment""
            ]
          },
          ""finding"": {
            ""type"": ""string"",
            ""maxLength"": 220,
            ""description"": ""The concise VERDICT for this branch, e.g. clamp pad worn 0.2 mm, or gauge R&R 8%, or not assessed. Never a list of evidence to gather - that goes in evidenceGaps once. Never the category name.""
          },
          ""isRootCause"": {
            ""type"": ""boolean"",
            ""description"": ""True for at most ONE branch in the whole board.""
          },
          ""source"": {
            ""type"": ""string"",
            ""enum"": [
              ""recorded"",
              ""proposed""
            ]
          }
        },
        ""required"": [
          ""category"",
          ""finding"",
          ""isRootCause"",
          ""source""
        ]
      }
    },
    {
      ""key"": ""rootCause.fiveWhy"",
      ""label"": ""5-Why chain"",
      ""widget"": ""why-chain"",
      ""dataType"": ""array"",
      ""colSpan"": 12,
      ""constraints"": {
        ""required"": true,
        ""minItems"": 1
      },
      ""items"": {
        ""type"": ""object"",
        ""properties"": {
          ""step"": {
            ""type"": ""integer"",
            ""description"": ""Position in the chain, starting at 1.""
          },
          ""why"": {
            ""type"": ""string"",
            ""maxLength"": 140,
            ""description"": ""The question only, ending in a question mark. Keep it short and crisp.""
          },
          ""answer"": {
            ""type"": ""string"",
            ""maxLength"": 200,
            ""description"": ""The answer only: 1 concise direct sentence naming the cause. Never repeat the question, never list audit procedures or evidence still to be gathered.""
          },
          ""evidence"": {
            ""type"": ""string"",
            ""maxLength"": 200,
            ""description"": ""The CaseContext path or measurement backing the answer. Concise citation only.""
          }
        },
        ""required"": [
          ""step"",
          ""why"",
          ""answer"",
          ""evidence""
        ]
      }
    },
    {
      ""key"": ""rootCause.evidenceGaps"",
      ""label"": ""Evidence gaps"",
      ""widget"": ""warning-list"",
      ""dataType"": ""array"",
      ""colSpan"": 12,
      ""constraints"": {},
      ""items"": {
        ""type"": ""string""
      }
    },
    {
      ""key"": ""sources"",
      ""label"": ""Evidence and traceability"",
      ""widget"": ""evidence-list"",
      ""dataType"": ""array"",
      ""colSpan"": 12,
      ""constraints"": {},
      ""items"": {
        ""type"": ""string""
      }
    }
  ],
  ""groups"": [
    {
      ""id"": ""d4-ai-result"",
      ""label"": ""Root cause analysis"",
      ""fieldKeys"": [
        ""rootCause.statement"",
        ""rootCause.ishikawaBoard"",
        ""rootCause.fiveWhy"",
        ""rootCause.evidenceGaps"",
        ""sources""
      ],
      ""width"": ""100"",
      ""columns"": 12,
      ""order"": 10
    }
  ]
}";;;"1";"Approved";"AI Lead / Quality Manager";"2026-09-22 14:25:18";;;"Completed"
"07ba4816-f176-47b2-a618-abbe4cb1fa1f";"2026-09-21T16:08:26.229Z";"anonymous";"2026-09-21T16:08:26.229Z";"anonymous";"79381df7-dde6-4e61-afa5-aa067dd87167";"D5";"5";"D5 — Corrective Actions";"Permanent corrective actions defined.";"Permanent corrective actions defined.";;;;;"{""corrective"":{""actions"":[{""lineNo"":2,""actionType"":""Corrective"",""actionText"":""Replace complete Belleville disc spring pack and gripper fingers on WC-MILL-07 spindle; re-test retention force to 11.5 kN"",""status"":""Verified""}]}}";"{
  ""fields"": [
    {
      ""key"": ""corrective.actions"",
      ""label"": ""Permanent corrective actions"",
      ""widget"": ""action-cards"",
      ""dataType"": ""array"",
      ""colSpan"": 12,
      ""constraints"": {
        ""required"": true,
        ""minItems"": 1
      },
      ""items"": {
        ""type"": ""object"",
        ""properties"": {
          ""action"": {
            ""type"": ""string"",
            ""maxLength"": 240,
            ""description"": ""The action and its trigger, starting with the imperative verb that names the PRIMARY work. No owner, no status, no rationale - those are separate fields.""
          },
          ""owner"": {
            ""type"": ""string"",
            ""maxLength"": 120,
            ""description"": ""The team member from D1 (team.roster or team.leader/members) assigned to this corrective action, selected by matching their role/responsibility to the root cause fix. E.g. \""Karl Wagner\"" or \""Minh Dinh\"".""
          },
          ""status"": {
            ""type"": ""string"",
            ""maxLength"": 40,
            ""description"": ""ONLY the current status, one or two words, e.g. \""Planned\"", \""In progress\"", \""Done\"".""
          },
          ""origin"": {
            ""type"": ""string"",
            ""maxLength"": 60,
            ""description"": ""ONLY where it came from: \""recorded\"" for an action already in the case, or \""precedents#N\"" for a proposal.""
          },
          ""protection"": {
            ""type"": ""string"",
            ""maxLength"": 200,
            ""description"": ""One line.""
          }
        }
      }
    },
    {
      ""key"": ""sources"",
      ""label"": ""Evidence and traceability"",
      ""widget"": ""evidence-list"",
      ""dataType"": ""array"",
      ""colSpan"": 12,
      ""constraints"": {},
      ""items"": {
        ""type"": ""string""
      }
    }
  ],
  ""groups"": [
    {
      ""id"": ""d5-ai-result"",
      ""label"": ""AI-generated corrective plan"",
      ""fieldKeys"": [
        ""corrective.actions""
      ],
      ""width"": ""100"",
      ""columns"": 12,
      ""order"": 10
    }
  ]
}";;;"1";"Approved";"AI Lead / Quality Manager";"2026-09-22 14:25:18";;;"Completed"
"dcb51801-f0a1-4d40-af4b-5a876e2effea";"2026-09-21T16:08:26.229Z";"anonymous";"2026-09-21T16:08:26.229Z";"anonymous";"79381df7-dde6-4e61-afa5-aa067dd87167";"D6";"6";"D6 — Verification of Effectiveness";"Verification plan executed.";"Verification plan executed.";;;;;"{""verification"":{""status"":""Verified"",""notes"":""Corrective actions verified on line.""}}";"{
  ""fields"": [
    {
      ""key"": ""verification.objective"",
      ""label"": ""Verification objective"",
      ""widget"": ""callout"",
      ""dataType"": ""string"",
      ""colSpan"": 12,
      ""constraints"": {
        ""required"": true,
        ""maxLength"": 260
      }
    },
    {
      ""key"": ""verification.plan"",
      ""label"": ""Verification plan"",
      ""widget"": ""table"",
      ""dataType"": ""array"",
      ""colSpan"": 12,
      ""constraints"": {
        ""required"": true,
        ""minItems"": 1
      },
      ""items"": {
        ""type"": ""object"",
        ""properties"": {
          ""measure"": {
            ""type"": ""string"",
            ""maxLength"": 200,
            ""description"": ""One line.""
          },
          ""sampleSize"": {
            ""type"": ""string"",
            ""maxLength"": 80,
            ""description"": ""ONLY the sample size, e.g. \""30 parts per shift\"".""
          },
          ""period"": {
            ""type"": ""string"",
            ""maxLength"": 60,
            ""description"": ""ONLY the period over which it runs, e.g. \""4 weeks\"".""
          },
          ""acceptanceCriterion"": {
            ""type"": ""string"",
            ""maxLength"": 220,
            ""description"": ""The pass/fail threshold with its number, anchored to a real specification value.""
          },
          ""signOff"": {
            ""type"": ""string"",
            ""maxLength"": 120,
            ""description"": ""ONLY the role that signs it off.""
          }
        }
      }
    },
    {
      ""key"": ""verification.evidenceStatus"",
      ""label"": ""Evidence status"",
      ""widget"": ""status"",
      ""dataType"": ""string"",
      ""colSpan"": 4,
      ""constraints"": {
        ""required"": true,
        ""enum"": [
          ""No evidence yet"",
          ""Partially verified"",
          ""Verified""
        ]
      }
    },
    {
      ""key"": ""sources"",
      ""label"": ""Evidence and traceability"",
      ""widget"": ""evidence-list"",
      ""dataType"": ""array"",
      ""colSpan"": 12,
      ""constraints"": {},
      ""items"": {
        ""type"": ""string""
      }
    }
  ],
  ""groups"": [
    {
      ""id"": ""d6-ai-result"",
      ""label"": ""AI-generated verification plan"",
      ""fieldKeys"": [
        ""verification.objective"",
        ""verification.plan""
      ],
      ""width"": ""100"",
      ""columns"": 12,
      ""order"": 10
    }
  ]
}";;;"1";"Approved";"AI Lead / Quality Manager";"2026-09-22 14:25:18";;;"Completed"
"a405ae8b-9580-4f59-a045-22953a555461";"2026-09-21T16:08:26.229Z";"anonymous";"2026-09-21T16:08:26.229Z";"anonymous";"79381df7-dde6-4e61-afa5-aa067dd87167";"D7";"7";"D7 — Preventive Actions";"Preventive measures implemented.";"Preventive measures implemented.";;;;;"{""preventive"":{""actions"":[{""lineNo"":3,""actionType"":""Preventive"",""actionText"":""Introduce preventive drawbar force gauge check into 500-hour PM schedule across all CNC milling centers"",""status"":""Verified in production""}]}}";"{
  ""fields"": [
    {
      ""key"": ""preventive.actions"",
      ""label"": ""Preventive actions"",
      ""widget"": ""action-cards"",
      ""dataType"": ""array"",
      ""colSpan"": 12,
      ""constraints"": {
        ""required"": true,
        ""minItems"": 1
      },
      ""items"": {
        ""type"": ""object"",
        ""properties"": {
          ""action"": {
            ""type"": ""string"",
            ""maxLength"": 240,
            ""description"": ""The action and its trigger, starting with the imperative verb that names the PRIMARY work. No owner, no status, no rationale - those are separate fields.""
          },
          ""owner"": {
            ""type"": ""string"",
            ""maxLength"": 120,
            ""description"": ""The team member from D1 (team.roster or team.leader/members) assigned to this preventive action, selected by matching their role/responsibility to the systemic/FMEA fix. E.g. \""Minh Dinh\"" or \""DungTruonghyhy\"".""
          },
          ""status"": {
            ""type"": ""string"",
            ""maxLength"": 40,
            ""description"": ""ONLY the current status, one or two words, e.g. \""Planned\"", \""In progress\"", \""Done\"".""
          },
          ""origin"": {
            ""type"": ""string"",
            ""maxLength"": 60,
            ""description"": ""ONLY where it came from: \""recorded\"" for an action already in the case, or \""precedents#N\"" for a proposal.""
          },
          ""protection"": {
            ""type"": ""string"",
            ""maxLength"": 200,
            ""description"": ""One line.""
          }
        }
      }
    },
    {
      ""key"": ""preventive.fmea"",
      ""label"": ""FMEA entry to update"",
      ""widget"": ""fmea-link"",
      ""dataType"": ""object"",
      ""colSpan"": 12,
      ""constraints"": {},
      ""properties"": {
        ""fmeaId"": {
          ""type"": ""string""
        },
        ""description"": {
          ""type"": ""string""
        },
        ""change"": {
          ""type"": ""string""
        },
        ""currentRating"": {
          ""type"": ""string""
        },
        ""proposedRating"": {
          ""type"": ""string""
        }
      }
    },
    {
      ""key"": ""sources"",
      ""label"": ""Evidence and traceability"",
      ""widget"": ""evidence-list"",
      ""dataType"": ""array"",
      ""colSpan"": 12,
      ""constraints"": {},
      ""items"": {
        ""type"": ""string""
      }
    }
  ],
  ""groups"": [
    {
      ""id"": ""d7-ai-result"",
      ""label"": ""AI-generated preventive plan"",
      ""fieldKeys"": [
        ""preventive.actions"",
        ""preventive.fmea""
      ],
      ""width"": ""100"",
      ""columns"": 12,
      ""order"": 10
    }
  ]
}";;;"1";"Approved";"AI Lead / Quality Manager";"2026-09-22 14:25:18";;;"Completed"
"9029e4ff-1374-44f1-a1a5-102185f7bbc8";"2026-09-21T16:08:26.229Z";"anonymous";"2026-09-21T16:08:26.229Z";"anonymous";"79381df7-dde6-4e61-afa5-aa067dd87167";"D8";"8";"D8 — Closure & Team Recognition";"8D report closed.";"8D report closed.";;;;;"{""closure"":{""gate"":{""status"":""Closed"",""readyForClosure"":true}}}";"{
  ""fields"": [
    {
      ""key"": ""closure.gate"",
      ""label"": ""Closure readiness"",
      ""widget"": ""closure-gate"",
      ""dataType"": ""object"",
      ""colSpan"": 12,
      ""constraints"": {},
      ""xSource"": ""manual_input"",
      ""description"": ""Computed from the review status of D1-D7. The AI never writes this."",
      ""properties"": {}
    },
    {
      ""key"": ""closure.costOfPoorQuality"",
      ""label"": ""Cost of poor quality"",
      ""widget"": ""text"",
      ""dataType"": ""string"",
      ""colSpan"": 4,
      ""constraints"": {},
      ""xSource"": ""sap_qm"",
      ""description"": ""Read from the case. The AI never writes this.""
    },
    {
      ""key"": ""closure.lessonsWhatWorked"",
      ""label"": ""What worked"",
      ""widget"": ""markdown"",
      ""dataType"": ""string"",
      ""colSpan"": 6,
      ""constraints"": {
        ""required"": true,
        ""minLength"": 20
      }
    },
    {
      ""key"": ""closure.lessonsWhatDidNot"",
      ""label"": ""What did not"",
      ""widget"": ""markdown"",
      ""dataType"": ""string"",
      ""colSpan"": 6,
      ""constraints"": {
        ""required"": true,
        ""minLength"": 20
      }
    },
    {
      ""key"": ""closure.teamRecognition"",
      ""label"": ""Team recognition"",
      ""widget"": ""markdown"",
      ""dataType"": ""string"",
      ""colSpan"": 12,
      ""constraints"": {}
    },
    {
      ""key"": ""closure.openItems"",
      ""label"": ""Still open at closure"",
      ""widget"": ""warning-list"",
      ""dataType"": ""array"",
      ""colSpan"": 12,
      ""constraints"": {},
      ""items"": {
        ""type"": ""string""
      }
    },
    {
      ""key"": ""sources"",
      ""label"": ""Evidence and traceability"",
      ""widget"": ""evidence-list"",
      ""dataType"": ""array"",
      ""colSpan"": 12,
      ""constraints"": {},
      ""items"": {
        ""type"": ""string""
      }
    }
  ],
  ""groups"": [
    {
      ""id"": ""d8-ai-result"",
      ""label"": ""AI-generated closure summary"",
      ""fieldKeys"": [
        ""closure.gate"",
        ""closure.costOfPoorQuality"",
        ""closure.lessonsWhatWorked"",
        ""closure.lessonsWhatDidNot"",
        ""closure.teamRecognition""
      ],
      ""width"": ""100"",
      ""columns"": 12,
      ""order"": 10
    }
  ]
}";;;"1";"Approved";"AI Lead / Quality Manager";"2026-09-22 14:25:18";;;"Completed"
"5fd699d7-41ab-4733-a304-7d83e78282fc";"2026-09-21T16:08:26.232Z";"anonymous";"2026-09-21T16:08:26.232Z";"anonymous";"81f15273-73bd-4daf-803b-2ec3ed1ccc44";"D1";"1";"D1 — Team Roster";"Formed cross-functional 8D team.";"Formed cross-functional 8D team.";;;;;"{""team"":{""roster"":[{""name"":""Lena Hoffmann"",""organizationalRole"":""Metrology Specialist"",""assigned8DRole"":""8D Team Member"",""caseResponsibility"":""Metrology Specialist""},{""name"":""Sara Klein"",""organizationalRole"":""Supplier Quality Engineer"",""assigned8DRole"":""8D Team Member"",""caseResponsibility"":""Supplier Quality Engineer""}],""assignedRoster"":[{""partnerId"":""100001"",""partnerRole"":""8D Team Leader""},{""partnerId"":""100147"",""partnerRole"":""8D Team Member""},{""partnerId"":""100031"",""partnerRole"":""8D Team Member""}]}}";"{
  ""fields"": [
    {
      ""key"": ""team.objective"",
      ""label"": ""Team objective"",
      ""widget"": ""callout"",
      ""dataType"": ""string"",
      ""colSpan"": 12,
      ""constraints"": {
        ""required"": true,
        ""minLength"": 20,
        ""maxLength"": 260
      }
    },
    {
      ""key"": ""team.selectionMethod"",
      ""label"": ""Selection method"",
      ""widget"": ""status"",
      ""dataType"": ""string"",
      ""colSpan"": 4,
      ""constraints"": {
        ""required"": true,
        ""enum"": [
          ""Current case team"",
          ""Precedent recommendation"",
          ""Hybrid"",
          ""Roles only - assignment required""
        ]
      }
    },
    {
      ""key"": ""team.problemCapabilities"",
      ""label"": ""Capabilities required by this problem"",
      ""widget"": ""tag-selector"",
      ""dataType"": ""array"",
      ""colSpan"": 8,
      ""constraints"": {
        ""required"": true,
        ""minItems"": 1
      },
      ""items"": {
        ""type"": ""string""
      }
    },
    {
      ""key"": ""team.selectionRationale"",
      ""label"": ""How the team was selected"",
      ""widget"": ""markdown"",
      ""dataType"": ""string"",
      ""colSpan"": 12,
      ""constraints"": {
        ""required"": true,
        ""minLength"": 60,
        ""maxLength"": 1600
      }
    },
    {
      ""key"": ""team.roster"",
      ""label"": ""AI suggest"",
      ""widget"": ""ai-suggest"",
      ""dataType"": ""array"",
      ""colSpan"": 12,
      ""constraints"": {
        ""required"": true,
        ""minItems"": 1
      },
      ""items"": {
        ""type"": ""object"",
        ""properties"": {
          ""name"": {
            ""type"": ""string"",
            ""maxLength"": 120,
            ""description"": ""ONLY the person name, or \""Unassigned\"". No role, no reasoning.""
          },
          ""organizationalRole"": {
            ""type"": ""string"",
            ""maxLength"": 120,
            ""description"": ""ONLY their job title in the organisation, e.g. \""Quality Engineer\"".""
          },
          ""assigned8DRole"": {
            ""type"": ""string"",
            ""maxLength"": 60,
            ""description"": ""ONLY their role in THIS 8D, e.g. \""Team Leader\"" or \""Team Member\"".""
          },
          ""caseResponsibility"": {
            ""type"": ""string"",
            ""maxLength"": 200,
            ""description"": ""What this person is accountable for here. Never a job title.""
          },
          ""selectionReason"": {
            ""type"": ""string"",
            ""maxLength"": 220,
            ""description"": ""Why this person, in one line. Do not repeat the name or the role.""
          },
          ""servedOnCount"": {
            ""type"": ""integer"",
            ""description"": ""How many qualifying precedent cases this person served on. Rank the roster by this value, descending.""
          },
          ""sourceType"": {
            ""type"": ""string"",
            ""enum"": [
              ""current_case"",
              ""precedent"",
              ""unassigned""
            ]
          },
          ""sourcePath"": {
            ""type"": ""string"",
            ""maxLength"": 80,
            ""description"": ""ONLY the resolvable path: team.leader, team.members#N, precedents#N.team#M, or team.gaps.""
          },
          ""sourceCase"": {
            ""type"": ""string"",
            ""maxLength"": 60,
            ""description"": ""ONLY the precedent notification id, when the person came from a precedent.""
          }
        },
        ""required"": [
          ""name"",
          ""organizationalRole"",
          ""assigned8DRole"",
          ""caseResponsibility"",
          ""selectionReason"",
          ""sourceType"",
          ""sourcePath""
        ]
      }
    },
    {
      ""key"": ""team.assignedRoster"",
      ""label"": ""Decision table"",
      ""widget"": ""decision-table"",
      ""dataType"": ""array"",
      ""colSpan"": 12,
      ""constraints"": {},
      ""xSource"": ""manual_input"",
      ""description"": ""Filled in by the quality engineer on the report screen. The AI never writes this."",
      ""items"": {
        ""type"": ""object"",
        ""properties"": {
          ""partnerId"": {
            ""type"": ""string""
          },
          ""partnerName"": {
            ""type"": ""string""
          },
          ""functionTitle"": {
            ""type"": ""string""
          },
          ""partnerRole"": {
            ""type"": ""string"",
            ""enum"": [
              ""8D Team Leader"",
              ""8D Team Member""
            ]
          }
        }
      }
    },
    {
      ""key"": ""team.readinessStatus"",
      ""label"": ""Team readiness"",
      ""widget"": ""status"",
      ""dataType"": ""string"",
      ""colSpan"": 3,
      ""constraints"": {
        ""required"": true,
        ""enum"": [
          ""Ready"",
          ""Partial"",
          ""Needs assignment""
        ]
      }
    },
    {
      ""key"": ""team.readinessRationale"",
      ""label"": ""Readiness assessment"",
      ""widget"": ""markdown"",
      ""dataType"": ""string"",
      ""colSpan"": 9,
      ""constraints"": {
        ""required"": true,
        ""minLength"": 30,
        ""maxLength"": 500
      }
    },
    {
      ""key"": ""team.uncoveredCapabilities"",
      ""label"": ""Uncovered capabilities"",
      ""widget"": ""warning-list"",
      ""dataType"": ""array"",
      ""colSpan"": 6,
      ""constraints"": {},
      ""items"": {
        ""type"": ""string""
      }
    },
    {
      ""key"": ""team.sourceSummary"",
      ""label"": ""Where the team recommendation came from"",
      ""widget"": ""markdown"",
      ""dataType"": ""string"",
      ""colSpan"": 6,
      ""constraints"": {
        ""required"": true,
        ""minLength"": 30,
        ""maxLength"": 500
      }
    },
    {
      ""key"": ""team.suggestionStatus"",
      ""label"": ""Suggestion status"",
      ""widget"": ""callout"",
      ""dataType"": ""string"",
      ""colSpan"": 12,
      ""constraints"": {}
    },
    {
      ""key"": ""sources"",
      ""label"": ""Source records"",
      ""widget"": ""evidence-list"",
      ""dataType"": ""array"",
      ""colSpan"": 12,
      ""constraints"": {
        ""pattern"": ""^(team\\.|precedents#)""
      },
      ""items"": {
        ""type"": ""string""
      }
    }
  ],
  ""groups"": [
    {
      ""id"": ""d1-decision-table"",
      ""label"": ""Decision Table"",
      ""fieldKeys"": [
        ""team.assignedRoster"",
        ""team.suggestionStatus""
      ],
      ""width"": ""100"",
      ""columns"": 12,
      ""order"": 10
    }
  ]
}";;;"1";"Approved";"AI Lead / Quality Manager";"2026-09-22 14:25:18";;;"Completed"
"c937771e-78ee-4fe5-bc37-3656a774f1ac";"2026-09-21T16:08:26.232Z";"anonymous";"2026-09-21T16:08:26.232Z";"anonymous";"81f15273-73bd-4daf-803b-2ec3ed1ccc44";"D2";"2";"D2 — Problem Description";"Customer assembly line jam due to OD taper exceeding 0.015mm cylindrical tolerance";"Customer assembly line jam due to OD taper exceeding 0.015mm cylindrical tolerance";;;;;"{""problem"":{""statement"":""Customer assembly line jam due to OD taper exceeding 0.015mm cylindrical tolerance"",""isIsNot"":{""is"":""Bushing Sleeve B45 machined on WC-LATHE-02 during afternoon shifts between 13:00 and 17:00"",""isNot"":""Morning shift parts on WC-LATHE-02 or parts machined on WC-LATHE-01 with functional chiller"",""notes"":""Thermal drift correlated directly with coolant sump temperature climb during prolonged run""},""w2h"":{}}}";"{
  ""fields"": [
    {
      ""key"": ""problem.complaintReference"",
      ""label"": ""Complaint reference"",
      ""widget"": ""complaint-reference"",
      ""dataType"": ""string"",
      ""colSpan"": 12,
      ""constraints"": {},
      ""xSource"": ""sap_qm"",
      ""description"": ""Read from the SAP QM customer reference on the case. The AI never writes this.""
    },
    {
      ""key"": ""problem.statement"",
      ""label"": ""Problem statement"",
      ""widget"": ""problem-statement"",
      ""dataType"": ""string"",
      ""colSpan"": 12,
      ""constraints"": {
        ""required"": true,
        ""minLength"": 30,
        ""maxLength"": 600
      }
    },
    {
      ""key"": ""problem.statementOverride"",
      ""label"": ""Problem statement (edited)"",
      ""widget"": ""text"",
      ""dataType"": ""string"",
      ""colSpan"": 12,
      ""constraints"": {},
      ""xSource"": ""manual_input"",
      ""description"": ""Edited by the quality engineer on the report screen. The AI never writes this.""
    },
    {
      ""key"": ""problem.what"",
      ""label"": ""What"",
      ""widget"": ""w2h-cell"",
      ""dataType"": ""string"",
      ""colSpan"": 4,
      ""constraints"": {
        ""required"": true
      }
    },
    {
      ""key"": ""problem.where"",
      ""label"": ""Where"",
      ""widget"": ""w2h-cell"",
      ""dataType"": ""string"",
      ""colSpan"": 4,
      ""constraints"": {
        ""required"": true
      }
    },
    {
      ""key"": ""problem.when"",
      ""label"": ""When"",
      ""widget"": ""w2h-cell"",
      ""dataType"": ""string"",
      ""colSpan"": 4,
      ""constraints"": {}
    },
    {
      ""key"": ""problem.who"",
      ""label"": ""Who"",
      ""widget"": ""w2h-cell"",
      ""dataType"": ""string"",
      ""colSpan"": 4,
      ""constraints"": {}
    },
    {
      ""key"": ""problem.how"",
      ""label"": ""How"",
      ""widget"": ""w2h-cell"",
      ""dataType"": ""string"",
      ""colSpan"": 4,
      ""constraints"": {}
    },
    {
      ""key"": ""problem.extent"",
      ""label"": ""How Many"",
      ""widget"": ""w2h-cell"",
      ""dataType"": ""string"",
      ""colSpan"": 4,
      ""constraints"": {
        ""required"": true
      }
    },
    {
      ""key"": ""problem.impact"",
      ""label"": ""Business / customer impact"",
      ""widget"": ""text"",
      ""dataType"": ""string"",
      ""colSpan"": 12,
      ""constraints"": {}
    },
    {
      ""key"": ""problem.is"",
      ""label"": ""Is"",
      ""widget"": ""is-box"",
      ""dataType"": ""array"",
      ""colSpan"": 6,
      ""constraints"": {},
      ""items"": {
        ""type"": ""string""
      }
    },
    {
      ""key"": ""problem.isNot"",
      ""label"": ""Is not"",
      ""widget"": ""isnot-box"",
      ""dataType"": ""array"",
      ""colSpan"": 6,
      ""constraints"": {},
      ""items"": {
        ""type"": ""string""
      }
    },
    {
      ""key"": ""problem.isIsNotStatus"",
      ""label"": ""Is / Is-Not status"",
      ""widget"": ""callout"",
      ""dataType"": ""string"",
      ""colSpan"": 12,
      ""constraints"": {}
    },
    {
      ""key"": ""problem.isIsNotBasis"",
      ""label"": ""Is / Is-Not basis"",
      ""widget"": ""markdown"",
      ""dataType"": ""string"",
      ""colSpan"": 12,
      ""constraints"": {}
    },
    {
      ""key"": ""problem.measuredEvidence"",
      ""label"": ""Measured evidence"",
      ""widget"": ""table"",
      ""dataType"": ""array"",
      ""colSpan"": 12,
      ""constraints"": {},
      ""items"": {
        ""type"": ""object"",
        ""properties"": {
          ""characteristic"": {
            ""type"": ""string"",
            ""maxLength"": 120,
            ""description"": ""ONLY the characteristic name, e.g. \""Burr height\"". No value, no verdict.""
          },
          ""measured"": {
            ""type"": ""string"",
            ""maxLength"": 60,
            ""description"": ""ONLY the measured value with its unit, e.g. \""0.32 mm\"".""
          },
          ""specification"": {
            ""type"": ""string"",
            ""maxLength"": 60,
            ""description"": ""ONLY the specification limit with its unit, e.g. \""max 0.10 mm\"".""
          },
          ""assessment"": {
            ""type"": ""string"",
            ""maxLength"": 120,
            ""description"": ""ONLY the verdict, e.g. \""Out of tolerance\"" or \""Within spec\"". No restatement of the numbers.""
          }
        }
      }
    },
    {
      ""key"": ""problem.gaps"",
      ""label"": ""Missing facts"",
      ""widget"": ""warning-list"",
      ""dataType"": ""array"",
      ""colSpan"": 12,
      ""constraints"": {},
      ""items"": {
        ""type"": ""string""
      }
    },
    {
      ""key"": ""sources"",
      ""label"": ""Evidence and traceability"",
      ""widget"": ""evidence-list"",
      ""dataType"": ""array"",
      ""colSpan"": 12,
      ""constraints"": {},
      ""items"": {
        ""type"": ""string""
      }
    }
  ],
  ""groups"": [
    {
      ""id"": ""d2-ai-result"",
      ""label"": ""AI-generated problem description"",
      ""fieldKeys"": [
        ""problem.complaintReference"",
        ""problem.statement"",
        ""problem.what"",
        ""problem.where"",
        ""problem.when"",
        ""problem.who"",
        ""problem.how"",
        ""problem.extent"",
        ""problem.is"",
        ""problem.isNot"",
        ""problem.isIsNotStatus"",
        ""problem.isIsNotBasis""
      ],
      ""width"": ""100"",
      ""columns"": 12,
      ""order"": 10
    }
  ]
}";;;"1";"Approved";"AI Lead / Quality Manager";"2026-09-22 14:25:18";;;"Completed"
"19adef2e-cec5-4a29-a5f6-7fc11c7819f3";"2026-09-21T16:08:26.232Z";"anonymous";"2026-09-21T16:08:26.232Z";"anonymous";"81f15273-73bd-4daf-803b-2ec3ed1ccc44";"D3";"3";"D3 — Containment Actions";"Containment actions established.";"Containment actions established.";;;;;"{""containment"":{""actions"":[{""lineNo"":1,""actionType"":""Containment"",""actionText"":""Quarantine 120 sleeves at customer plant and sort finished inventory with air-gage OD micrometer"",""status"":""Done""}]}}";"{
  ""fields"": [
    {
      ""key"": ""containment.actions"",
      ""label"": ""Containment actions"",
      ""widget"": ""action-cards"",
      ""dataType"": ""array"",
      ""colSpan"": 12,
      ""constraints"": {
        ""required"": true,
        ""minItems"": 1
      },
      ""items"": {
        ""type"": ""object"",
        ""properties"": {
          ""action"": {
            ""type"": ""string"",
            ""description"": ""Short concise action description without boilerplate prefix. Start with the imperative verb naming the PRIMARY work, e.g. \""Quarantine 85 housings at the outgoing dock\"".""
          },
          ""owner"": {
            ""type"": ""string"",
            ""maxLength"": 120,
            ""description"": ""The team member from D1 (team.roster or team.leader/members) assigned to this containment action, selected by matching their role/responsibility to the work required. E.g. \""Karl Wagner\"" or \""DungTruonghyhy\"".""
          },
          ""status"": {
            ""type"": ""string"",
            ""enum"": [
              ""Planned"",
              ""In Process"",
              ""Done"",
              ""Verified""
            ]
          }
        }
      }
    },
    {
      ""key"": ""containment.gaps"",
      ""label"": ""Open containment gaps"",
      ""widget"": ""warning-list"",
      ""dataType"": ""array"",
      ""colSpan"": 12,
      ""constraints"": {},
      ""items"": {
        ""type"": ""string""
      }
    },
    {
      ""key"": ""sources"",
      ""label"": ""Evidence and traceability"",
      ""widget"": ""evidence-list"",
      ""dataType"": ""array"",
      ""colSpan"": 12,
      ""constraints"": {},
      ""items"": {
        ""type"": ""string""
      }
    }
  ],
  ""groups"": [
    {
      ""id"": ""d3-ai-result"",
      ""label"": ""Containment plan"",
      ""fieldKeys"": [
        ""containment.actions"",
        ""containment.gaps"",
        ""sources""
      ],
      ""width"": ""100"",
      ""columns"": 12,
      ""order"": 10
    }
  ]
}";;;"1";"Approved";"AI Lead / Quality Manager";"2026-09-22 14:25:18";;;"Completed"
"51bdaba3-17c4-416a-8326-ae74632d1729";"2026-09-21T16:08:26.232Z";"anonymous";"2026-09-21T16:08:26.232Z";"anonymous";"81f15273-73bd-4daf-803b-2ec3ed1ccc44";"D4";"4";"D4 — Root Cause Analysis";"Root cause identified as Measurement.";"Root cause identified as Measurement.";;;;;"{""rootCause"":{""category"":""Measurement"",""whyChain"":[],""ishikawa"":[{""category"":""Man"",""description"":""EMP-3310, Shift A - lathe operator executed tool wear offset per daily log sheet"",""metricValue"":null,""isRootCause"":false,""source"":""ASSUMED: MES/HR""},{""category"":""Machine"",""description"":""EQ-LATHE02-003 chiller unit thermostat stuck closed, allowing coolant temperature to climb from 22C to 38.5C during afternoon continuous run"",""metricValue"":""38.5C vs 22C setpoint"",""isRootCause"":false,""source"":""SAP: EQUI/AFIH (PM)""},{""category"":""Method"",""description"":""DOC-9104 Rev B - CNC in-process touch probing performed without thermal compensation offset algorithm"",""metricValue"":null,""isRootCause"":false,""source"":""SAP: DRAW/PLPO (DMS+Routing)""},{""category"":""Material"",""description"":""Alloy steel 42CrMo4 raw bar batch B-50388 dimensional runout and hardness 280 HBW verified compliant"",""metricValue"":""280 HBW"",""isRootCause"":false,""source"":""SAP: QALS/QAMR (incoming)""},{""category"":""Measurement"",""description"":""CNC in-process optical touch probe GA-0450 calibrated at 20C; thermal expansion of stylus shank at 38.5C coolant caused false in-cycle offset calculation of +18um"",""metricValue"":""Delta +18um thermal error"",""isRootCause"":true,""source"":""SAP: Test Equipment Mgmt""},{""category"":""Environment"",""description"":""Shop floor temperature controlled at 23.0C +/- 1.5C"",""metricValue"":""23.0C"",""isRootCause"":false,""source"":""ASSUMED: MES/IoT""}]}}";"{
  ""fields"": [
    {
      ""key"": ""rootCause.statement"",
      ""label"": ""Root cause"",
      ""widget"": ""ai-draft"",
      ""dataType"": ""string"",
      ""colSpan"": 12,
      ""constraints"": {
        ""required"": true,
        ""minLength"": 10,
        ""maxLength"": 320
      }
    },
    {
      ""key"": ""rootCause.ishikawaBoard"",
      ""label"": ""Ishikawa"",
      ""widget"": ""ishikawa-grid"",
      ""dataType"": ""array"",
      ""colSpan"": 12,
      ""constraints"": {
        ""required"": true,
        ""minItems"": 6
      },
      ""description"": ""Always one row per 6M category with a concise 1-sentence verdict. Copy a recorded assessment verbatim with source=recorded; for a category with no recorded entry propose a brief verdict from evidence with source=proposed, or write \""not assessed\"". Never write audit plans or long essays in cells."",
      ""items"": {
        ""type"": ""object"",
        ""properties"": {
          ""category"": {
            ""type"": ""string"",
            ""enum"": [
              ""Man"",
              ""Machine"",
              ""Method"",
              ""Material"",
              ""Measurement"",
              ""Environment""
            ]
          },
          ""finding"": {
            ""type"": ""string"",
            ""maxLength"": 220,
            ""description"": ""The concise VERDICT for this branch, e.g. clamp pad worn 0.2 mm, or gauge R&R 8%, or not assessed. Never a list of evidence to gather - that goes in evidenceGaps once. Never the category name.""
          },
          ""isRootCause"": {
            ""type"": ""boolean"",
            ""description"": ""True for at most ONE branch in the whole board.""
          },
          ""source"": {
            ""type"": ""string"",
            ""enum"": [
              ""recorded"",
              ""proposed""
            ]
          }
        },
        ""required"": [
          ""category"",
          ""finding"",
          ""isRootCause"",
          ""source""
        ]
      }
    },
    {
      ""key"": ""rootCause.fiveWhy"",
      ""label"": ""5-Why chain"",
      ""widget"": ""why-chain"",
      ""dataType"": ""array"",
      ""colSpan"": 12,
      ""constraints"": {
        ""required"": true,
        ""minItems"": 1
      },
      ""items"": {
        ""type"": ""object"",
        ""properties"": {
          ""step"": {
            ""type"": ""integer"",
            ""description"": ""Position in the chain, starting at 1.""
          },
          ""why"": {
            ""type"": ""string"",
            ""maxLength"": 140,
            ""description"": ""The question only, ending in a question mark. Keep it short and crisp.""
          },
          ""answer"": {
            ""type"": ""string"",
            ""maxLength"": 200,
            ""description"": ""The answer only: 1 concise direct sentence naming the cause. Never repeat the question, never list audit procedures or evidence still to be gathered.""
          },
          ""evidence"": {
            ""type"": ""string"",
            ""maxLength"": 200,
            ""description"": ""The CaseContext path or measurement backing the answer. Concise citation only.""
          }
        },
        ""required"": [
          ""step"",
          ""why"",
          ""answer"",
          ""evidence""
        ]
      }
    },
    {
      ""key"": ""rootCause.evidenceGaps"",
      ""label"": ""Evidence gaps"",
      ""widget"": ""warning-list"",
      ""dataType"": ""array"",
      ""colSpan"": 12,
      ""constraints"": {},
      ""items"": {
        ""type"": ""string""
      }
    },
    {
      ""key"": ""sources"",
      ""label"": ""Evidence and traceability"",
      ""widget"": ""evidence-list"",
      ""dataType"": ""array"",
      ""colSpan"": 12,
      ""constraints"": {},
      ""items"": {
        ""type"": ""string""
      }
    }
  ],
  ""groups"": [
    {
      ""id"": ""d4-ai-result"",
      ""label"": ""Root cause analysis"",
      ""fieldKeys"": [
        ""rootCause.statement"",
        ""rootCause.ishikawaBoard"",
        ""rootCause.fiveWhy"",
        ""rootCause.evidenceGaps"",
        ""sources""
      ],
      ""width"": ""100"",
      ""columns"": 12,
      ""order"": 10
    }
  ]
}";;;"1";"Approved";"AI Lead / Quality Manager";"2026-09-22 14:25:18";;;"Completed"
"49462dc0-c41e-481b-bdee-2d11e19af29a";"2026-09-21T16:08:26.232Z";"anonymous";"2026-09-21T16:08:26.232Z";"anonymous";"81f15273-73bd-4daf-803b-2ec3ed1ccc44";"D5";"5";"D5 — Corrective Actions";"Permanent corrective actions defined.";"Permanent corrective actions defined.";;;;;"{""corrective"":{""actions"":[{""lineNo"":2,""actionType"":""Corrective"",""actionText"":""Replace faulty coolant chiller thermostat on WC-LATHE-02 and integrate thermal probe compensation macro in CNC program"",""status"":""Verified""}]}}";"{
  ""fields"": [
    {
      ""key"": ""corrective.actions"",
      ""label"": ""Permanent corrective actions"",
      ""widget"": ""action-cards"",
      ""dataType"": ""array"",
      ""colSpan"": 12,
      ""constraints"": {
        ""required"": true,
        ""minItems"": 1
      },
      ""items"": {
        ""type"": ""object"",
        ""properties"": {
          ""action"": {
            ""type"": ""string"",
            ""maxLength"": 240,
            ""description"": ""The action and its trigger, starting with the imperative verb that names the PRIMARY work. No owner, no status, no rationale - those are separate fields.""
          },
          ""owner"": {
            ""type"": ""string"",
            ""maxLength"": 120,
            ""description"": ""The team member from D1 (team.roster or team.leader/members) assigned to this corrective action, selected by matching their role/responsibility to the root cause fix. E.g. \""Karl Wagner\"" or \""Minh Dinh\"".""
          },
          ""status"": {
            ""type"": ""string"",
            ""maxLength"": 40,
            ""description"": ""ONLY the current status, one or two words, e.g. \""Planned\"", \""In progress\"", \""Done\"".""
          },
          ""origin"": {
            ""type"": ""string"",
            ""maxLength"": 60,
            ""description"": ""ONLY where it came from: \""recorded\"" for an action already in the case, or \""precedents#N\"" for a proposal.""
          },
          ""protection"": {
            ""type"": ""string"",
            ""maxLength"": 200,
            ""description"": ""One line.""
          }
        }
      }
    },
    {
      ""key"": ""sources"",
      ""label"": ""Evidence and traceability"",
      ""widget"": ""evidence-list"",
      ""dataType"": ""array"",
      ""colSpan"": 12,
      ""constraints"": {},
      ""items"": {
        ""type"": ""string""
      }
    }
  ],
  ""groups"": [
    {
      ""id"": ""d5-ai-result"",
      ""label"": ""AI-generated corrective plan"",
      ""fieldKeys"": [
        ""corrective.actions""
      ],
      ""width"": ""100"",
      ""columns"": 12,
      ""order"": 10
    }
  ]
}";;;"1";"Approved";"AI Lead / Quality Manager";"2026-09-22 14:25:18";;;"Completed"
"2f04e1dc-01a4-4501-b98c-423f2bc16e6a";"2026-09-21T16:08:26.232Z";"anonymous";"2026-09-21T16:08:26.232Z";"anonymous";"81f15273-73bd-4daf-803b-2ec3ed1ccc44";"D6";"6";"D6 — Verification of Effectiveness";"Verification plan executed.";"Verification plan executed.";;;;;"{""verification"":{""status"":""Verified"",""notes"":""Corrective actions verified on line.""}}";"{
  ""fields"": [
    {
      ""key"": ""verification.objective"",
      ""label"": ""Verification objective"",
      ""widget"": ""callout"",
      ""dataType"": ""string"",
      ""colSpan"": 12,
      ""constraints"": {
        ""required"": true,
        ""maxLength"": 260
      }
    },
    {
      ""key"": ""verification.plan"",
      ""label"": ""Verification plan"",
      ""widget"": ""table"",
      ""dataType"": ""array"",
      ""colSpan"": 12,
      ""constraints"": {
        ""required"": true,
        ""minItems"": 1
      },
      ""items"": {
        ""type"": ""object"",
        ""properties"": {
          ""measure"": {
            ""type"": ""string"",
            ""maxLength"": 200,
            ""description"": ""One line.""
          },
          ""sampleSize"": {
            ""type"": ""string"",
            ""maxLength"": 80,
            ""description"": ""ONLY the sample size, e.g. \""30 parts per shift\"".""
          },
          ""period"": {
            ""type"": ""string"",
            ""maxLength"": 60,
            ""description"": ""ONLY the period over which it runs, e.g. \""4 weeks\"".""
          },
          ""acceptanceCriterion"": {
            ""type"": ""string"",
            ""maxLength"": 220,
            ""description"": ""The pass/fail threshold with its number, anchored to a real specification value.""
          },
          ""signOff"": {
            ""type"": ""string"",
            ""maxLength"": 120,
            ""description"": ""ONLY the role that signs it off.""
          }
        }
      }
    },
    {
      ""key"": ""verification.evidenceStatus"",
      ""label"": ""Evidence status"",
      ""widget"": ""status"",
      ""dataType"": ""string"",
      ""colSpan"": 4,
      ""constraints"": {
        ""required"": true,
        ""enum"": [
          ""No evidence yet"",
          ""Partially verified"",
          ""Verified""
        ]
      }
    },
    {
      ""key"": ""sources"",
      ""label"": ""Evidence and traceability"",
      ""widget"": ""evidence-list"",
      ""dataType"": ""array"",
      ""colSpan"": 12,
      ""constraints"": {},
      ""items"": {
        ""type"": ""string""
      }
    }
  ],
  ""groups"": [
    {
      ""id"": ""d6-ai-result"",
      ""label"": ""AI-generated verification plan"",
      ""fieldKeys"": [
        ""verification.objective"",
        ""verification.plan""
      ],
      ""width"": ""100"",
      ""columns"": 12,
      ""order"": 10
    }
  ]
}";;;"1";"Approved";"AI Lead / Quality Manager";"2026-09-22 14:25:18";;;"Completed"
"0798036a-25e1-4ba3-b68a-8f2fb49466a9";"2026-09-21T16:08:26.232Z";"anonymous";"2026-09-21T16:08:26.232Z";"anonymous";"81f15273-73bd-4daf-803b-2ec3ed1ccc44";"D7";"7";"D7 — Preventive Actions";"Preventive measures implemented.";"Preventive measures implemented.";;;;;"{""preventive"":{""actions"":[{""lineNo"":3,""actionType"":""Preventive"",""actionText"":""Install automated coolant temperature interlock to halt machining if coolant exceeds 25C across all CNC lathe cells"",""status"":""Verified in production""}]}}";"{
  ""fields"": [
    {
      ""key"": ""preventive.actions"",
      ""label"": ""Preventive actions"",
      ""widget"": ""action-cards"",
      ""dataType"": ""array"",
      ""colSpan"": 12,
      ""constraints"": {
        ""required"": true,
        ""minItems"": 1
      },
      ""items"": {
        ""type"": ""object"",
        ""properties"": {
          ""action"": {
            ""type"": ""string"",
            ""maxLength"": 240,
            ""description"": ""The action and its trigger, starting with the imperative verb that names the PRIMARY work. No owner, no status, no rationale - those are separate fields.""
          },
          ""owner"": {
            ""type"": ""string"",
            ""maxLength"": 120,
            ""description"": ""The team member from D1 (team.roster or team.leader/members) assigned to this preventive action, selected by matching their role/responsibility to the systemic/FMEA fix. E.g. \""Minh Dinh\"" or \""DungTruonghyhy\"".""
          },
          ""status"": {
            ""type"": ""string"",
            ""maxLength"": 40,
            ""description"": ""ONLY the current status, one or two words, e.g. \""Planned\"", \""In progress\"", \""Done\"".""
          },
          ""origin"": {
            ""type"": ""string"",
            ""maxLength"": 60,
            ""description"": ""ONLY where it came from: \""recorded\"" for an action already in the case, or \""precedents#N\"" for a proposal.""
          },
          ""protection"": {
            ""type"": ""string"",
            ""maxLength"": 200,
            ""description"": ""One line.""
          }
        }
      }
    },
    {
      ""key"": ""preventive.fmea"",
      ""label"": ""FMEA entry to update"",
      ""widget"": ""fmea-link"",
      ""dataType"": ""object"",
      ""colSpan"": 12,
      ""constraints"": {},
      ""properties"": {
        ""fmeaId"": {
          ""type"": ""string""
        },
        ""description"": {
          ""type"": ""string""
        },
        ""change"": {
          ""type"": ""string""
        },
        ""currentRating"": {
          ""type"": ""string""
        },
        ""proposedRating"": {
          ""type"": ""string""
        }
      }
    },
    {
      ""key"": ""sources"",
      ""label"": ""Evidence and traceability"",
      ""widget"": ""evidence-list"",
      ""dataType"": ""array"",
      ""colSpan"": 12,
      ""constraints"": {},
      ""items"": {
        ""type"": ""string""
      }
    }
  ],
  ""groups"": [
    {
      ""id"": ""d7-ai-result"",
      ""label"": ""AI-generated preventive plan"",
      ""fieldKeys"": [
        ""preventive.actions"",
        ""preventive.fmea""
      ],
      ""width"": ""100"",
      ""columns"": 12,
      ""order"": 10
    }
  ]
}";;;"1";"Approved";"AI Lead / Quality Manager";"2026-09-22 14:25:18";;;"Completed"
"5453ce64-2f8b-454f-ae01-e2db58802637";"2026-09-21T16:08:26.232Z";"anonymous";"2026-09-21T16:08:26.232Z";"anonymous";"81f15273-73bd-4daf-803b-2ec3ed1ccc44";"D8";"8";"D8 — Closure & Team Recognition";"8D report closed.";"8D report closed.";;;;;"{""closure"":{""gate"":{""status"":""Closed"",""readyForClosure"":true}}}";"{
  ""fields"": [
    {
      ""key"": ""closure.gate"",
      ""label"": ""Closure readiness"",
      ""widget"": ""closure-gate"",
      ""dataType"": ""object"",
      ""colSpan"": 12,
      ""constraints"": {},
      ""xSource"": ""manual_input"",
      ""description"": ""Computed from the review status of D1-D7. The AI never writes this."",
      ""properties"": {}
    },
    {
      ""key"": ""closure.costOfPoorQuality"",
      ""label"": ""Cost of poor quality"",
      ""widget"": ""text"",
      ""dataType"": ""string"",
      ""colSpan"": 4,
      ""constraints"": {},
      ""xSource"": ""sap_qm"",
      ""description"": ""Read from the case. The AI never writes this.""
    },
    {
      ""key"": ""closure.lessonsWhatWorked"",
      ""label"": ""What worked"",
      ""widget"": ""markdown"",
      ""dataType"": ""string"",
      ""colSpan"": 6,
      ""constraints"": {
        ""required"": true,
        ""minLength"": 20
      }
    },
    {
      ""key"": ""closure.lessonsWhatDidNot"",
      ""label"": ""What did not"",
      ""widget"": ""markdown"",
      ""dataType"": ""string"",
      ""colSpan"": 6,
      ""constraints"": {
        ""required"": true,
        ""minLength"": 20
      }
    },
    {
      ""key"": ""closure.teamRecognition"",
      ""label"": ""Team recognition"",
      ""widget"": ""markdown"",
      ""dataType"": ""string"",
      ""colSpan"": 12,
      ""constraints"": {}
    },
    {
      ""key"": ""closure.openItems"",
      ""label"": ""Still open at closure"",
      ""widget"": ""warning-list"",
      ""dataType"": ""array"",
      ""colSpan"": 12,
      ""constraints"": {},
      ""items"": {
        ""type"": ""string""
      }
    },
    {
      ""key"": ""sources"",
      ""label"": ""Evidence and traceability"",
      ""widget"": ""evidence-list"",
      ""dataType"": ""array"",
      ""colSpan"": 12,
      ""constraints"": {},
      ""items"": {
        ""type"": ""string""
      }
    }
  ],
  ""groups"": [
    {
      ""id"": ""d8-ai-result"",
      ""label"": ""AI-generated closure summary"",
      ""fieldKeys"": [
        ""closure.gate"",
        ""closure.costOfPoorQuality"",
        ""closure.lessonsWhatWorked"",
        ""closure.lessonsWhatDidNot"",
        ""closure.teamRecognition""
      ],
      ""width"": ""100"",
      ""columns"": 12,
      ""order"": 10
    }
  ]
}";;;"1";"Approved";"AI Lead / Quality Manager";"2026-09-22 14:25:18";;;"Completed"
"5c048f76-8817-4068-9735-598b8de7b33b";"2026-09-21T16:08:26.235Z";"anonymous";"2026-09-21T16:08:26.235Z";"anonymous";"ea66753f-dd1c-4b02-bab8-0e9adb66387a";"D1";"1";"D1 — Team Roster";"Formed cross-functional 8D team.";"Formed cross-functional 8D team.";;;;;"{""team"":{""roster"":[{""name"":""Klaus Richter"",""organizationalRole"":""Tooling Maintenance Specialist"",""assigned8DRole"":""8D Team Member"",""caseResponsibility"":""Tooling Maintenance Specialist""},{""name"":""Quyen La"",""organizationalRole"":""Quality Technician"",""assigned8DRole"":""8D Team Member"",""caseResponsibility"":""Quality Technician""}],""assignedRoster"":[{""partnerId"":""100001"",""partnerRole"":""8D Team Leader""},{""partnerId"":""100088"",""partnerRole"":""8D Team Member""},{""partnerId"":""100011"",""partnerRole"":""8D Team Member""}]}}";"{
  ""fields"": [
    {
      ""key"": ""team.objective"",
      ""label"": ""Team objective"",
      ""widget"": ""callout"",
      ""dataType"": ""string"",
      ""colSpan"": 12,
      ""constraints"": {
        ""required"": true,
        ""minLength"": 20,
        ""maxLength"": 260
      }
    },
    {
      ""key"": ""team.selectionMethod"",
      ""label"": ""Selection method"",
      ""widget"": ""status"",
      ""dataType"": ""string"",
      ""colSpan"": 4,
      ""constraints"": {
        ""required"": true,
        ""enum"": [
          ""Current case team"",
          ""Precedent recommendation"",
          ""Hybrid"",
          ""Roles only - assignment required""
        ]
      }
    },
    {
      ""key"": ""team.problemCapabilities"",
      ""label"": ""Capabilities required by this problem"",
      ""widget"": ""tag-selector"",
      ""dataType"": ""array"",
      ""colSpan"": 8,
      ""constraints"": {
        ""required"": true,
        ""minItems"": 1
      },
      ""items"": {
        ""type"": ""string""
      }
    },
    {
      ""key"": ""team.selectionRationale"",
      ""label"": ""How the team was selected"",
      ""widget"": ""markdown"",
      ""dataType"": ""string"",
      ""colSpan"": 12,
      ""constraints"": {
        ""required"": true,
        ""minLength"": 60,
        ""maxLength"": 1600
      }
    },
    {
      ""key"": ""team.roster"",
      ""label"": ""AI suggest"",
      ""widget"": ""ai-suggest"",
      ""dataType"": ""array"",
      ""colSpan"": 12,
      ""constraints"": {
        ""required"": true,
        ""minItems"": 1
      },
      ""items"": {
        ""type"": ""object"",
        ""properties"": {
          ""name"": {
            ""type"": ""string"",
            ""maxLength"": 120,
            ""description"": ""ONLY the person name, or \""Unassigned\"". No role, no reasoning.""
          },
          ""organizationalRole"": {
            ""type"": ""string"",
            ""maxLength"": 120,
            ""description"": ""ONLY their job title in the organisation, e.g. \""Quality Engineer\"".""
          },
          ""assigned8DRole"": {
            ""type"": ""string"",
            ""maxLength"": 60,
            ""description"": ""ONLY their role in THIS 8D, e.g. \""Team Leader\"" or \""Team Member\"".""
          },
          ""caseResponsibility"": {
            ""type"": ""string"",
            ""maxLength"": 200,
            ""description"": ""What this person is accountable for here. Never a job title.""
          },
          ""selectionReason"": {
            ""type"": ""string"",
            ""maxLength"": 220,
            ""description"": ""Why this person, in one line. Do not repeat the name or the role.""
          },
          ""servedOnCount"": {
            ""type"": ""integer"",
            ""description"": ""How many qualifying precedent cases this person served on. Rank the roster by this value, descending.""
          },
          ""sourceType"": {
            ""type"": ""string"",
            ""enum"": [
              ""current_case"",
              ""precedent"",
              ""unassigned""
            ]
          },
          ""sourcePath"": {
            ""type"": ""string"",
            ""maxLength"": 80,
            ""description"": ""ONLY the resolvable path: team.leader, team.members#N, precedents#N.team#M, or team.gaps.""
          },
          ""sourceCase"": {
            ""type"": ""string"",
            ""maxLength"": 60,
            ""description"": ""ONLY the precedent notification id, when the person came from a precedent.""
          }
        },
        ""required"": [
          ""name"",
          ""organizationalRole"",
          ""assigned8DRole"",
          ""caseResponsibility"",
          ""selectionReason"",
          ""sourceType"",
          ""sourcePath""
        ]
      }
    },
    {
      ""key"": ""team.assignedRoster"",
      ""label"": ""Decision table"",
      ""widget"": ""decision-table"",
      ""dataType"": ""array"",
      ""colSpan"": 12,
      ""constraints"": {},
      ""xSource"": ""manual_input"",
      ""description"": ""Filled in by the quality engineer on the report screen. The AI never writes this."",
      ""items"": {
        ""type"": ""object"",
        ""properties"": {
          ""partnerId"": {
            ""type"": ""string""
          },
          ""partnerName"": {
            ""type"": ""string""
          },
          ""functionTitle"": {
            ""type"": ""string""
          },
          ""partnerRole"": {
            ""type"": ""string"",
            ""enum"": [
              ""8D Team Leader"",
              ""8D Team Member""
            ]
          }
        }
      }
    },
    {
      ""key"": ""team.readinessStatus"",
      ""label"": ""Team readiness"",
      ""widget"": ""status"",
      ""dataType"": ""string"",
      ""colSpan"": 3,
      ""constraints"": {
        ""required"": true,
        ""enum"": [
          ""Ready"",
          ""Partial"",
          ""Needs assignment""
        ]
      }
    },
    {
      ""key"": ""team.readinessRationale"",
      ""label"": ""Readiness assessment"",
      ""widget"": ""markdown"",
      ""dataType"": ""string"",
      ""colSpan"": 9,
      ""constraints"": {
        ""required"": true,
        ""minLength"": 30,
        ""maxLength"": 500
      }
    },
    {
      ""key"": ""team.uncoveredCapabilities"",
      ""label"": ""Uncovered capabilities"",
      ""widget"": ""warning-list"",
      ""dataType"": ""array"",
      ""colSpan"": 6,
      ""constraints"": {},
      ""items"": {
        ""type"": ""string""
      }
    },
    {
      ""key"": ""team.sourceSummary"",
      ""label"": ""Where the team recommendation came from"",
      ""widget"": ""markdown"",
      ""dataType"": ""string"",
      ""colSpan"": 6,
      ""constraints"": {
        ""required"": true,
        ""minLength"": 30,
        ""maxLength"": 500
      }
    },
    {
      ""key"": ""team.suggestionStatus"",
      ""label"": ""Suggestion status"",
      ""widget"": ""callout"",
      ""dataType"": ""string"",
      ""colSpan"": 12,
      ""constraints"": {}
    },
    {
      ""key"": ""sources"",
      ""label"": ""Source records"",
      ""widget"": ""evidence-list"",
      ""dataType"": ""array"",
      ""colSpan"": 12,
      ""constraints"": {
        ""pattern"": ""^(team\\.|precedents#)""
      },
      ""items"": {
        ""type"": ""string""
      }
    }
  ],
  ""groups"": [
    {
      ""id"": ""d1-decision-table"",
      ""label"": ""Decision Table"",
      ""fieldKeys"": [
        ""team.assignedRoster"",
        ""team.suggestionStatus""
      ],
      ""width"": ""100"",
      ""columns"": 12,
      ""order"": 10
    }
  ]
}";;;"1";"Approved";"AI Lead / Quality Manager";"2026-09-22 14:25:18";;;"Completed"
"849ad60f-13ee-4aa8-9a7b-6f75d3c60933";"2026-09-21T16:08:26.235Z";"anonymous";"2026-09-21T16:08:26.235Z";"anonymous";"ea66753f-dd1c-4b02-bab8-0e9adb66387a";"D2";"2";"D2 — Problem Description";"Burr height 0.22mm exceeding max 0.08mm limit on progressive die station 4";"Burr height 0.22mm exceeding max 0.08mm limit on progressive die station 4";;;;;"{""problem"":{""statement"":""Burr height 0.22mm exceeding max 0.08mm limit on progressive die station 4"",""isIsNot"":{""is"":""Stamping Bracket SB-12 station 4 blanking on WC-PRESS-04 after 240,000 cumulative strokes"",""isNot"":""Brackets run on recently refurbished die DIE-250-02 with fresh guide bushings"",""notes"":""Burr concentrated exclusively on right-side contour where guide play caused punch offset""},""w2h"":{}}}";"{
  ""fields"": [
    {
      ""key"": ""problem.complaintReference"",
      ""label"": ""Complaint reference"",
      ""widget"": ""complaint-reference"",
      ""dataType"": ""string"",
      ""colSpan"": 12,
      ""constraints"": {},
      ""xSource"": ""sap_qm"",
      ""description"": ""Read from the SAP QM customer reference on the case. The AI never writes this.""
    },
    {
      ""key"": ""problem.statement"",
      ""label"": ""Problem statement"",
      ""widget"": ""problem-statement"",
      ""dataType"": ""string"",
      ""colSpan"": 12,
      ""constraints"": {
        ""required"": true,
        ""minLength"": 30,
        ""maxLength"": 600
      }
    },
    {
      ""key"": ""problem.statementOverride"",
      ""label"": ""Problem statement (edited)"",
      ""widget"": ""text"",
      ""dataType"": ""string"",
      ""colSpan"": 12,
      ""constraints"": {},
      ""xSource"": ""manual_input"",
      ""description"": ""Edited by the quality engineer on the report screen. The AI never writes this.""
    },
    {
      ""key"": ""problem.what"",
      ""label"": ""What"",
      ""widget"": ""w2h-cell"",
      ""dataType"": ""string"",
      ""colSpan"": 4,
      ""constraints"": {
        ""required"": true
      }
    },
    {
      ""key"": ""problem.where"",
      ""label"": ""Where"",
      ""widget"": ""w2h-cell"",
      ""dataType"": ""string"",
      ""colSpan"": 4,
      ""constraints"": {
        ""required"": true
      }
    },
    {
      ""key"": ""problem.when"",
      ""label"": ""When"",
      ""widget"": ""w2h-cell"",
      ""dataType"": ""string"",
      ""colSpan"": 4,
      ""constraints"": {}
    },
    {
      ""key"": ""problem.who"",
      ""label"": ""Who"",
      ""widget"": ""w2h-cell"",
      ""dataType"": ""string"",
      ""colSpan"": 4,
      ""constraints"": {}
    },
    {
      ""key"": ""problem.how"",
      ""label"": ""How"",
      ""widget"": ""w2h-cell"",
      ""dataType"": ""string"",
      ""colSpan"": 4,
      ""constraints"": {}
    },
    {
      ""key"": ""problem.extent"",
      ""label"": ""How Many"",
      ""widget"": ""w2h-cell"",
      ""dataType"": ""string"",
      ""colSpan"": 4,
      ""constraints"": {
        ""required"": true
      }
    },
    {
      ""key"": ""problem.impact"",
      ""label"": ""Business / customer impact"",
      ""widget"": ""text"",
      ""dataType"": ""string"",
      ""colSpan"": 12,
      ""constraints"": {}
    },
    {
      ""key"": ""problem.is"",
      ""label"": ""Is"",
      ""widget"": ""is-box"",
      ""dataType"": ""array"",
      ""colSpan"": 6,
      ""constraints"": {},
      ""items"": {
        ""type"": ""string""
      }
    },
    {
      ""key"": ""problem.isNot"",
      ""label"": ""Is not"",
      ""widget"": ""isnot-box"",
      ""dataType"": ""array"",
      ""colSpan"": 6,
      ""constraints"": {},
      ""items"": {
        ""type"": ""string""
      }
    },
    {
      ""key"": ""problem.isIsNotStatus"",
      ""label"": ""Is / Is-Not status"",
      ""widget"": ""callout"",
      ""dataType"": ""string"",
      ""colSpan"": 12,
      ""constraints"": {}
    },
    {
      ""key"": ""problem.isIsNotBasis"",
      ""label"": ""Is / Is-Not basis"",
      ""widget"": ""markdown"",
      ""dataType"": ""string"",
      ""colSpan"": 12,
      ""constraints"": {}
    },
    {
      ""key"": ""problem.measuredEvidence"",
      ""label"": ""Measured evidence"",
      ""widget"": ""table"",
      ""dataType"": ""array"",
      ""colSpan"": 12,
      ""constraints"": {},
      ""items"": {
        ""type"": ""object"",
        ""properties"": {
          ""characteristic"": {
            ""type"": ""string"",
            ""maxLength"": 120,
            ""description"": ""ONLY the characteristic name, e.g. \""Burr height\"". No value, no verdict.""
          },
          ""measured"": {
            ""type"": ""string"",
            ""maxLength"": 60,
            ""description"": ""ONLY the measured value with its unit, e.g. \""0.32 mm\"".""
          },
          ""specification"": {
            ""type"": ""string"",
            ""maxLength"": 60,
            ""description"": ""ONLY the specification limit with its unit, e.g. \""max 0.10 mm\"".""
          },
          ""assessment"": {
            ""type"": ""string"",
            ""maxLength"": 120,
            ""description"": ""ONLY the verdict, e.g. \""Out of tolerance\"" or \""Within spec\"". No restatement of the numbers.""
          }
        }
      }
    },
    {
      ""key"": ""problem.gaps"",
      ""label"": ""Missing facts"",
      ""widget"": ""warning-list"",
      ""dataType"": ""array"",
      ""colSpan"": 12,
      ""constraints"": {},
      ""items"": {
        ""type"": ""string""
      }
    },
    {
      ""key"": ""sources"",
      ""label"": ""Evidence and traceability"",
      ""widget"": ""evidence-list"",
      ""dataType"": ""array"",
      ""colSpan"": 12,
      ""constraints"": {},
      ""items"": {
        ""type"": ""string""
      }
    }
  ],
  ""groups"": [
    {
      ""id"": ""d2-ai-result"",
      ""label"": ""AI-generated problem description"",
      ""fieldKeys"": [
        ""problem.complaintReference"",
        ""problem.statement"",
        ""problem.what"",
        ""problem.where"",
        ""problem.when"",
        ""problem.who"",
        ""problem.how"",
        ""problem.extent"",
        ""problem.is"",
        ""problem.isNot"",
        ""problem.isIsNotStatus"",
        ""problem.isIsNotBasis""
      ],
      ""width"": ""100"",
      ""columns"": 12,
      ""order"": 10
    }
  ]
}";;;"1";"Approved";"AI Lead / Quality Manager";"2026-09-22 14:25:18";;;"Completed"
"73a4d0f4-e9cf-4a43-84c3-287defbc8d13";"2026-09-21T16:08:26.235Z";"anonymous";"2026-09-21T16:08:26.235Z";"anonymous";"ea66753f-dd1c-4b02-bab8-0e9adb66387a";"D3";"3";"D3 — Containment Actions";"Containment actions established.";"Containment actions established.";;;;;"{""containment"":{""actions"":[{""lineNo"":1,""actionType"":""Containment"",""actionText"":""Quarantine 340 stamped brackets and run secondary deburring on vibratory tumbling line"",""status"":""Done""}]}}";"{
  ""fields"": [
    {
      ""key"": ""containment.actions"",
      ""label"": ""Containment actions"",
      ""widget"": ""action-cards"",
      ""dataType"": ""array"",
      ""colSpan"": 12,
      ""constraints"": {
        ""required"": true,
        ""minItems"": 1
      },
      ""items"": {
        ""type"": ""object"",
        ""properties"": {
          ""action"": {
            ""type"": ""string"",
            ""description"": ""Short concise action description without boilerplate prefix. Start with the imperative verb naming the PRIMARY work, e.g. \""Quarantine 85 housings at the outgoing dock\"".""
          },
          ""owner"": {
            ""type"": ""string"",
            ""maxLength"": 120,
            ""description"": ""The team member from D1 (team.roster or team.leader/members) assigned to this containment action, selected by matching their role/responsibility to the work required. E.g. \""Karl Wagner\"" or \""DungTruonghyhy\"".""
          },
          ""status"": {
            ""type"": ""string"",
            ""enum"": [
              ""Planned"",
              ""In Process"",
              ""Done"",
              ""Verified""
            ]
          }
        }
      }
    },
    {
      ""key"": ""containment.gaps"",
      ""label"": ""Open containment gaps"",
      ""widget"": ""warning-list"",
      ""dataType"": ""array"",
      ""colSpan"": 12,
      ""constraints"": {},
      ""items"": {
        ""type"": ""string""
      }
    },
    {
      ""key"": ""sources"",
      ""label"": ""Evidence and traceability"",
      ""widget"": ""evidence-list"",
      ""dataType"": ""array"",
      ""colSpan"": 12,
      ""constraints"": {},
      ""items"": {
        ""type"": ""string""
      }
    }
  ],
  ""groups"": [
    {
      ""id"": ""d3-ai-result"",
      ""label"": ""Containment plan"",
      ""fieldKeys"": [
        ""containment.actions"",
        ""containment.gaps"",
        ""sources""
      ],
      ""width"": ""100"",
      ""columns"": 12,
      ""order"": 10
    }
  ]
}";;;"1";"Approved";"AI Lead / Quality Manager";"2026-09-22 14:25:18";;;"Completed"
"f75d725e-fc4a-4742-9e4a-67db6a95196a";"2026-09-21T16:08:26.235Z";"anonymous";"2026-09-21T16:08:26.235Z";"anonymous";"ea66753f-dd1c-4b02-bab8-0e9adb66387a";"D4";"4";"D4 — Root Cause Analysis";"Root cause identified as Machine.";"Root cause identified as Machine.";;;;;"{""rootCause"":{""category"":""Machine"",""whyChain"":[],""ishikawa"":[{""category"":""Man"",""description"":""EMP-5192, Shift C - die setter performed routine die install with torque wrench per checklist"",""metricValue"":null,""isRootCause"":false,""source"":""ASSUMED: MES/HR""},{""category"":""Machine"",""description"":""Progressive die tool DIE-250-04 guide post bronze bushings worn with 0.12mm radial play, causing cutting punch lateral shift and uneven cutting clearance of 0.28mm on right flank"",""metricValue"":""0.12mm guide play vs 0.02mm max"",""isRootCause"":true,""source"":""SAP: EQUI/AFIH (PM)""},{""category"":""Method"",""description"":""DOC-7721 Rev A - press stroke speed 65 spm within approved process envelope"",""metricValue"":""65 spm"",""isRootCause"":false,""source"":""SAP: DRAW/PLPO (DMS+Routing)""},{""category"":""Material"",""description"":""Cold-rolled sheet steel DC04 strip lot ST-8819 thickness 1.50mm and yield strength compliant"",""metricValue"":""1.50mm"",""isRootCause"":false,""source"":""SAP: QALS/QAMR (incoming)""},{""category"":""Measurement"",""description"":""Optical optical micrometer GA-0311 R&R 14%, calibration valid"",""metricValue"":null,""isRootCause"":false,""source"":""SAP: Test Equipment Mgmt""},{""category"":""Environment"",""description"":""Strip lubrication oil flow rate 12 ml/min evenly distributed"",""metricValue"":""12 ml/min"",""isRootCause"":false,""source"":""ASSUMED: MES/IoT""}]}}";"{
  ""fields"": [
    {
      ""key"": ""rootCause.statement"",
      ""label"": ""Root cause"",
      ""widget"": ""ai-draft"",
      ""dataType"": ""string"",
      ""colSpan"": 12,
      ""constraints"": {
        ""required"": true,
        ""minLength"": 10,
        ""maxLength"": 320
      }
    },
    {
      ""key"": ""rootCause.ishikawaBoard"",
      ""label"": ""Ishikawa"",
      ""widget"": ""ishikawa-grid"",
      ""dataType"": ""array"",
      ""colSpan"": 12,
      ""constraints"": {
        ""required"": true,
        ""minItems"": 6
      },
      ""description"": ""Always one row per 6M category with a concise 1-sentence verdict. Copy a recorded assessment verbatim with source=recorded; for a category with no recorded entry propose a brief verdict from evidence with source=proposed, or write \""not assessed\"". Never write audit plans or long essays in cells."",
      ""items"": {
        ""type"": ""object"",
        ""properties"": {
          ""category"": {
            ""type"": ""string"",
            ""enum"": [
              ""Man"",
              ""Machine"",
              ""Method"",
              ""Material"",
              ""Measurement"",
              ""Environment""
            ]
          },
          ""finding"": {
            ""type"": ""string"",
            ""maxLength"": 220,
            ""description"": ""The concise VERDICT for this branch, e.g. clamp pad worn 0.2 mm, or gauge R&R 8%, or not assessed. Never a list of evidence to gather - that goes in evidenceGaps once. Never the category name.""
          },
          ""isRootCause"": {
            ""type"": ""boolean"",
            ""description"": ""True for at most ONE branch in the whole board.""
          },
          ""source"": {
            ""type"": ""string"",
            ""enum"": [
              ""recorded"",
              ""proposed""
            ]
          }
        },
        ""required"": [
          ""category"",
          ""finding"",
          ""isRootCause"",
          ""source""
        ]
      }
    },
    {
      ""key"": ""rootCause.fiveWhy"",
      ""label"": ""5-Why chain"",
      ""widget"": ""why-chain"",
      ""dataType"": ""array"",
      ""colSpan"": 12,
      ""constraints"": {
        ""required"": true,
        ""minItems"": 1
      },
      ""items"": {
        ""type"": ""object"",
        ""properties"": {
          ""step"": {
            ""type"": ""integer"",
            ""description"": ""Position in the chain, starting at 1.""
          },
          ""why"": {
            ""type"": ""string"",
            ""maxLength"": 140,
            ""description"": ""The question only, ending in a question mark. Keep it short and crisp.""
          },
          ""answer"": {
            ""type"": ""string"",
            ""maxLength"": 200,
            ""description"": ""The answer only: 1 concise direct sentence naming the cause. Never repeat the question, never list audit procedures or evidence still to be gathered.""
          },
          ""evidence"": {
            ""type"": ""string"",
            ""maxLength"": 200,
            ""description"": ""The CaseContext path or measurement backing the answer. Concise citation only.""
          }
        },
        ""required"": [
          ""step"",
          ""why"",
          ""answer"",
          ""evidence""
        ]
      }
    },
    {
      ""key"": ""rootCause.evidenceGaps"",
      ""label"": ""Evidence gaps"",
      ""widget"": ""warning-list"",
      ""dataType"": ""array"",
      ""colSpan"": 12,
      ""constraints"": {},
      ""items"": {
        ""type"": ""string""
      }
    },
    {
      ""key"": ""sources"",
      ""label"": ""Evidence and traceability"",
      ""widget"": ""evidence-list"",
      ""dataType"": ""array"",
      ""colSpan"": 12,
      ""constraints"": {},
      ""items"": {
        ""type"": ""string""
      }
    }
  ],
  ""groups"": [
    {
      ""id"": ""d4-ai-result"",
      ""label"": ""Root cause analysis"",
      ""fieldKeys"": [
        ""rootCause.statement"",
        ""rootCause.ishikawaBoard"",
        ""rootCause.fiveWhy"",
        ""rootCause.evidenceGaps"",
        ""sources""
      ],
      ""width"": ""100"",
      ""columns"": 12,
      ""order"": 10
    }
  ]
}";;;"1";"Approved";"AI Lead / Quality Manager";"2026-09-22 14:25:18";;;"Completed"
"1a86e4f9-f2a6-49bd-8ac2-ed9636efe345";"2026-09-21T16:08:26.235Z";"anonymous";"2026-09-21T16:08:26.235Z";"anonymous";"ea66753f-dd1c-4b02-bab8-0e9adb66387a";"D5";"5";"D5 — Corrective Actions";"Permanent corrective actions defined.";"Permanent corrective actions defined.";;;;;"{""corrective"":{""actions"":[{""lineNo"":2,""actionType"":""Corrective"",""actionText"":""Rebuild DIE-250-04 guide pillar assembly with hardened ball-guide bushings and re-align cutting inserts"",""status"":""Verified""}]}}";"{
  ""fields"": [
    {
      ""key"": ""corrective.actions"",
      ""label"": ""Permanent corrective actions"",
      ""widget"": ""action-cards"",
      ""dataType"": ""array"",
      ""colSpan"": 12,
      ""constraints"": {
        ""required"": true,
        ""minItems"": 1
      },
      ""items"": {
        ""type"": ""object"",
        ""properties"": {
          ""action"": {
            ""type"": ""string"",
            ""maxLength"": 240,
            ""description"": ""The action and its trigger, starting with the imperative verb that names the PRIMARY work. No owner, no status, no rationale - those are separate fields.""
          },
          ""owner"": {
            ""type"": ""string"",
            ""maxLength"": 120,
            ""description"": ""The team member from D1 (team.roster or team.leader/members) assigned to this corrective action, selected by matching their role/responsibility to the root cause fix. E.g. \""Karl Wagner\"" or \""Minh Dinh\"".""
          },
          ""status"": {
            ""type"": ""string"",
            ""maxLength"": 40,
            ""description"": ""ONLY the current status, one or two words, e.g. \""Planned\"", \""In progress\"", \""Done\"".""
          },
          ""origin"": {
            ""type"": ""string"",
            ""maxLength"": 60,
            ""description"": ""ONLY where it came from: \""recorded\"" for an action already in the case, or \""precedents#N\"" for a proposal.""
          },
          ""protection"": {
            ""type"": ""string"",
            ""maxLength"": 200,
            ""description"": ""One line.""
          }
        }
      }
    },
    {
      ""key"": ""sources"",
      ""label"": ""Evidence and traceability"",
      ""widget"": ""evidence-list"",
      ""dataType"": ""array"",
      ""colSpan"": 12,
      ""constraints"": {},
      ""items"": {
        ""type"": ""string""
      }
    }
  ],
  ""groups"": [
    {
      ""id"": ""d5-ai-result"",
      ""label"": ""AI-generated corrective plan"",
      ""fieldKeys"": [
        ""corrective.actions""
      ],
      ""width"": ""100"",
      ""columns"": 12,
      ""order"": 10
    }
  ]
}";;;"1";"Approved";"AI Lead / Quality Manager";"2026-09-22 14:25:18";;;"Completed"
"81cff710-c32b-4fdd-8ffd-ca310fb1b7a3";"2026-09-21T16:08:26.235Z";"anonymous";"2026-09-21T16:08:26.235Z";"anonymous";"ea66753f-dd1c-4b02-bab8-0e9adb66387a";"D6";"6";"D6 — Verification of Effectiveness";"Verification plan executed.";"Verification plan executed.";;;;;"{""verification"":{""status"":""Verified"",""notes"":""Corrective actions verified on line.""}}";"{
  ""fields"": [
    {
      ""key"": ""verification.objective"",
      ""label"": ""Verification objective"",
      ""widget"": ""callout"",
      ""dataType"": ""string"",
      ""colSpan"": 12,
      ""constraints"": {
        ""required"": true,
        ""maxLength"": 260
      }
    },
    {
      ""key"": ""verification.plan"",
      ""label"": ""Verification plan"",
      ""widget"": ""table"",
      ""dataType"": ""array"",
      ""colSpan"": 12,
      ""constraints"": {
        ""required"": true,
        ""minItems"": 1
      },
      ""items"": {
        ""type"": ""object"",
        ""properties"": {
          ""measure"": {
            ""type"": ""string"",
            ""maxLength"": 200,
            ""description"": ""One line.""
          },
          ""sampleSize"": {
            ""type"": ""string"",
            ""maxLength"": 80,
            ""description"": ""ONLY the sample size, e.g. \""30 parts per shift\"".""
          },
          ""period"": {
            ""type"": ""string"",
            ""maxLength"": 60,
            ""description"": ""ONLY the period over which it runs, e.g. \""4 weeks\"".""
          },
          ""acceptanceCriterion"": {
            ""type"": ""string"",
            ""maxLength"": 220,
            ""description"": ""The pass/fail threshold with its number, anchored to a real specification value.""
          },
          ""signOff"": {
            ""type"": ""string"",
            ""maxLength"": 120,
            ""description"": ""ONLY the role that signs it off.""
          }
        }
      }
    },
    {
      ""key"": ""verification.evidenceStatus"",
      ""label"": ""Evidence status"",
      ""widget"": ""status"",
      ""dataType"": ""string"",
      ""colSpan"": 4,
      ""constraints"": {
        ""required"": true,
        ""enum"": [
          ""No evidence yet"",
          ""Partially verified"",
          ""Verified""
        ]
      }
    },
    {
      ""key"": ""sources"",
      ""label"": ""Evidence and traceability"",
      ""widget"": ""evidence-list"",
      ""dataType"": ""array"",
      ""colSpan"": 12,
      ""constraints"": {},
      ""items"": {
        ""type"": ""string""
      }
    }
  ],
  ""groups"": [
    {
      ""id"": ""d6-ai-result"",
      ""label"": ""AI-generated verification plan"",
      ""fieldKeys"": [
        ""verification.objective"",
        ""verification.plan""
      ],
      ""width"": ""100"",
      ""columns"": 12,
      ""order"": 10
    }
  ]
}";;;"1";"Approved";"AI Lead / Quality Manager";"2026-09-22 14:25:18";;;"Completed"
"119668a5-330c-4372-bb5d-7820db786168";"2026-09-21T16:08:26.235Z";"anonymous";"2026-09-21T16:08:26.235Z";"anonymous";"ea66753f-dd1c-4b02-bab8-0e9adb66387a";"D7";"7";"D7 — Preventive Actions";"Preventive measures implemented.";"Preventive measures implemented.";;;;;"{""preventive"":{""actions"":[{""lineNo"":3,""actionType"":""Preventive"",""actionText"":""Implement automated stroke counter PM rule to replace die guide bushings at 150,000 stroke threshold in SAP PM"",""status"":""Verified in production""}]}}";"{
  ""fields"": [
    {
      ""key"": ""preventive.actions"",
      ""label"": ""Preventive actions"",
      ""widget"": ""action-cards"",
      ""dataType"": ""array"",
      ""colSpan"": 12,
      ""constraints"": {
        ""required"": true,
        ""minItems"": 1
      },
      ""items"": {
        ""type"": ""object"",
        ""properties"": {
          ""action"": {
            ""type"": ""string"",
            ""maxLength"": 240,
            ""description"": ""The action and its trigger, starting with the imperative verb that names the PRIMARY work. No owner, no status, no rationale - those are separate fields.""
          },
          ""owner"": {
            ""type"": ""string"",
            ""maxLength"": 120,
            ""description"": ""The team member from D1 (team.roster or team.leader/members) assigned to this preventive action, selected by matching their role/responsibility to the systemic/FMEA fix. E.g. \""Minh Dinh\"" or \""DungTruonghyhy\"".""
          },
          ""status"": {
            ""type"": ""string"",
            ""maxLength"": 40,
            ""description"": ""ONLY the current status, one or two words, e.g. \""Planned\"", \""In progress\"", \""Done\"".""
          },
          ""origin"": {
            ""type"": ""string"",
            ""maxLength"": 60,
            ""description"": ""ONLY where it came from: \""recorded\"" for an action already in the case, or \""precedents#N\"" for a proposal.""
          },
          ""protection"": {
            ""type"": ""string"",
            ""maxLength"": 200,
            ""description"": ""One line.""
          }
        }
      }
    },
    {
      ""key"": ""preventive.fmea"",
      ""label"": ""FMEA entry to update"",
      ""widget"": ""fmea-link"",
      ""dataType"": ""object"",
      ""colSpan"": 12,
      ""constraints"": {},
      ""properties"": {
        ""fmeaId"": {
          ""type"": ""string""
        },
        ""description"": {
          ""type"": ""string""
        },
        ""change"": {
          ""type"": ""string""
        },
        ""currentRating"": {
          ""type"": ""string""
        },
        ""proposedRating"": {
          ""type"": ""string""
        }
      }
    },
    {
      ""key"": ""sources"",
      ""label"": ""Evidence and traceability"",
      ""widget"": ""evidence-list"",
      ""dataType"": ""array"",
      ""colSpan"": 12,
      ""constraints"": {},
      ""items"": {
        ""type"": ""string""
      }
    }
  ],
  ""groups"": [
    {
      ""id"": ""d7-ai-result"",
      ""label"": ""AI-generated preventive plan"",
      ""fieldKeys"": [
        ""preventive.actions"",
        ""preventive.fmea""
      ],
      ""width"": ""100"",
      ""columns"": 12,
      ""order"": 10
    }
  ]
}";;;"1";"Approved";"AI Lead / Quality Manager";"2026-09-22 14:25:18";;;"Completed"
"6f2916af-1bd3-4287-8307-af227e2ef10c";"2026-09-21T16:08:26.235Z";"anonymous";"2026-09-21T16:08:26.235Z";"anonymous";"ea66753f-dd1c-4b02-bab8-0e9adb66387a";"D8";"8";"D8 — Closure & Team Recognition";"8D report closed.";"8D report closed.";;;;;"{""closure"":{""gate"":{""status"":""Closed"",""readyForClosure"":true}}}";"{
  ""fields"": [
    {
      ""key"": ""closure.gate"",
      ""label"": ""Closure readiness"",
      ""widget"": ""closure-gate"",
      ""dataType"": ""object"",
      ""colSpan"": 12,
      ""constraints"": {},
      ""xSource"": ""manual_input"",
      ""description"": ""Computed from the review status of D1-D7. The AI never writes this."",
      ""properties"": {}
    },
    {
      ""key"": ""closure.costOfPoorQuality"",
      ""label"": ""Cost of poor quality"",
      ""widget"": ""text"",
      ""dataType"": ""string"",
      ""colSpan"": 4,
      ""constraints"": {},
      ""xSource"": ""sap_qm"",
      ""description"": ""Read from the case. The AI never writes this.""
    },
    {
      ""key"": ""closure.lessonsWhatWorked"",
      ""label"": ""What worked"",
      ""widget"": ""markdown"",
      ""dataType"": ""string"",
      ""colSpan"": 6,
      ""constraints"": {
        ""required"": true,
        ""minLength"": 20
      }
    },
    {
      ""key"": ""closure.lessonsWhatDidNot"",
      ""label"": ""What did not"",
      ""widget"": ""markdown"",
      ""dataType"": ""string"",
      ""colSpan"": 6,
      ""constraints"": {
        ""required"": true,
        ""minLength"": 20
      }
    },
    {
      ""key"": ""closure.teamRecognition"",
      ""label"": ""Team recognition"",
      ""widget"": ""markdown"",
      ""dataType"": ""string"",
      ""colSpan"": 12,
      ""constraints"": {}
    },
    {
      ""key"": ""closure.openItems"",
      ""label"": ""Still open at closure"",
      ""widget"": ""warning-list"",
      ""dataType"": ""array"",
      ""colSpan"": 12,
      ""constraints"": {},
      ""items"": {
        ""type"": ""string""
      }
    },
    {
      ""key"": ""sources"",
      ""label"": ""Evidence and traceability"",
      ""widget"": ""evidence-list"",
      ""dataType"": ""array"",
      ""colSpan"": 12,
      ""constraints"": {},
      ""items"": {
        ""type"": ""string""
      }
    }
  ],
  ""groups"": [
    {
      ""id"": ""d8-ai-result"",
      ""label"": ""AI-generated closure summary"",
      ""fieldKeys"": [
        ""closure.gate"",
        ""closure.costOfPoorQuality"",
        ""closure.lessonsWhatWorked"",
        ""closure.lessonsWhatDidNot"",
        ""closure.teamRecognition""
      ],
      ""width"": ""100"",
      ""columns"": 12,
      ""order"": 10
    }
  ]
}";;;"1";"Approved";"AI Lead / Quality Manager";"2026-09-22 14:25:18";;;"Completed"
"1d4deb01-ea84-4712-8738-4f82364cb3aa";"2026-09-21T16:08:26.238Z";"anonymous";"2026-09-21T16:08:26.238Z";"anonymous";"c17af939-7d08-4e9b-bce0-1bb847f58dc0";"D1";"1";"D1 — Team Roster";"Formed cross-functional 8D team.";"Formed cross-functional 8D team.";;;;;"{""team"":{""roster"":[{""name"":""Marek Nowak"",""organizationalRole"":""Plastics Process Engineer"",""assigned8DRole"":""8D Team Member"",""caseResponsibility"":""Plastics Process Engineer""},{""name"":""Quyen La"",""organizationalRole"":""Quality Technician"",""assigned8DRole"":""8D Team Member"",""caseResponsibility"":""Quality Technician""}],""assignedRoster"":[{""partnerId"":""100001"",""partnerRole"":""8D Team Leader""},{""partnerId"":""100067"",""partnerRole"":""8D Team Member""},{""partnerId"":""100011"",""partnerRole"":""8D Team Member""}]}}";"{
  ""fields"": [
    {
      ""key"": ""team.objective"",
      ""label"": ""Team objective"",
      ""widget"": ""callout"",
      ""dataType"": ""string"",
      ""colSpan"": 12,
      ""constraints"": {
        ""required"": true,
        ""minLength"": 20,
        ""maxLength"": 260
      }
    },
    {
      ""key"": ""team.selectionMethod"",
      ""label"": ""Selection method"",
      ""widget"": ""status"",
      ""dataType"": ""string"",
      ""colSpan"": 4,
      ""constraints"": {
        ""required"": true,
        ""enum"": [
          ""Current case team"",
          ""Precedent recommendation"",
          ""Hybrid"",
          ""Roles only - assignment required""
        ]
      }
    },
    {
      ""key"": ""team.problemCapabilities"",
      ""label"": ""Capabilities required by this problem"",
      ""widget"": ""tag-selector"",
      ""dataType"": ""array"",
      ""colSpan"": 8,
      ""constraints"": {
        ""required"": true,
        ""minItems"": 1
      },
      ""items"": {
        ""type"": ""string""
      }
    },
    {
      ""key"": ""team.selectionRationale"",
      ""label"": ""How the team was selected"",
      ""widget"": ""markdown"",
      ""dataType"": ""string"",
      ""colSpan"": 12,
      ""constraints"": {
        ""required"": true,
        ""minLength"": 60,
        ""maxLength"": 1600
      }
    },
    {
      ""key"": ""team.roster"",
      ""label"": ""AI suggest"",
      ""widget"": ""ai-suggest"",
      ""dataType"": ""array"",
      ""colSpan"": 12,
      ""constraints"": {
        ""required"": true,
        ""minItems"": 1
      },
      ""items"": {
        ""type"": ""object"",
        ""properties"": {
          ""name"": {
            ""type"": ""string"",
            ""maxLength"": 120,
            ""description"": ""ONLY the person name, or \""Unassigned\"". No role, no reasoning.""
          },
          ""organizationalRole"": {
            ""type"": ""string"",
            ""maxLength"": 120,
            ""description"": ""ONLY their job title in the organisation, e.g. \""Quality Engineer\"".""
          },
          ""assigned8DRole"": {
            ""type"": ""string"",
            ""maxLength"": 60,
            ""description"": ""ONLY their role in THIS 8D, e.g. \""Team Leader\"" or \""Team Member\"".""
          },
          ""caseResponsibility"": {
            ""type"": ""string"",
            ""maxLength"": 200,
            ""description"": ""What this person is accountable for here. Never a job title.""
          },
          ""selectionReason"": {
            ""type"": ""string"",
            ""maxLength"": 220,
            ""description"": ""Why this person, in one line. Do not repeat the name or the role.""
          },
          ""servedOnCount"": {
            ""type"": ""integer"",
            ""description"": ""How many qualifying precedent cases this person served on. Rank the roster by this value, descending.""
          },
          ""sourceType"": {
            ""type"": ""string"",
            ""enum"": [
              ""current_case"",
              ""precedent"",
              ""unassigned""
            ]
          },
          ""sourcePath"": {
            ""type"": ""string"",
            ""maxLength"": 80,
            ""description"": ""ONLY the resolvable path: team.leader, team.members#N, precedents#N.team#M, or team.gaps.""
          },
          ""sourceCase"": {
            ""type"": ""string"",
            ""maxLength"": 60,
            ""description"": ""ONLY the precedent notification id, when the person came from a precedent.""
          }
        },
        ""required"": [
          ""name"",
          ""organizationalRole"",
          ""assigned8DRole"",
          ""caseResponsibility"",
          ""selectionReason"",
          ""sourceType"",
          ""sourcePath""
        ]
      }
    },
    {
      ""key"": ""team.assignedRoster"",
      ""label"": ""Decision table"",
      ""widget"": ""decision-table"",
      ""dataType"": ""array"",
      ""colSpan"": 12,
      ""constraints"": {},
      ""xSource"": ""manual_input"",
      ""description"": ""Filled in by the quality engineer on the report screen. The AI never writes this."",
      ""items"": {
        ""type"": ""object"",
        ""properties"": {
          ""partnerId"": {
            ""type"": ""string""
          },
          ""partnerName"": {
            ""type"": ""string""
          },
          ""functionTitle"": {
            ""type"": ""string""
          },
          ""partnerRole"": {
            ""type"": ""string"",
            ""enum"": [
              ""8D Team Leader"",
              ""8D Team Member""
            ]
          }
        }
      }
    },
    {
      ""key"": ""team.readinessStatus"",
      ""label"": ""Team readiness"",
      ""widget"": ""status"",
      ""dataType"": ""string"",
      ""colSpan"": 3,
      ""constraints"": {
        ""required"": true,
        ""enum"": [
          ""Ready"",
          ""Partial"",
          ""Needs assignment""
        ]
      }
    },
    {
      ""key"": ""team.readinessRationale"",
      ""label"": ""Readiness assessment"",
      ""widget"": ""markdown"",
      ""dataType"": ""string"",
      ""colSpan"": 9,
      ""constraints"": {
        ""required"": true,
        ""minLength"": 30,
        ""maxLength"": 500
      }
    },
    {
      ""key"": ""team.uncoveredCapabilities"",
      ""label"": ""Uncovered capabilities"",
      ""widget"": ""warning-list"",
      ""dataType"": ""array"",
      ""colSpan"": 6,
      ""constraints"": {},
      ""items"": {
        ""type"": ""string""
      }
    },
    {
      ""key"": ""team.sourceSummary"",
      ""label"": ""Where the team recommendation came from"",
      ""widget"": ""markdown"",
      ""dataType"": ""string"",
      ""colSpan"": 6,
      ""constraints"": {
        ""required"": true,
        ""minLength"": 30,
        ""maxLength"": 500
      }
    },
    {
      ""key"": ""team.suggestionStatus"",
      ""label"": ""Suggestion status"",
      ""widget"": ""callout"",
      ""dataType"": ""string"",
      ""colSpan"": 12,
      ""constraints"": {}
    },
    {
      ""key"": ""sources"",
      ""label"": ""Source records"",
      ""widget"": ""evidence-list"",
      ""dataType"": ""array"",
      ""colSpan"": 12,
      ""constraints"": {
        ""pattern"": ""^(team\\.|precedents#)""
      },
      ""items"": {
        ""type"": ""string""
      }
    }
  ],
  ""groups"": [
    {
      ""id"": ""d1-decision-table"",
      ""label"": ""Decision Table"",
      ""fieldKeys"": [
        ""team.assignedRoster"",
        ""team.suggestionStatus""
      ],
      ""width"": ""100"",
      ""columns"": 12,
      ""order"": 10
    }
  ]
}";;;"1";"Approved";"AI Lead / Quality Manager";"2026-09-22 14:25:18";;;"Completed"
"4edd9be7-1bad-4da6-84a2-b6cd2fd596d7";"2026-09-21T16:08:26.238Z";"anonymous";"2026-09-21T16:08:26.238Z";"anonymous";"c17af939-7d08-4e9b-bce0-1bb847f58dc0";"D2";"2";"D2 — Problem Description";"Visible sink mark 0.35mm depth on top cosmetic cover rejected by customer inspection";"Visible sink mark 0.35mm depth on top cosmetic cover rejected by customer inspection";;;;;"{""problem"":{""statement"":""Visible sink mark 0.35mm depth on top cosmetic cover rejected by customer inspection"",""isIsNot"":{""is"":""Electronic Enclosure EE-50 molded on WC-MOLD-01 on 2026-08-04 after mold setup"",""isNot"":""Batches produced prior to 2026-08-04 or running on WC-MOLD-02 with locked recipe card"",""notes"":""Sink mark strictly restricted to the thick boss region due to premature hold pressure release""},""w2h"":{}}}";"{
  ""fields"": [
    {
      ""key"": ""problem.complaintReference"",
      ""label"": ""Complaint reference"",
      ""widget"": ""complaint-reference"",
      ""dataType"": ""string"",
      ""colSpan"": 12,
      ""constraints"": {},
      ""xSource"": ""sap_qm"",
      ""description"": ""Read from the SAP QM customer reference on the case. The AI never writes this.""
    },
    {
      ""key"": ""problem.statement"",
      ""label"": ""Problem statement"",
      ""widget"": ""problem-statement"",
      ""dataType"": ""string"",
      ""colSpan"": 12,
      ""constraints"": {
        ""required"": true,
        ""minLength"": 30,
        ""maxLength"": 600
      }
    },
    {
      ""key"": ""problem.statementOverride"",
      ""label"": ""Problem statement (edited)"",
      ""widget"": ""text"",
      ""dataType"": ""string"",
      ""colSpan"": 12,
      ""constraints"": {},
      ""xSource"": ""manual_input"",
      ""description"": ""Edited by the quality engineer on the report screen. The AI never writes this.""
    },
    {
      ""key"": ""problem.what"",
      ""label"": ""What"",
      ""widget"": ""w2h-cell"",
      ""dataType"": ""string"",
      ""colSpan"": 4,
      ""constraints"": {
        ""required"": true
      }
    },
    {
      ""key"": ""problem.where"",
      ""label"": ""Where"",
      ""widget"": ""w2h-cell"",
      ""dataType"": ""string"",
      ""colSpan"": 4,
      ""constraints"": {
        ""required"": true
      }
    },
    {
      ""key"": ""problem.when"",
      ""label"": ""When"",
      ""widget"": ""w2h-cell"",
      ""dataType"": ""string"",
      ""colSpan"": 4,
      ""constraints"": {}
    },
    {
      ""key"": ""problem.who"",
      ""label"": ""Who"",
      ""widget"": ""w2h-cell"",
      ""dataType"": ""string"",
      ""colSpan"": 4,
      ""constraints"": {}
    },
    {
      ""key"": ""problem.how"",
      ""label"": ""How"",
      ""widget"": ""w2h-cell"",
      ""dataType"": ""string"",
      ""colSpan"": 4,
      ""constraints"": {}
    },
    {
      ""key"": ""problem.extent"",
      ""label"": ""How Many"",
      ""widget"": ""w2h-cell"",
      ""dataType"": ""string"",
      ""colSpan"": 4,
      ""constraints"": {
        ""required"": true
      }
    },
    {
      ""key"": ""problem.impact"",
      ""label"": ""Business / customer impact"",
      ""widget"": ""text"",
      ""dataType"": ""string"",
      ""colSpan"": 12,
      ""constraints"": {}
    },
    {
      ""key"": ""problem.is"",
      ""label"": ""Is"",
      ""widget"": ""is-box"",
      ""dataType"": ""array"",
      ""colSpan"": 6,
      ""constraints"": {},
      ""items"": {
        ""type"": ""string""
      }
    },
    {
      ""key"": ""problem.isNot"",
      ""label"": ""Is not"",
      ""widget"": ""isnot-box"",
      ""dataType"": ""array"",
      ""colSpan"": 6,
      ""constraints"": {},
      ""items"": {
        ""type"": ""string""
      }
    },
    {
      ""key"": ""problem.isIsNotStatus"",
      ""label"": ""Is / Is-Not status"",
      ""widget"": ""callout"",
      ""dataType"": ""string"",
      ""colSpan"": 12,
      ""constraints"": {}
    },
    {
      ""key"": ""problem.isIsNotBasis"",
      ""label"": ""Is / Is-Not basis"",
      ""widget"": ""markdown"",
      ""dataType"": ""string"",
      ""colSpan"": 12,
      ""constraints"": {}
    },
    {
      ""key"": ""problem.measuredEvidence"",
      ""label"": ""Measured evidence"",
      ""widget"": ""table"",
      ""dataType"": ""array"",
      ""colSpan"": 12,
      ""constraints"": {},
      ""items"": {
        ""type"": ""object"",
        ""properties"": {
          ""characteristic"": {
            ""type"": ""string"",
            ""maxLength"": 120,
            ""description"": ""ONLY the characteristic name, e.g. \""Burr height\"". No value, no verdict.""
          },
          ""measured"": {
            ""type"": ""string"",
            ""maxLength"": 60,
            ""description"": ""ONLY the measured value with its unit, e.g. \""0.32 mm\"".""
          },
          ""specification"": {
            ""type"": ""string"",
            ""maxLength"": 60,
            ""description"": ""ONLY the specification limit with its unit, e.g. \""max 0.10 mm\"".""
          },
          ""assessment"": {
            ""type"": ""string"",
            ""maxLength"": 120,
            ""description"": ""ONLY the verdict, e.g. \""Out of tolerance\"" or \""Within spec\"". No restatement of the numbers.""
          }
        }
      }
    },
    {
      ""key"": ""problem.gaps"",
      ""label"": ""Missing facts"",
      ""widget"": ""warning-list"",
      ""dataType"": ""array"",
      ""colSpan"": 12,
      ""constraints"": {},
      ""items"": {
        ""type"": ""string""
      }
    },
    {
      ""key"": ""sources"",
      ""label"": ""Evidence and traceability"",
      ""widget"": ""evidence-list"",
      ""dataType"": ""array"",
      ""colSpan"": 12,
      ""constraints"": {},
      ""items"": {
        ""type"": ""string""
      }
    }
  ],
  ""groups"": [
    {
      ""id"": ""d2-ai-result"",
      ""label"": ""AI-generated problem description"",
      ""fieldKeys"": [
        ""problem.complaintReference"",
        ""problem.statement"",
        ""problem.what"",
        ""problem.where"",
        ""problem.when"",
        ""problem.who"",
        ""problem.how"",
        ""problem.extent"",
        ""problem.is"",
        ""problem.isNot"",
        ""problem.isIsNotStatus"",
        ""problem.isIsNotBasis""
      ],
      ""width"": ""100"",
      ""columns"": 12,
      ""order"": 10
    }
  ]
}";;;"1";"Approved";"AI Lead / Quality Manager";"2026-09-22 14:25:18";;;"Completed"
"59667ac3-47f6-48bd-ab2a-6b1037b690c9";"2026-09-21T16:08:26.238Z";"anonymous";"2026-09-21T16:08:26.238Z";"anonymous";"c17af939-7d08-4e9b-bce0-1bb847f58dc0";"D3";"3";"D3 — Containment Actions";"Containment actions established.";"Containment actions established.";;;;;"{""containment"":{""actions"":[{""lineNo"":1,""actionType"":""Containment"",""actionText"":""Sort 210 units at customer facility and hold 450 finished enclosures in warehouse for visual audit"",""status"":""Done""}]}}";"{
  ""fields"": [
    {
      ""key"": ""containment.actions"",
      ""label"": ""Containment actions"",
      ""widget"": ""action-cards"",
      ""dataType"": ""array"",
      ""colSpan"": 12,
      ""constraints"": {
        ""required"": true,
        ""minItems"": 1
      },
      ""items"": {
        ""type"": ""object"",
        ""properties"": {
          ""action"": {
            ""type"": ""string"",
            ""description"": ""Short concise action description without boilerplate prefix. Start with the imperative verb naming the PRIMARY work, e.g. \""Quarantine 85 housings at the outgoing dock\"".""
          },
          ""owner"": {
            ""type"": ""string"",
            ""maxLength"": 120,
            ""description"": ""The team member from D1 (team.roster or team.leader/members) assigned to this containment action, selected by matching their role/responsibility to the work required. E.g. \""Karl Wagner\"" or \""DungTruonghyhy\"".""
          },
          ""status"": {
            ""type"": ""string"",
            ""enum"": [
              ""Planned"",
              ""In Process"",
              ""Done"",
              ""Verified""
            ]
          }
        }
      }
    },
    {
      ""key"": ""containment.gaps"",
      ""label"": ""Open containment gaps"",
      ""widget"": ""warning-list"",
      ""dataType"": ""array"",
      ""colSpan"": 12,
      ""constraints"": {},
      ""items"": {
        ""type"": ""string""
      }
    },
    {
      ""key"": ""sources"",
      ""label"": ""Evidence and traceability"",
      ""widget"": ""evidence-list"",
      ""dataType"": ""array"",
      ""colSpan"": 12,
      ""constraints"": {},
      ""items"": {
        ""type"": ""string""
      }
    }
  ],
  ""groups"": [
    {
      ""id"": ""d3-ai-result"",
      ""label"": ""Containment plan"",
      ""fieldKeys"": [
        ""containment.actions"",
        ""containment.gaps"",
        ""sources""
      ],
      ""width"": ""100"",
      ""columns"": 12,
      ""order"": 10
    }
  ]
}";;;"1";"Approved";"AI Lead / Quality Manager";"2026-09-22 14:25:18";;;"Completed"
"7a15bf29-43cd-4227-8fa9-d1db72c89c69";"2026-09-21T16:08:26.238Z";"anonymous";"2026-09-21T16:08:26.238Z";"anonymous";"c17af939-7d08-4e9b-bce0-1bb847f58dc0";"D4";"4";"D4 — Root Cause Analysis";"Root cause identified as Method.";"Root cause identified as Method.";;;;;"{""rootCause"":{""category"":""Method"",""whyChain"":[],""ishikawa"":[{""category"":""Man"",""description"":""EMP-6201, Shift B - process technician loaded molding parameter program from USB backup"",""metricValue"":null,""isRootCause"":false,""source"":""ASSUMED: MES/HR""},{""category"":""Machine"",""description"":""EQ-MOLD01-002 barrel temperature zones 1-4 and hydraulic pressure stability within +/-1.5%"",""metricValue"":""stable"",""isRootCause"":false,""source"":""SAP: EQUI/AFIH (PM)""},{""category"":""Method"",""description"":""Molding recipe REC-EE50-02 had holding pressure time set to 2.5s instead of validated 5.5s, switching to cooling before the 3.2mm boss gate solidified"",""metricValue"":""2.5s vs 5.5s validated"",""isRootCause"":true,""source"":""SAP: DRAW/PLPO (DMS+Routing)""},{""category"":""Material"",""description"":""Polycarbonate/ABS blend resin lot RES-3390 MFI 18 g/10min and moisture 0.015% verified within spec"",""metricValue"":""MFI 18"",""isRootCause"":false,""source"":""SAP: QALS/QAMR (incoming)""},{""category"":""Measurement"",""description"":""Depth dial indicator GA-0190 calibrated and repeatability confirmed"",""metricValue"":null,""isRootCause"":false,""source"":""SAP: Test Equipment Mgmt""},{""category"":""Environment"",""description"":""Mold chiller water temperature 45C +/- 2C on both core and cavity sides"",""metricValue"":""45C"",""isRootCause"":false,""source"":""ASSUMED: MES/IoT""}]}}";"{
  ""fields"": [
    {
      ""key"": ""rootCause.statement"",
      ""label"": ""Root cause"",
      ""widget"": ""ai-draft"",
      ""dataType"": ""string"",
      ""colSpan"": 12,
      ""constraints"": {
        ""required"": true,
        ""minLength"": 10,
        ""maxLength"": 320
      }
    },
    {
      ""key"": ""rootCause.ishikawaBoard"",
      ""label"": ""Ishikawa"",
      ""widget"": ""ishikawa-grid"",
      ""dataType"": ""array"",
      ""colSpan"": 12,
      ""constraints"": {
        ""required"": true,
        ""minItems"": 6
      },
      ""description"": ""Always one row per 6M category with a concise 1-sentence verdict. Copy a recorded assessment verbatim with source=recorded; for a category with no recorded entry propose a brief verdict from evidence with source=proposed, or write \""not assessed\"". Never write audit plans or long essays in cells."",
      ""items"": {
        ""type"": ""object"",
        ""properties"": {
          ""category"": {
            ""type"": ""string"",
            ""enum"": [
              ""Man"",
              ""Machine"",
              ""Method"",
              ""Material"",
              ""Measurement"",
              ""Environment""
            ]
          },
          ""finding"": {
            ""type"": ""string"",
            ""maxLength"": 220,
            ""description"": ""The concise VERDICT for this branch, e.g. clamp pad worn 0.2 mm, or gauge R&R 8%, or not assessed. Never a list of evidence to gather - that goes in evidenceGaps once. Never the category name.""
          },
          ""isRootCause"": {
            ""type"": ""boolean"",
            ""description"": ""True for at most ONE branch in the whole board.""
          },
          ""source"": {
            ""type"": ""string"",
            ""enum"": [
              ""recorded"",
              ""proposed""
            ]
          }
        },
        ""required"": [
          ""category"",
          ""finding"",
          ""isRootCause"",
          ""source""
        ]
      }
    },
    {
      ""key"": ""rootCause.fiveWhy"",
      ""label"": ""5-Why chain"",
      ""widget"": ""why-chain"",
      ""dataType"": ""array"",
      ""colSpan"": 12,
      ""constraints"": {
        ""required"": true,
        ""minItems"": 1
      },
      ""items"": {
        ""type"": ""object"",
        ""properties"": {
          ""step"": {
            ""type"": ""integer"",
            ""description"": ""Position in the chain, starting at 1.""
          },
          ""why"": {
            ""type"": ""string"",
            ""maxLength"": 140,
            ""description"": ""The question only, ending in a question mark. Keep it short and crisp.""
          },
          ""answer"": {
            ""type"": ""string"",
            ""maxLength"": 200,
            ""description"": ""The answer only: 1 concise direct sentence naming the cause. Never repeat the question, never list audit procedures or evidence still to be gathered.""
          },
          ""evidence"": {
            ""type"": ""string"",
            ""maxLength"": 200,
            ""description"": ""The CaseContext path or measurement backing the answer. Concise citation only.""
          }
        },
        ""required"": [
          ""step"",
          ""why"",
          ""answer"",
          ""evidence""
        ]
      }
    },
    {
      ""key"": ""rootCause.evidenceGaps"",
      ""label"": ""Evidence gaps"",
      ""widget"": ""warning-list"",
      ""dataType"": ""array"",
      ""colSpan"": 12,
      ""constraints"": {},
      ""items"": {
        ""type"": ""string""
      }
    },
    {
      ""key"": ""sources"",
      ""label"": ""Evidence and traceability"",
      ""widget"": ""evidence-list"",
      ""dataType"": ""array"",
      ""colSpan"": 12,
      ""constraints"": {},
      ""items"": {
        ""type"": ""string""
      }
    }
  ],
  ""groups"": [
    {
      ""id"": ""d4-ai-result"",
      ""label"": ""Root cause analysis"",
      ""fieldKeys"": [
        ""rootCause.statement"",
        ""rootCause.ishikawaBoard"",
        ""rootCause.fiveWhy"",
        ""rootCause.evidenceGaps"",
        ""sources""
      ],
      ""width"": ""100"",
      ""columns"": 12,
      ""order"": 10
    }
  ]
}";;;"1";"Approved";"AI Lead / Quality Manager";"2026-09-22 14:25:18";;;"Completed"
"e716a192-bbda-4879-95fd-c532d87bf1ef";"2026-09-21T16:08:26.238Z";"anonymous";"2026-09-21T16:08:26.238Z";"anonymous";"c17af939-7d08-4e9b-bce0-1bb847f58dc0";"D5";"5";"D5 — Corrective Actions";"Permanent corrective actions defined.";"Permanent corrective actions defined.";;;;;"{""corrective"":{""actions"":[{""lineNo"":2,""actionType"":""Corrective"",""actionText"":""Restore validated holding pressure duration (5.5s @ 650 bar) and lock controller recipe with password"",""status"":""Verified""}]}}";"{
  ""fields"": [
    {
      ""key"": ""corrective.actions"",
      ""label"": ""Permanent corrective actions"",
      ""widget"": ""action-cards"",
      ""dataType"": ""array"",
      ""colSpan"": 12,
      ""constraints"": {
        ""required"": true,
        ""minItems"": 1
      },
      ""items"": {
        ""type"": ""object"",
        ""properties"": {
          ""action"": {
            ""type"": ""string"",
            ""maxLength"": 240,
            ""description"": ""The action and its trigger, starting with the imperative verb that names the PRIMARY work. No owner, no status, no rationale - those are separate fields.""
          },
          ""owner"": {
            ""type"": ""string"",
            ""maxLength"": 120,
            ""description"": ""The team member from D1 (team.roster or team.leader/members) assigned to this corrective action, selected by matching their role/responsibility to the root cause fix. E.g. \""Karl Wagner\"" or \""Minh Dinh\"".""
          },
          ""status"": {
            ""type"": ""string"",
            ""maxLength"": 40,
            ""description"": ""ONLY the current status, one or two words, e.g. \""Planned\"", \""In progress\"", \""Done\"".""
          },
          ""origin"": {
            ""type"": ""string"",
            ""maxLength"": 60,
            ""description"": ""ONLY where it came from: \""recorded\"" for an action already in the case, or \""precedents#N\"" for a proposal.""
          },
          ""protection"": {
            ""type"": ""string"",
            ""maxLength"": 200,
            ""description"": ""One line.""
          }
        }
      }
    },
    {
      ""key"": ""sources"",
      ""label"": ""Evidence and traceability"",
      ""widget"": ""evidence-list"",
      ""dataType"": ""array"",
      ""colSpan"": 12,
      ""constraints"": {},
      ""items"": {
        ""type"": ""string""
      }
    }
  ],
  ""groups"": [
    {
      ""id"": ""d5-ai-result"",
      ""label"": ""AI-generated corrective plan"",
      ""fieldKeys"": [
        ""corrective.actions""
      ],
      ""width"": ""100"",
      ""columns"": 12,
      ""order"": 10
    }
  ]
}";;;"1";"Approved";"AI Lead / Quality Manager";"2026-09-22 14:25:18";;;"Completed"
"547bfe89-e045-4339-893c-80cc1bb574fd";"2026-09-21T16:08:26.238Z";"anonymous";"2026-09-21T16:08:26.238Z";"anonymous";"c17af939-7d08-4e9b-bce0-1bb847f58dc0";"D6";"6";"D6 — Verification of Effectiveness";"Verification plan executed.";"Verification plan executed.";;;;;"{""verification"":{""status"":""Verified"",""notes"":""Corrective actions verified on line.""}}";"{
  ""fields"": [
    {
      ""key"": ""verification.objective"",
      ""label"": ""Verification objective"",
      ""widget"": ""callout"",
      ""dataType"": ""string"",
      ""colSpan"": 12,
      ""constraints"": {
        ""required"": true,
        ""maxLength"": 260
      }
    },
    {
      ""key"": ""verification.plan"",
      ""label"": ""Verification plan"",
      ""widget"": ""table"",
      ""dataType"": ""array"",
      ""colSpan"": 12,
      ""constraints"": {
        ""required"": true,
        ""minItems"": 1
      },
      ""items"": {
        ""type"": ""object"",
        ""properties"": {
          ""measure"": {
            ""type"": ""string"",
            ""maxLength"": 200,
            ""description"": ""One line.""
          },
          ""sampleSize"": {
            ""type"": ""string"",
            ""maxLength"": 80,
            ""description"": ""ONLY the sample size, e.g. \""30 parts per shift\"".""
          },
          ""period"": {
            ""type"": ""string"",
            ""maxLength"": 60,
            ""description"": ""ONLY the period over which it runs, e.g. \""4 weeks\"".""
          },
          ""acceptanceCriterion"": {
            ""type"": ""string"",
            ""maxLength"": 220,
            ""description"": ""The pass/fail threshold with its number, anchored to a real specification value.""
          },
          ""signOff"": {
            ""type"": ""string"",
            ""maxLength"": 120,
            ""description"": ""ONLY the role that signs it off.""
          }
        }
      }
    },
    {
      ""key"": ""verification.evidenceStatus"",
      ""label"": ""Evidence status"",
      ""widget"": ""status"",
      ""dataType"": ""string"",
      ""colSpan"": 4,
      ""constraints"": {
        ""required"": true,
        ""enum"": [
          ""No evidence yet"",
          ""Partially verified"",
          ""Verified""
        ]
      }
    },
    {
      ""key"": ""sources"",
      ""label"": ""Evidence and traceability"",
      ""widget"": ""evidence-list"",
      ""dataType"": ""array"",
      ""colSpan"": 12,
      ""constraints"": {},
      ""items"": {
        ""type"": ""string""
      }
    }
  ],
  ""groups"": [
    {
      ""id"": ""d6-ai-result"",
      ""label"": ""AI-generated verification plan"",
      ""fieldKeys"": [
        ""verification.objective"",
        ""verification.plan""
      ],
      ""width"": ""100"",
      ""columns"": 12,
      ""order"": 10
    }
  ]
}";;;"1";"Approved";"AI Lead / Quality Manager";"2026-09-22 14:25:18";;;"Completed"
"82e1096c-d4c4-48b4-9944-8b113175421a";"2026-09-21T16:08:26.238Z";"anonymous";"2026-09-21T16:08:26.238Z";"anonymous";"c17af939-7d08-4e9b-bce0-1bb847f58dc0";"D7";"7";"D7 — Preventive Actions";"Preventive measures implemented.";"Preventive measures implemented.";;;;;"{""preventive"":{""actions"":[{""lineNo"":3,""actionType"":""Preventive"",""actionText"":""Connect injection molding machines to central MES recipe server with checksum validation to block unapproved USB parameter loading"",""status"":""Verified in production""}]}}";"{
  ""fields"": [
    {
      ""key"": ""preventive.actions"",
      ""label"": ""Preventive actions"",
      ""widget"": ""action-cards"",
      ""dataType"": ""array"",
      ""colSpan"": 12,
      ""constraints"": {
        ""required"": true,
        ""minItems"": 1
      },
      ""items"": {
        ""type"": ""object"",
        ""properties"": {
          ""action"": {
            ""type"": ""string"",
            ""maxLength"": 240,
            ""description"": ""The action and its trigger, starting with the imperative verb that names the PRIMARY work. No owner, no status, no rationale - those are separate fields.""
          },
          ""owner"": {
            ""type"": ""string"",
            ""maxLength"": 120,
            ""description"": ""The team member from D1 (team.roster or team.leader/members) assigned to this preventive action, selected by matching their role/responsibility to the systemic/FMEA fix. E.g. \""Minh Dinh\"" or \""DungTruonghyhy\"".""
          },
          ""status"": {
            ""type"": ""string"",
            ""maxLength"": 40,
            ""description"": ""ONLY the current status, one or two words, e.g. \""Planned\"", \""In progress\"", \""Done\"".""
          },
          ""origin"": {
            ""type"": ""string"",
            ""maxLength"": 60,
            ""description"": ""ONLY where it came from: \""recorded\"" for an action already in the case, or \""precedents#N\"" for a proposal.""
          },
          ""protection"": {
            ""type"": ""string"",
            ""maxLength"": 200,
            ""description"": ""One line.""
          }
        }
      }
    },
    {
      ""key"": ""preventive.fmea"",
      ""label"": ""FMEA entry to update"",
      ""widget"": ""fmea-link"",
      ""dataType"": ""object"",
      ""colSpan"": 12,
      ""constraints"": {},
      ""properties"": {
        ""fmeaId"": {
          ""type"": ""string""
        },
        ""description"": {
          ""type"": ""string""
        },
        ""change"": {
          ""type"": ""string""
        },
        ""currentRating"": {
          ""type"": ""string""
        },
        ""proposedRating"": {
          ""type"": ""string""
        }
      }
    },
    {
      ""key"": ""sources"",
      ""label"": ""Evidence and traceability"",
      ""widget"": ""evidence-list"",
      ""dataType"": ""array"",
      ""colSpan"": 12,
      ""constraints"": {},
      ""items"": {
        ""type"": ""string""
      }
    }
  ],
  ""groups"": [
    {
      ""id"": ""d7-ai-result"",
      ""label"": ""AI-generated preventive plan"",
      ""fieldKeys"": [
        ""preventive.actions"",
        ""preventive.fmea""
      ],
      ""width"": ""100"",
      ""columns"": 12,
      ""order"": 10
    }
  ]
}";;;"1";"Approved";"AI Lead / Quality Manager";"2026-09-22 14:25:18";;;"Completed"
"5dc6d40f-e6ce-4f18-994e-3204350a5520";"2026-09-21T16:08:26.238Z";"anonymous";"2026-09-21T16:08:26.238Z";"anonymous";"c17af939-7d08-4e9b-bce0-1bb847f58dc0";"D8";"8";"D8 — Closure & Team Recognition";"8D report closed.";"8D report closed.";;;;;"{""closure"":{""gate"":{""status"":""Closed"",""readyForClosure"":true}}}";"{
  ""fields"": [
    {
      ""key"": ""closure.gate"",
      ""label"": ""Closure readiness"",
      ""widget"": ""closure-gate"",
      ""dataType"": ""object"",
      ""colSpan"": 12,
      ""constraints"": {},
      ""xSource"": ""manual_input"",
      ""description"": ""Computed from the review status of D1-D7. The AI never writes this."",
      ""properties"": {}
    },
    {
      ""key"": ""closure.costOfPoorQuality"",
      ""label"": ""Cost of poor quality"",
      ""widget"": ""text"",
      ""dataType"": ""string"",
      ""colSpan"": 4,
      ""constraints"": {},
      ""xSource"": ""sap_qm"",
      ""description"": ""Read from the case. The AI never writes this.""
    },
    {
      ""key"": ""closure.lessonsWhatWorked"",
      ""label"": ""What worked"",
      ""widget"": ""markdown"",
      ""dataType"": ""string"",
      ""colSpan"": 6,
      ""constraints"": {
        ""required"": true,
        ""minLength"": 20
      }
    },
    {
      ""key"": ""closure.lessonsWhatDidNot"",
      ""label"": ""What did not"",
      ""widget"": ""markdown"",
      ""dataType"": ""string"",
      ""colSpan"": 6,
      ""constraints"": {
        ""required"": true,
        ""minLength"": 20
      }
    },
    {
      ""key"": ""closure.teamRecognition"",
      ""label"": ""Team recognition"",
      ""widget"": ""markdown"",
      ""dataType"": ""string"",
      ""colSpan"": 12,
      ""constraints"": {}
    },
    {
      ""key"": ""closure.openItems"",
      ""label"": ""Still open at closure"",
      ""widget"": ""warning-list"",
      ""dataType"": ""array"",
      ""colSpan"": 12,
      ""constraints"": {},
      ""items"": {
        ""type"": ""string""
      }
    },
    {
      ""key"": ""sources"",
      ""label"": ""Evidence and traceability"",
      ""widget"": ""evidence-list"",
      ""dataType"": ""array"",
      ""colSpan"": 12,
      ""constraints"": {},
      ""items"": {
        ""type"": ""string""
      }
    }
  ],
  ""groups"": [
    {
      ""id"": ""d8-ai-result"",
      ""label"": ""AI-generated closure summary"",
      ""fieldKeys"": [
        ""closure.gate"",
        ""closure.costOfPoorQuality"",
        ""closure.lessonsWhatWorked"",
        ""closure.lessonsWhatDidNot"",
        ""closure.teamRecognition""
      ],
      ""width"": ""100"",
      ""columns"": 12,
      ""order"": 10
    }
  ]
}";;;"1";"Approved";"AI Lead / Quality Manager";"2026-09-22 14:25:18";;;"Completed"
"4b0512ed-6da2-461a-b43c-bed271a3a42e";"2026-09-21T16:08:26.242Z";"anonymous";"2026-09-21T16:08:26.242Z";"anonymous";"342e8d26-dbc5-4805-85fe-1bc3a909c6df";"D1";"1";"D1 — Team Roster";"Formed cross-functional 8D team.";"Formed cross-functional 8D team.";;;;;"{""team"":{""roster"":[{""name"":""Luis Moreno"",""organizationalRole"":""SMT Process Specialist"",""assigned8DRole"":""8D Team Member"",""caseResponsibility"":""SMT Process Specialist""},{""name"":""Quyen La"",""organizationalRole"":""Quality Technician"",""assigned8DRole"":""8D Team Member"",""caseResponsibility"":""Quality Technician""}],""assignedRoster"":[{""partnerId"":""100001"",""partnerRole"":""8D Team Leader""},{""partnerId"":""100023"",""partnerRole"":""8D Team Member""},{""partnerId"":""100011"",""partnerRole"":""8D Team Member""}]}}";"{
  ""fields"": [
    {
      ""key"": ""team.objective"",
      ""label"": ""Team objective"",
      ""widget"": ""callout"",
      ""dataType"": ""string"",
      ""colSpan"": 12,
      ""constraints"": {
        ""required"": true,
        ""minLength"": 20,
        ""maxLength"": 260
      }
    },
    {
      ""key"": ""team.selectionMethod"",
      ""label"": ""Selection method"",
      ""widget"": ""status"",
      ""dataType"": ""string"",
      ""colSpan"": 4,
      ""constraints"": {
        ""required"": true,
        ""enum"": [
          ""Current case team"",
          ""Precedent recommendation"",
          ""Hybrid"",
          ""Roles only - assignment required""
        ]
      }
    },
    {
      ""key"": ""team.problemCapabilities"",
      ""label"": ""Capabilities required by this problem"",
      ""widget"": ""tag-selector"",
      ""dataType"": ""array"",
      ""colSpan"": 8,
      ""constraints"": {
        ""required"": true,
        ""minItems"": 1
      },
      ""items"": {
        ""type"": ""string""
      }
    },
    {
      ""key"": ""team.selectionRationale"",
      ""label"": ""How the team was selected"",
      ""widget"": ""markdown"",
      ""dataType"": ""string"",
      ""colSpan"": 12,
      ""constraints"": {
        ""required"": true,
        ""minLength"": 60,
        ""maxLength"": 1600
      }
    },
    {
      ""key"": ""team.roster"",
      ""label"": ""AI suggest"",
      ""widget"": ""ai-suggest"",
      ""dataType"": ""array"",
      ""colSpan"": 12,
      ""constraints"": {
        ""required"": true,
        ""minItems"": 1
      },
      ""items"": {
        ""type"": ""object"",
        ""properties"": {
          ""name"": {
            ""type"": ""string"",
            ""maxLength"": 120,
            ""description"": ""ONLY the person name, or \""Unassigned\"". No role, no reasoning.""
          },
          ""organizationalRole"": {
            ""type"": ""string"",
            ""maxLength"": 120,
            ""description"": ""ONLY their job title in the organisation, e.g. \""Quality Engineer\"".""
          },
          ""assigned8DRole"": {
            ""type"": ""string"",
            ""maxLength"": 60,
            ""description"": ""ONLY their role in THIS 8D, e.g. \""Team Leader\"" or \""Team Member\"".""
          },
          ""caseResponsibility"": {
            ""type"": ""string"",
            ""maxLength"": 200,
            ""description"": ""What this person is accountable for here. Never a job title.""
          },
          ""selectionReason"": {
            ""type"": ""string"",
            ""maxLength"": 220,
            ""description"": ""Why this person, in one line. Do not repeat the name or the role.""
          },
          ""servedOnCount"": {
            ""type"": ""integer"",
            ""description"": ""How many qualifying precedent cases this person served on. Rank the roster by this value, descending.""
          },
          ""sourceType"": {
            ""type"": ""string"",
            ""enum"": [
              ""current_case"",
              ""precedent"",
              ""unassigned""
            ]
          },
          ""sourcePath"": {
            ""type"": ""string"",
            ""maxLength"": 80,
            ""description"": ""ONLY the resolvable path: team.leader, team.members#N, precedents#N.team#M, or team.gaps.""
          },
          ""sourceCase"": {
            ""type"": ""string"",
            ""maxLength"": 60,
            ""description"": ""ONLY the precedent notification id, when the person came from a precedent.""
          }
        },
        ""required"": [
          ""name"",
          ""organizationalRole"",
          ""assigned8DRole"",
          ""caseResponsibility"",
          ""selectionReason"",
          ""sourceType"",
          ""sourcePath""
        ]
      }
    },
    {
      ""key"": ""team.assignedRoster"",
      ""label"": ""Decision table"",
      ""widget"": ""decision-table"",
      ""dataType"": ""array"",
      ""colSpan"": 12,
      ""constraints"": {},
      ""xSource"": ""manual_input"",
      ""description"": ""Filled in by the quality engineer on the report screen. The AI never writes this."",
      ""items"": {
        ""type"": ""object"",
        ""properties"": {
          ""partnerId"": {
            ""type"": ""string""
          },
          ""partnerName"": {
            ""type"": ""string""
          },
          ""functionTitle"": {
            ""type"": ""string""
          },
          ""partnerRole"": {
            ""type"": ""string"",
            ""enum"": [
              ""8D Team Leader"",
              ""8D Team Member""
            ]
          }
        }
      }
    },
    {
      ""key"": ""team.readinessStatus"",
      ""label"": ""Team readiness"",
      ""widget"": ""status"",
      ""dataType"": ""string"",
      ""colSpan"": 3,
      ""constraints"": {
        ""required"": true,
        ""enum"": [
          ""Ready"",
          ""Partial"",
          ""Needs assignment""
        ]
      }
    },
    {
      ""key"": ""team.readinessRationale"",
      ""label"": ""Readiness assessment"",
      ""widget"": ""markdown"",
      ""dataType"": ""string"",
      ""colSpan"": 9,
      ""constraints"": {
        ""required"": true,
        ""minLength"": 30,
        ""maxLength"": 500
      }
    },
    {
      ""key"": ""team.uncoveredCapabilities"",
      ""label"": ""Uncovered capabilities"",
      ""widget"": ""warning-list"",
      ""dataType"": ""array"",
      ""colSpan"": 6,
      ""constraints"": {},
      ""items"": {
        ""type"": ""string""
      }
    },
    {
      ""key"": ""team.sourceSummary"",
      ""label"": ""Where the team recommendation came from"",
      ""widget"": ""markdown"",
      ""dataType"": ""string"",
      ""colSpan"": 6,
      ""constraints"": {
        ""required"": true,
        ""minLength"": 30,
        ""maxLength"": 500
      }
    },
    {
      ""key"": ""team.suggestionStatus"",
      ""label"": ""Suggestion status"",
      ""widget"": ""callout"",
      ""dataType"": ""string"",
      ""colSpan"": 12,
      ""constraints"": {}
    },
    {
      ""key"": ""sources"",
      ""label"": ""Source records"",
      ""widget"": ""evidence-list"",
      ""dataType"": ""array"",
      ""colSpan"": 12,
      ""constraints"": {
        ""pattern"": ""^(team\\.|precedents#)""
      },
      ""items"": {
        ""type"": ""string""
      }
    }
  ],
  ""groups"": [
    {
      ""id"": ""d1-decision-table"",
      ""label"": ""Decision Table"",
      ""fieldKeys"": [
        ""team.assignedRoster"",
        ""team.suggestionStatus""
      ],
      ""width"": ""100"",
      ""columns"": 12,
      ""order"": 10
    }
  ]
}";;;"1";"Approved";"AI Lead / Quality Manager";"2026-09-22 14:25:18";;;"Completed"
"eee015e2-eb4f-4109-8884-960a6b466ced";"2026-09-21T16:08:26.242Z";"anonymous";"2026-09-21T16:08:26.242Z";"anonymous";"342e8d26-dbc5-4805-85fe-1bc3a909c6df";"D2";"2";"D2 — Problem Description";"Automated Optical Inspection (AOI) detected 18 solder bridges on 0.4mm pitch QFN pins";"Automated Optical Inspection (AOI) detected 18 solder bridges on 0.4mm pitch QFN pins";;;;;"{""problem"":{""statement"":""Automated Optical Inspection (AOI) detected 18 solder bridges on 0.4mm pitch QFN pins"",""isIsNot"":{""is"":""PCBA-900 fine-pitch QFN U12 on SMT Line 2 using stencil ST-QFN-04 on 2026-08-05"",""isNot"":""Large-pitch components (SOIC, 0805) or boards printed on SMT Line 1 with new stencil"",""notes"":""Defect exclusively concentrated on fine-pitch 0.4mm footprint where aperture wall release is critical""},""w2h"":{}}}";"{
  ""fields"": [
    {
      ""key"": ""problem.complaintReference"",
      ""label"": ""Complaint reference"",
      ""widget"": ""complaint-reference"",
      ""dataType"": ""string"",
      ""colSpan"": 12,
      ""constraints"": {},
      ""xSource"": ""sap_qm"",
      ""description"": ""Read from the SAP QM customer reference on the case. The AI never writes this.""
    },
    {
      ""key"": ""problem.statement"",
      ""label"": ""Problem statement"",
      ""widget"": ""problem-statement"",
      ""dataType"": ""string"",
      ""colSpan"": 12,
      ""constraints"": {
        ""required"": true,
        ""minLength"": 30,
        ""maxLength"": 600
      }
    },
    {
      ""key"": ""problem.statementOverride"",
      ""label"": ""Problem statement (edited)"",
      ""widget"": ""text"",
      ""dataType"": ""string"",
      ""colSpan"": 12,
      ""constraints"": {},
      ""xSource"": ""manual_input"",
      ""description"": ""Edited by the quality engineer on the report screen. The AI never writes this.""
    },
    {
      ""key"": ""problem.what"",
      ""label"": ""What"",
      ""widget"": ""w2h-cell"",
      ""dataType"": ""string"",
      ""colSpan"": 4,
      ""constraints"": {
        ""required"": true
      }
    },
    {
      ""key"": ""problem.where"",
      ""label"": ""Where"",
      ""widget"": ""w2h-cell"",
      ""dataType"": ""string"",
      ""colSpan"": 4,
      ""constraints"": {
        ""required"": true
      }
    },
    {
      ""key"": ""problem.when"",
      ""label"": ""When"",
      ""widget"": ""w2h-cell"",
      ""dataType"": ""string"",
      ""colSpan"": 4,
      ""constraints"": {}
    },
    {
      ""key"": ""problem.who"",
      ""label"": ""Who"",
      ""widget"": ""w2h-cell"",
      ""dataType"": ""string"",
      ""colSpan"": 4,
      ""constraints"": {}
    },
    {
      ""key"": ""problem.how"",
      ""label"": ""How"",
      ""widget"": ""w2h-cell"",
      ""dataType"": ""string"",
      ""colSpan"": 4,
      ""constraints"": {}
    },
    {
      ""key"": ""problem.extent"",
      ""label"": ""How Many"",
      ""widget"": ""w2h-cell"",
      ""dataType"": ""string"",
      ""colSpan"": 4,
      ""constraints"": {
        ""required"": true
      }
    },
    {
      ""key"": ""problem.impact"",
      ""label"": ""Business / customer impact"",
      ""widget"": ""text"",
      ""dataType"": ""string"",
      ""colSpan"": 12,
      ""constraints"": {}
    },
    {
      ""key"": ""problem.is"",
      ""label"": ""Is"",
      ""widget"": ""is-box"",
      ""dataType"": ""array"",
      ""colSpan"": 6,
      ""constraints"": {},
      ""items"": {
        ""type"": ""string""
      }
    },
    {
      ""key"": ""problem.isNot"",
      ""label"": ""Is not"",
      ""widget"": ""isnot-box"",
      ""dataType"": ""array"",
      ""colSpan"": 6,
      ""constraints"": {},
      ""items"": {
        ""type"": ""string""
      }
    },
    {
      ""key"": ""problem.isIsNotStatus"",
      ""label"": ""Is / Is-Not status"",
      ""widget"": ""callout"",
      ""dataType"": ""string"",
      ""colSpan"": 12,
      ""constraints"": {}
    },
    {
      ""key"": ""problem.isIsNotBasis"",
      ""label"": ""Is / Is-Not basis"",
      ""widget"": ""markdown"",
      ""dataType"": ""string"",
      ""colSpan"": 12,
      ""constraints"": {}
    },
    {
      ""key"": ""problem.measuredEvidence"",
      ""label"": ""Measured evidence"",
      ""widget"": ""table"",
      ""dataType"": ""array"",
      ""colSpan"": 12,
      ""constraints"": {},
      ""items"": {
        ""type"": ""object"",
        ""properties"": {
          ""characteristic"": {
            ""type"": ""string"",
            ""maxLength"": 120,
            ""description"": ""ONLY the characteristic name, e.g. \""Burr height\"". No value, no verdict.""
          },
          ""measured"": {
            ""type"": ""string"",
            ""maxLength"": 60,
            ""description"": ""ONLY the measured value with its unit, e.g. \""0.32 mm\"".""
          },
          ""specification"": {
            ""type"": ""string"",
            ""maxLength"": 60,
            ""description"": ""ONLY the specification limit with its unit, e.g. \""max 0.10 mm\"".""
          },
          ""assessment"": {
            ""type"": ""string"",
            ""maxLength"": 120,
            ""description"": ""ONLY the verdict, e.g. \""Out of tolerance\"" or \""Within spec\"". No restatement of the numbers.""
          }
        }
      }
    },
    {
      ""key"": ""problem.gaps"",
      ""label"": ""Missing facts"",
      ""widget"": ""warning-list"",
      ""dataType"": ""array"",
      ""colSpan"": 12,
      ""constraints"": {},
      ""items"": {
        ""type"": ""string""
      }
    },
    {
      ""key"": ""sources"",
      ""label"": ""Evidence and traceability"",
      ""widget"": ""evidence-list"",
      ""dataType"": ""array"",
      ""colSpan"": 12,
      ""constraints"": {},
      ""items"": {
        ""type"": ""string""
      }
    }
  ],
  ""groups"": [
    {
      ""id"": ""d2-ai-result"",
      ""label"": ""AI-generated problem description"",
      ""fieldKeys"": [
        ""problem.complaintReference"",
        ""problem.statement"",
        ""problem.what"",
        ""problem.where"",
        ""problem.when"",
        ""problem.who"",
        ""problem.how"",
        ""problem.extent"",
        ""problem.is"",
        ""problem.isNot"",
        ""problem.isIsNotStatus"",
        ""problem.isIsNotBasis""
      ],
      ""width"": ""100"",
      ""columns"": 12,
      ""order"": 10
    }
  ]
}";;;"1";"Approved";"AI Lead / Quality Manager";"2026-09-22 14:25:18";;;"Completed"
"ff1aa58d-f313-4837-a53b-75dcbfa53646";"2026-09-21T16:08:26.242Z";"anonymous";"2026-09-21T16:08:26.242Z";"anonymous";"342e8d26-dbc5-4805-85fe-1bc3a909c6df";"D3";"3";"D3 — Containment Actions";"Containment actions established.";"Containment actions established.";;;;;"{""containment"":{""actions"":[{""lineNo"":1,""actionType"":""Containment"",""actionText"":""Rework 48 bridged boards using hot-air micro-soldering and 100% X-ray inspection"",""status"":""Done""}]}}";"{
  ""fields"": [
    {
      ""key"": ""containment.actions"",
      ""label"": ""Containment actions"",
      ""widget"": ""action-cards"",
      ""dataType"": ""array"",
      ""colSpan"": 12,
      ""constraints"": {
        ""required"": true,
        ""minItems"": 1
      },
      ""items"": {
        ""type"": ""object"",
        ""properties"": {
          ""action"": {
            ""type"": ""string"",
            ""description"": ""Short concise action description without boilerplate prefix. Start with the imperative verb naming the PRIMARY work, e.g. \""Quarantine 85 housings at the outgoing dock\"".""
          },
          ""owner"": {
            ""type"": ""string"",
            ""maxLength"": 120,
            ""description"": ""The team member from D1 (team.roster or team.leader/members) assigned to this containment action, selected by matching their role/responsibility to the work required. E.g. \""Karl Wagner\"" or \""DungTruonghyhy\"".""
          },
          ""status"": {
            ""type"": ""string"",
            ""enum"": [
              ""Planned"",
              ""In Process"",
              ""Done"",
              ""Verified""
            ]
          }
        }
      }
    },
    {
      ""key"": ""containment.gaps"",
      ""label"": ""Open containment gaps"",
      ""widget"": ""warning-list"",
      ""dataType"": ""array"",
      ""colSpan"": 12,
      ""constraints"": {},
      ""items"": {
        ""type"": ""string""
      }
    },
    {
      ""key"": ""sources"",
      ""label"": ""Evidence and traceability"",
      ""widget"": ""evidence-list"",
      ""dataType"": ""array"",
      ""colSpan"": 12,
      ""constraints"": {},
      ""items"": {
        ""type"": ""string""
      }
    }
  ],
  ""groups"": [
    {
      ""id"": ""d3-ai-result"",
      ""label"": ""Containment plan"",
      ""fieldKeys"": [
        ""containment.actions"",
        ""containment.gaps"",
        ""sources""
      ],
      ""width"": ""100"",
      ""columns"": 12,
      ""order"": 10
    }
  ]
}";;;"1";"Approved";"AI Lead / Quality Manager";"2026-09-22 14:25:18";;;"Completed"
"f8316d7d-fc3f-4b89-becb-ceae1c2853e0";"2026-09-21T16:08:26.242Z";"anonymous";"2026-09-21T16:08:26.242Z";"anonymous";"342e8d26-dbc5-4805-85fe-1bc3a909c6df";"D4";"4";"D4 — Root Cause Analysis";"Root cause identified as Material.";"Root cause identified as Material.";;;;;"{""rootCause"":{""category"":""Material"",""whyChain"":[],""ishikawa"":[{""category"":""Man"",""description"":""EMP-8104, Shift A - printer operator loaded approved stencil ST-QFN-04 and verified paste thaw time"",""metricValue"":null,""isRootCause"":false,""source"":""ASSUMED: MES/HR""},{""category"":""Machine"",""description"":""Solder paste printer EQ-SMT02-001 squeegee pressure 0.22 kg/cm and separation speed 0.5 mm/s within spec"",""metricValue"":""0.22 kg/cm"",""isRootCause"":false,""source"":""SAP: EQUI/AFIH (PM)""},{""category"":""Method"",""description"":""DOC-6610 Rev D - stencil wipe frequency set to every 3 prints with solvent-assisted vacuum wipe"",""metricValue"":""every 3 prints"",""isRootCause"":false,""source"":""SAP: DRAW/PLPO (DMS+Routing)""},{""category"":""Material"",""description"":""Laser-cut stencil ST-QFN-04 fluoropolymer nano-coating degraded after 65,000 print cycles (limit 40,000), causing solder paste smear along aperture walls onto 0.4mm pads"",""metricValue"":""65,000 cycles vs 40,000 max"",""isRootCause"":true,""source"":""SAP: QALS/QAMR (incoming)""},{""category"":""Measurement"",""description"":""3D Solder Paste Inspection (SPI) sensor GA-0902 calibrated and height repeatability confirmed"",""metricValue"":null,""isRootCause"":false,""source"":""SAP: Test Equipment Mgmt""},{""category"":""Environment"",""description"":""SMT cleanroom temperature 22.8C / 48% RH, within 20-25C and 40-60% RH envelope"",""metricValue"":""22.8C / 48% RH"",""isRootCause"":false,""source"":""ASSUMED: MES/IoT""}]}}";"{
  ""fields"": [
    {
      ""key"": ""rootCause.statement"",
      ""label"": ""Root cause"",
      ""widget"": ""ai-draft"",
      ""dataType"": ""string"",
      ""colSpan"": 12,
      ""constraints"": {
        ""required"": true,
        ""minLength"": 10,
        ""maxLength"": 320
      }
    },
    {
      ""key"": ""rootCause.ishikawaBoard"",
      ""label"": ""Ishikawa"",
      ""widget"": ""ishikawa-grid"",
      ""dataType"": ""array"",
      ""colSpan"": 12,
      ""constraints"": {
        ""required"": true,
        ""minItems"": 6
      },
      ""description"": ""Always one row per 6M category with a concise 1-sentence verdict. Copy a recorded assessment verbatim with source=recorded; for a category with no recorded entry propose a brief verdict from evidence with source=proposed, or write \""not assessed\"". Never write audit plans or long essays in cells."",
      ""items"": {
        ""type"": ""object"",
        ""properties"": {
          ""category"": {
            ""type"": ""string"",
            ""enum"": [
              ""Man"",
              ""Machine"",
              ""Method"",
              ""Material"",
              ""Measurement"",
              ""Environment""
            ]
          },
          ""finding"": {
            ""type"": ""string"",
            ""maxLength"": 220,
            ""description"": ""The concise VERDICT for this branch, e.g. clamp pad worn 0.2 mm, or gauge R&R 8%, or not assessed. Never a list of evidence to gather - that goes in evidenceGaps once. Never the category name.""
          },
          ""isRootCause"": {
            ""type"": ""boolean"",
            ""description"": ""True for at most ONE branch in the whole board.""
          },
          ""source"": {
            ""type"": ""string"",
            ""enum"": [
              ""recorded"",
              ""proposed""
            ]
          }
        },
        ""required"": [
          ""category"",
          ""finding"",
          ""isRootCause"",
          ""source""
        ]
      }
    },
    {
      ""key"": ""rootCause.fiveWhy"",
      ""label"": ""5-Why chain"",
      ""widget"": ""why-chain"",
      ""dataType"": ""array"",
      ""colSpan"": 12,
      ""constraints"": {
        ""required"": true,
        ""minItems"": 1
      },
      ""items"": {
        ""type"": ""object"",
        ""properties"": {
          ""step"": {
            ""type"": ""integer"",
            ""description"": ""Position in the chain, starting at 1.""
          },
          ""why"": {
            ""type"": ""string"",
            ""maxLength"": 140,
            ""description"": ""The question only, ending in a question mark. Keep it short and crisp.""
          },
          ""answer"": {
            ""type"": ""string"",
            ""maxLength"": 200,
            ""description"": ""The answer only: 1 concise direct sentence naming the cause. Never repeat the question, never list audit procedures or evidence still to be gathered.""
          },
          ""evidence"": {
            ""type"": ""string"",
            ""maxLength"": 200,
            ""description"": ""The CaseContext path or measurement backing the answer. Concise citation only.""
          }
        },
        ""required"": [
          ""step"",
          ""why"",
          ""answer"",
          ""evidence""
        ]
      }
    },
    {
      ""key"": ""rootCause.evidenceGaps"",
      ""label"": ""Evidence gaps"",
      ""widget"": ""warning-list"",
      ""dataType"": ""array"",
      ""colSpan"": 12,
      ""constraints"": {},
      ""items"": {
        ""type"": ""string""
      }
    },
    {
      ""key"": ""sources"",
      ""label"": ""Evidence and traceability"",
      ""widget"": ""evidence-list"",
      ""dataType"": ""array"",
      ""colSpan"": 12,
      ""constraints"": {},
      ""items"": {
        ""type"": ""string""
      }
    }
  ],
  ""groups"": [
    {
      ""id"": ""d4-ai-result"",
      ""label"": ""Root cause analysis"",
      ""fieldKeys"": [
        ""rootCause.statement"",
        ""rootCause.ishikawaBoard"",
        ""rootCause.fiveWhy"",
        ""rootCause.evidenceGaps"",
        ""sources""
      ],
      ""width"": ""100"",
      ""columns"": 12,
      ""order"": 10
    }
  ]
}";;;"1";"Approved";"AI Lead / Quality Manager";"2026-09-22 14:25:18";;;"Completed"
"54d2ec42-4307-4176-be4f-9da6d70a4fae";"2026-09-21T16:08:26.242Z";"anonymous";"2026-09-21T16:08:26.242Z";"anonymous";"342e8d26-dbc5-4805-85fe-1bc3a909c6df";"D5";"5";"D5 — Corrective Actions";"Permanent corrective actions defined.";"Permanent corrective actions defined.";;;;;"{""corrective"":{""actions"":[{""lineNo"":2,""actionType"":""Corrective"",""actionText"":""Scrap worn stencil ST-QFN-04 and install new nano-coated laser stencil with verified 105 deg contact angle"",""status"":""Verified""}]}}";"{
  ""fields"": [
    {
      ""key"": ""corrective.actions"",
      ""label"": ""Permanent corrective actions"",
      ""widget"": ""action-cards"",
      ""dataType"": ""array"",
      ""colSpan"": 12,
      ""constraints"": {
        ""required"": true,
        ""minItems"": 1
      },
      ""items"": {
        ""type"": ""object"",
        ""properties"": {
          ""action"": {
            ""type"": ""string"",
            ""maxLength"": 240,
            ""description"": ""The action and its trigger, starting with the imperative verb that names the PRIMARY work. No owner, no status, no rationale - those are separate fields.""
          },
          ""owner"": {
            ""type"": ""string"",
            ""maxLength"": 120,
            ""description"": ""The team member from D1 (team.roster or team.leader/members) assigned to this corrective action, selected by matching their role/responsibility to the root cause fix. E.g. \""Karl Wagner\"" or \""Minh Dinh\"".""
          },
          ""status"": {
            ""type"": ""string"",
            ""maxLength"": 40,
            ""description"": ""ONLY the current status, one or two words, e.g. \""Planned\"", \""In progress\"", \""Done\"".""
          },
          ""origin"": {
            ""type"": ""string"",
            ""maxLength"": 60,
            ""description"": ""ONLY where it came from: \""recorded\"" for an action already in the case, or \""precedents#N\"" for a proposal.""
          },
          ""protection"": {
            ""type"": ""string"",
            ""maxLength"": 200,
            ""description"": ""One line.""
          }
        }
      }
    },
    {
      ""key"": ""sources"",
      ""label"": ""Evidence and traceability"",
      ""widget"": ""evidence-list"",
      ""dataType"": ""array"",
      ""colSpan"": 12,
      ""constraints"": {},
      ""items"": {
        ""type"": ""string""
      }
    }
  ],
  ""groups"": [
    {
      ""id"": ""d5-ai-result"",
      ""label"": ""AI-generated corrective plan"",
      ""fieldKeys"": [
        ""corrective.actions""
      ],
      ""width"": ""100"",
      ""columns"": 12,
      ""order"": 10
    }
  ]
}";;;"1";"Approved";"AI Lead / Quality Manager";"2026-09-22 14:25:18";;;"Completed"
"5e541190-9071-47ae-aa8a-6b42e64d3cba";"2026-09-21T16:08:26.242Z";"anonymous";"2026-09-21T16:08:26.242Z";"anonymous";"342e8d26-dbc5-4805-85fe-1bc3a909c6df";"D6";"6";"D6 — Verification of Effectiveness";"Verification plan executed.";"Verification plan executed.";;;;;"{""verification"":{""status"":""Verified"",""notes"":""Corrective actions verified on line.""}}";"{
  ""fields"": [
    {
      ""key"": ""verification.objective"",
      ""label"": ""Verification objective"",
      ""widget"": ""callout"",
      ""dataType"": ""string"",
      ""colSpan"": 12,
      ""constraints"": {
        ""required"": true,
        ""maxLength"": 260
      }
    },
    {
      ""key"": ""verification.plan"",
      ""label"": ""Verification plan"",
      ""widget"": ""table"",
      ""dataType"": ""array"",
      ""colSpan"": 12,
      ""constraints"": {
        ""required"": true,
        ""minItems"": 1
      },
      ""items"": {
        ""type"": ""object"",
        ""properties"": {
          ""measure"": {
            ""type"": ""string"",
            ""maxLength"": 200,
            ""description"": ""One line.""
          },
          ""sampleSize"": {
            ""type"": ""string"",
            ""maxLength"": 80,
            ""description"": ""ONLY the sample size, e.g. \""30 parts per shift\"".""
          },
          ""period"": {
            ""type"": ""string"",
            ""maxLength"": 60,
            ""description"": ""ONLY the period over which it runs, e.g. \""4 weeks\"".""
          },
          ""acceptanceCriterion"": {
            ""type"": ""string"",
            ""maxLength"": 220,
            ""description"": ""The pass/fail threshold with its number, anchored to a real specification value.""
          },
          ""signOff"": {
            ""type"": ""string"",
            ""maxLength"": 120,
            ""description"": ""ONLY the role that signs it off.""
          }
        }
      }
    },
    {
      ""key"": ""verification.evidenceStatus"",
      ""label"": ""Evidence status"",
      ""widget"": ""status"",
      ""dataType"": ""string"",
      ""colSpan"": 4,
      ""constraints"": {
        ""required"": true,
        ""enum"": [
          ""No evidence yet"",
          ""Partially verified"",
          ""Verified""
        ]
      }
    },
    {
      ""key"": ""sources"",
      ""label"": ""Evidence and traceability"",
      ""widget"": ""evidence-list"",
      ""dataType"": ""array"",
      ""colSpan"": 12,
      ""constraints"": {},
      ""items"": {
        ""type"": ""string""
      }
    }
  ],
  ""groups"": [
    {
      ""id"": ""d6-ai-result"",
      ""label"": ""AI-generated verification plan"",
      ""fieldKeys"": [
        ""verification.objective"",
        ""verification.plan""
      ],
      ""width"": ""100"",
      ""columns"": 12,
      ""order"": 10
    }
  ]
}";;;"1";"Approved";"AI Lead / Quality Manager";"2026-09-22 14:25:18";;;"Completed"
"045d7228-6ace-4657-9a1d-b9517de4d485";"2026-09-21T16:08:26.242Z";"anonymous";"2026-09-21T16:08:26.242Z";"anonymous";"342e8d26-dbc5-4805-85fe-1bc3a909c6df";"D7";"7";"D7 — Preventive Actions";"Preventive measures implemented.";"Preventive measures implemented.";;;;;"{""preventive"":{""actions"":[{""lineNo"":3,""actionType"":""Preventive"",""actionText"":""Integrate RFID stencil life tracker into solder printer to automatically lock out stencils exceeding 40,000 prints"",""status"":""Verified in production""}]}}";"{
  ""fields"": [
    {
      ""key"": ""preventive.actions"",
      ""label"": ""Preventive actions"",
      ""widget"": ""action-cards"",
      ""dataType"": ""array"",
      ""colSpan"": 12,
      ""constraints"": {
        ""required"": true,
        ""minItems"": 1
      },
      ""items"": {
        ""type"": ""object"",
        ""properties"": {
          ""action"": {
            ""type"": ""string"",
            ""maxLength"": 240,
            ""description"": ""The action and its trigger, starting with the imperative verb that names the PRIMARY work. No owner, no status, no rationale - those are separate fields.""
          },
          ""owner"": {
            ""type"": ""string"",
            ""maxLength"": 120,
            ""description"": ""The team member from D1 (team.roster or team.leader/members) assigned to this preventive action, selected by matching their role/responsibility to the systemic/FMEA fix. E.g. \""Minh Dinh\"" or \""DungTruonghyhy\"".""
          },
          ""status"": {
            ""type"": ""string"",
            ""maxLength"": 40,
            ""description"": ""ONLY the current status, one or two words, e.g. \""Planned\"", \""In progress\"", \""Done\"".""
          },
          ""origin"": {
            ""type"": ""string"",
            ""maxLength"": 60,
            ""description"": ""ONLY where it came from: \""recorded\"" for an action already in the case, or \""precedents#N\"" for a proposal.""
          },
          ""protection"": {
            ""type"": ""string"",
            ""maxLength"": 200,
            ""description"": ""One line.""
          }
        }
      }
    },
    {
      ""key"": ""preventive.fmea"",
      ""label"": ""FMEA entry to update"",
      ""widget"": ""fmea-link"",
      ""dataType"": ""object"",
      ""colSpan"": 12,
      ""constraints"": {},
      ""properties"": {
        ""fmeaId"": {
          ""type"": ""string""
        },
        ""description"": {
          ""type"": ""string""
        },
        ""change"": {
          ""type"": ""string""
        },
        ""currentRating"": {
          ""type"": ""string""
        },
        ""proposedRating"": {
          ""type"": ""string""
        }
      }
    },
    {
      ""key"": ""sources"",
      ""label"": ""Evidence and traceability"",
      ""widget"": ""evidence-list"",
      ""dataType"": ""array"",
      ""colSpan"": 12,
      ""constraints"": {},
      ""items"": {
        ""type"": ""string""
      }
    }
  ],
  ""groups"": [
    {
      ""id"": ""d7-ai-result"",
      ""label"": ""AI-generated preventive plan"",
      ""fieldKeys"": [
        ""preventive.actions"",
        ""preventive.fmea""
      ],
      ""width"": ""100"",
      ""columns"": 12,
      ""order"": 10
    }
  ]
}";;;"1";"Approved";"AI Lead / Quality Manager";"2026-09-22 14:25:18";;;"Completed"
"aedcca64-7bfa-484d-b91d-eda768ff460b";"2026-09-21T16:08:26.242Z";"anonymous";"2026-09-21T16:08:26.242Z";"anonymous";"342e8d26-dbc5-4805-85fe-1bc3a909c6df";"D8";"8";"D8 — Closure & Team Recognition";"8D report closed.";"8D report closed.";;;;;"{""closure"":{""gate"":{""status"":""Closed"",""readyForClosure"":true}}}";"{
  ""fields"": [
    {
      ""key"": ""closure.gate"",
      ""label"": ""Closure readiness"",
      ""widget"": ""closure-gate"",
      ""dataType"": ""object"",
      ""colSpan"": 12,
      ""constraints"": {},
      ""xSource"": ""manual_input"",
      ""description"": ""Computed from the review status of D1-D7. The AI never writes this."",
      ""properties"": {}
    },
    {
      ""key"": ""closure.costOfPoorQuality"",
      ""label"": ""Cost of poor quality"",
      ""widget"": ""text"",
      ""dataType"": ""string"",
      ""colSpan"": 4,
      ""constraints"": {},
      ""xSource"": ""sap_qm"",
      ""description"": ""Read from the case. The AI never writes this.""
    },
    {
      ""key"": ""closure.lessonsWhatWorked"",
      ""label"": ""What worked"",
      ""widget"": ""markdown"",
      ""dataType"": ""string"",
      ""colSpan"": 6,
      ""constraints"": {
        ""required"": true,
        ""minLength"": 20
      }
    },
    {
      ""key"": ""closure.lessonsWhatDidNot"",
      ""label"": ""What did not"",
      ""widget"": ""markdown"",
      ""dataType"": ""string"",
      ""colSpan"": 6,
      ""constraints"": {
        ""required"": true,
        ""minLength"": 20
      }
    },
    {
      ""key"": ""closure.teamRecognition"",
      ""label"": ""Team recognition"",
      ""widget"": ""markdown"",
      ""dataType"": ""string"",
      ""colSpan"": 12,
      ""constraints"": {}
    },
    {
      ""key"": ""closure.openItems"",
      ""label"": ""Still open at closure"",
      ""widget"": ""warning-list"",
      ""dataType"": ""array"",
      ""colSpan"": 12,
      ""constraints"": {},
      ""items"": {
        ""type"": ""string""
      }
    },
    {
      ""key"": ""sources"",
      ""label"": ""Evidence and traceability"",
      ""widget"": ""evidence-list"",
      ""dataType"": ""array"",
      ""colSpan"": 12,
      ""constraints"": {},
      ""items"": {
        ""type"": ""string""
      }
    }
  ],
  ""groups"": [
    {
      ""id"": ""d8-ai-result"",
      ""label"": ""AI-generated closure summary"",
      ""fieldKeys"": [
        ""closure.gate"",
        ""closure.costOfPoorQuality"",
        ""closure.lessonsWhatWorked"",
        ""closure.lessonsWhatDidNot"",
        ""closure.teamRecognition""
      ],
      ""width"": ""100"",
      ""columns"": 12,
      ""order"": 10
    }
  ]
}";;;"1";"Approved";"AI Lead / Quality Manager";"2026-09-22 14:25:18";;;"Completed"
"32c9fee8-bf48-4a36-92cf-eca48a4cf269";"2026-09-21T16:08:26.245Z";"anonymous";"2026-09-21T16:08:26.245Z";"anonymous";"7b71ca11-0d5e-4f15-9682-aea3dbfc889c";"D1";"1";"D1 — Team Roster";"Formed cross-functional 8D team.";"Formed cross-functional 8D team.";;;;;"{""team"":{""roster"":[{""name"":""Luis Moreno"",""organizationalRole"":""Assembly Process Engineer"",""assigned8DRole"":""8D Team Member"",""caseResponsibility"":""Assembly Process Engineer""},{""name"":""Quyen La"",""organizationalRole"":""Quality Technician"",""assigned8DRole"":""8D Team Member"",""caseResponsibility"":""Quality Technician""}],""assignedRoster"":[{""partnerId"":""100001"",""partnerRole"":""8D Team Leader""},{""partnerId"":""100023"",""partnerRole"":""8D Team Member""},{""partnerId"":""100011"",""partnerRole"":""8D Team Member""}]}}";"{
  ""fields"": [
    {
      ""key"": ""team.objective"",
      ""label"": ""Team objective"",
      ""widget"": ""callout"",
      ""dataType"": ""string"",
      ""colSpan"": 12,
      ""constraints"": {
        ""required"": true,
        ""minLength"": 20,
        ""maxLength"": 260
      }
    },
    {
      ""key"": ""team.selectionMethod"",
      ""label"": ""Selection method"",
      ""widget"": ""status"",
      ""dataType"": ""string"",
      ""colSpan"": 4,
      ""constraints"": {
        ""required"": true,
        ""enum"": [
          ""Current case team"",
          ""Precedent recommendation"",
          ""Hybrid"",
          ""Roles only - assignment required""
        ]
      }
    },
    {
      ""key"": ""team.problemCapabilities"",
      ""label"": ""Capabilities required by this problem"",
      ""widget"": ""tag-selector"",
      ""dataType"": ""array"",
      ""colSpan"": 8,
      ""constraints"": {
        ""required"": true,
        ""minItems"": 1
      },
      ""items"": {
        ""type"": ""string""
      }
    },
    {
      ""key"": ""team.selectionRationale"",
      ""label"": ""How the team was selected"",
      ""widget"": ""markdown"",
      ""dataType"": ""string"",
      ""colSpan"": 12,
      ""constraints"": {
        ""required"": true,
        ""minLength"": 60,
        ""maxLength"": 1600
      }
    },
    {
      ""key"": ""team.roster"",
      ""label"": ""AI suggest"",
      ""widget"": ""ai-suggest"",
      ""dataType"": ""array"",
      ""colSpan"": 12,
      ""constraints"": {
        ""required"": true,
        ""minItems"": 1
      },
      ""items"": {
        ""type"": ""object"",
        ""properties"": {
          ""name"": {
            ""type"": ""string"",
            ""maxLength"": 120,
            ""description"": ""ONLY the person name, or \""Unassigned\"". No role, no reasoning.""
          },
          ""organizationalRole"": {
            ""type"": ""string"",
            ""maxLength"": 120,
            ""description"": ""ONLY their job title in the organisation, e.g. \""Quality Engineer\"".""
          },
          ""assigned8DRole"": {
            ""type"": ""string"",
            ""maxLength"": 60,
            ""description"": ""ONLY their role in THIS 8D, e.g. \""Team Leader\"" or \""Team Member\"".""
          },
          ""caseResponsibility"": {
            ""type"": ""string"",
            ""maxLength"": 200,
            ""description"": ""What this person is accountable for here. Never a job title.""
          },
          ""selectionReason"": {
            ""type"": ""string"",
            ""maxLength"": 220,
            ""description"": ""Why this person, in one line. Do not repeat the name or the role.""
          },
          ""servedOnCount"": {
            ""type"": ""integer"",
            ""description"": ""How many qualifying precedent cases this person served on. Rank the roster by this value, descending.""
          },
          ""sourceType"": {
            ""type"": ""string"",
            ""enum"": [
              ""current_case"",
              ""precedent"",
              ""unassigned""
            ]
          },
          ""sourcePath"": {
            ""type"": ""string"",
            ""maxLength"": 80,
            ""description"": ""ONLY the resolvable path: team.leader, team.members#N, precedents#N.team#M, or team.gaps.""
          },
          ""sourceCase"": {
            ""type"": ""string"",
            ""maxLength"": 60,
            ""description"": ""ONLY the precedent notification id, when the person came from a precedent.""
          }
        },
        ""required"": [
          ""name"",
          ""organizationalRole"",
          ""assigned8DRole"",
          ""caseResponsibility"",
          ""selectionReason"",
          ""sourceType"",
          ""sourcePath""
        ]
      }
    },
    {
      ""key"": ""team.assignedRoster"",
      ""label"": ""Decision table"",
      ""widget"": ""decision-table"",
      ""dataType"": ""array"",
      ""colSpan"": 12,
      ""constraints"": {},
      ""xSource"": ""manual_input"",
      ""description"": ""Filled in by the quality engineer on the report screen. The AI never writes this."",
      ""items"": {
        ""type"": ""object"",
        ""properties"": {
          ""partnerId"": {
            ""type"": ""string""
          },
          ""partnerName"": {
            ""type"": ""string""
          },
          ""functionTitle"": {
            ""type"": ""string""
          },
          ""partnerRole"": {
            ""type"": ""string"",
            ""enum"": [
              ""8D Team Leader"",
              ""8D Team Member""
            ]
          }
        }
      }
    },
    {
      ""key"": ""team.readinessStatus"",
      ""label"": ""Team readiness"",
      ""widget"": ""status"",
      ""dataType"": ""string"",
      ""colSpan"": 3,
      ""constraints"": {
        ""required"": true,
        ""enum"": [
          ""Ready"",
          ""Partial"",
          ""Needs assignment""
        ]
      }
    },
    {
      ""key"": ""team.readinessRationale"",
      ""label"": ""Readiness assessment"",
      ""widget"": ""markdown"",
      ""dataType"": ""string"",
      ""colSpan"": 9,
      ""constraints"": {
        ""required"": true,
        ""minLength"": 30,
        ""maxLength"": 500
      }
    },
    {
      ""key"": ""team.uncoveredCapabilities"",
      ""label"": ""Uncovered capabilities"",
      ""widget"": ""warning-list"",
      ""dataType"": ""array"",
      ""colSpan"": 6,
      ""constraints"": {},
      ""items"": {
        ""type"": ""string""
      }
    },
    {
      ""key"": ""team.sourceSummary"",
      ""label"": ""Where the team recommendation came from"",
      ""widget"": ""markdown"",
      ""dataType"": ""string"",
      ""colSpan"": 6,
      ""constraints"": {
        ""required"": true,
        ""minLength"": 30,
        ""maxLength"": 500
      }
    },
    {
      ""key"": ""team.suggestionStatus"",
      ""label"": ""Suggestion status"",
      ""widget"": ""callout"",
      ""dataType"": ""string"",
      ""colSpan"": 12,
      ""constraints"": {}
    },
    {
      ""key"": ""sources"",
      ""label"": ""Source records"",
      ""widget"": ""evidence-list"",
      ""dataType"": ""array"",
      ""colSpan"": 12,
      ""constraints"": {
        ""pattern"": ""^(team\\.|precedents#)""
      },
      ""items"": {
        ""type"": ""string""
      }
    }
  ],
  ""groups"": [
    {
      ""id"": ""d1-decision-table"",
      ""label"": ""Decision Table"",
      ""fieldKeys"": [
        ""team.assignedRoster"",
        ""team.suggestionStatus""
      ],
      ""width"": ""100"",
      ""columns"": 12,
      ""order"": 10
    }
  ]
}";;;"1";"Approved";"AI Lead / Quality Manager";"2026-09-22 14:25:18";;;"Completed"
"ea224c24-e408-4514-8d20-b4c4b3f55bb9";"2026-09-21T16:08:26.245Z";"anonymous";"2026-09-21T16:08:26.245Z";"anonymous";"7b71ca11-0d5e-4f15-9682-aea3dbfc889c";"D2";"2";"D2 — Problem Description";"Thread stripping on M4 plastic boss detected by screwdriving angle-torque monitor";"Thread stripping on M4 plastic boss detected by screwdriving angle-torque monitor";;;;;"{""problem"":{""statement"":""Thread stripping on M4 plastic boss detected by screwdriving angle-torque monitor"",""isIsNot"":{""is"":""PMA-30 thermoplastic variants assembled on WC-ASSY-05 on 2026-08-07 afternoon shift"",""isNot"":""PMA-30 metal housing variants or assemblies produced on morning shift"",""notes"":""Defect caused exclusively by manual HMI recipe mismatch on plastic variant line run""},""w2h"":{}}}";"{
  ""fields"": [
    {
      ""key"": ""problem.complaintReference"",
      ""label"": ""Complaint reference"",
      ""widget"": ""complaint-reference"",
      ""dataType"": ""string"",
      ""colSpan"": 12,
      ""constraints"": {},
      ""xSource"": ""sap_qm"",
      ""description"": ""Read from the SAP QM customer reference on the case. The AI never writes this.""
    },
    {
      ""key"": ""problem.statement"",
      ""label"": ""Problem statement"",
      ""widget"": ""problem-statement"",
      ""dataType"": ""string"",
      ""colSpan"": 12,
      ""constraints"": {
        ""required"": true,
        ""minLength"": 30,
        ""maxLength"": 600
      }
    },
    {
      ""key"": ""problem.statementOverride"",
      ""label"": ""Problem statement (edited)"",
      ""widget"": ""text"",
      ""dataType"": ""string"",
      ""colSpan"": 12,
      ""constraints"": {},
      ""xSource"": ""manual_input"",
      ""description"": ""Edited by the quality engineer on the report screen. The AI never writes this.""
    },
    {
      ""key"": ""problem.what"",
      ""label"": ""What"",
      ""widget"": ""w2h-cell"",
      ""dataType"": ""string"",
      ""colSpan"": 4,
      ""constraints"": {
        ""required"": true
      }
    },
    {
      ""key"": ""problem.where"",
      ""label"": ""Where"",
      ""widget"": ""w2h-cell"",
      ""dataType"": ""string"",
      ""colSpan"": 4,
      ""constraints"": {
        ""required"": true
      }
    },
    {
      ""key"": ""problem.when"",
      ""label"": ""When"",
      ""widget"": ""w2h-cell"",
      ""dataType"": ""string"",
      ""colSpan"": 4,
      ""constraints"": {}
    },
    {
      ""key"": ""problem.who"",
      ""label"": ""Who"",
      ""widget"": ""w2h-cell"",
      ""dataType"": ""string"",
      ""colSpan"": 4,
      ""constraints"": {}
    },
    {
      ""key"": ""problem.how"",
      ""label"": ""How"",
      ""widget"": ""w2h-cell"",
      ""dataType"": ""string"",
      ""colSpan"": 4,
      ""constraints"": {}
    },
    {
      ""key"": ""problem.extent"",
      ""label"": ""How Many"",
      ""widget"": ""w2h-cell"",
      ""dataType"": ""string"",
      ""colSpan"": 4,
      ""constraints"": {
        ""required"": true
      }
    },
    {
      ""key"": ""problem.impact"",
      ""label"": ""Business / customer impact"",
      ""widget"": ""text"",
      ""dataType"": ""string"",
      ""colSpan"": 12,
      ""constraints"": {}
    },
    {
      ""key"": ""problem.is"",
      ""label"": ""Is"",
      ""widget"": ""is-box"",
      ""dataType"": ""array"",
      ""colSpan"": 6,
      ""constraints"": {},
      ""items"": {
        ""type"": ""string""
      }
    },
    {
      ""key"": ""problem.isNot"",
      ""label"": ""Is not"",
      ""widget"": ""isnot-box"",
      ""dataType"": ""array"",
      ""colSpan"": 6,
      ""constraints"": {},
      ""items"": {
        ""type"": ""string""
      }
    },
    {
      ""key"": ""problem.isIsNotStatus"",
      ""label"": ""Is / Is-Not status"",
      ""widget"": ""callout"",
      ""dataType"": ""string"",
      ""colSpan"": 12,
      ""constraints"": {}
    },
    {
      ""key"": ""problem.isIsNotBasis"",
      ""label"": ""Is / Is-Not basis"",
      ""widget"": ""markdown"",
      ""dataType"": ""string"",
      ""colSpan"": 12,
      ""constraints"": {}
    },
    {
      ""key"": ""problem.measuredEvidence"",
      ""label"": ""Measured evidence"",
      ""widget"": ""table"",
      ""dataType"": ""array"",
      ""colSpan"": 12,
      ""constraints"": {},
      ""items"": {
        ""type"": ""object"",
        ""properties"": {
          ""characteristic"": {
            ""type"": ""string"",
            ""maxLength"": 120,
            ""description"": ""ONLY the characteristic name, e.g. \""Burr height\"". No value, no verdict.""
          },
          ""measured"": {
            ""type"": ""string"",
            ""maxLength"": 60,
            ""description"": ""ONLY the measured value with its unit, e.g. \""0.32 mm\"".""
          },
          ""specification"": {
            ""type"": ""string"",
            ""maxLength"": 60,
            ""description"": ""ONLY the specification limit with its unit, e.g. \""max 0.10 mm\"".""
          },
          ""assessment"": {
            ""type"": ""string"",
            ""maxLength"": 120,
            ""description"": ""ONLY the verdict, e.g. \""Out of tolerance\"" or \""Within spec\"". No restatement of the numbers.""
          }
        }
      }
    },
    {
      ""key"": ""problem.gaps"",
      ""label"": ""Missing facts"",
      ""widget"": ""warning-list"",
      ""dataType"": ""array"",
      ""colSpan"": 12,
      ""constraints"": {},
      ""items"": {
        ""type"": ""string""
      }
    },
    {
      ""key"": ""sources"",
      ""label"": ""Evidence and traceability"",
      ""widget"": ""evidence-list"",
      ""dataType"": ""array"",
      ""colSpan"": 12,
      ""constraints"": {},
      ""items"": {
        ""type"": ""string""
      }
    }
  ],
  ""groups"": [
    {
      ""id"": ""d2-ai-result"",
      ""label"": ""AI-generated problem description"",
      ""fieldKeys"": [
        ""problem.complaintReference"",
        ""problem.statement"",
        ""problem.what"",
        ""problem.where"",
        ""problem.when"",
        ""problem.who"",
        ""problem.how"",
        ""problem.extent"",
        ""problem.is"",
        ""problem.isNot"",
        ""problem.isIsNotStatus"",
        ""problem.isIsNotBasis""
      ],
      ""width"": ""100"",
      ""columns"": 12,
      ""order"": 10
    }
  ]
}";;;"1";"Approved";"AI Lead / Quality Manager";"2026-09-22 14:25:18";;;"Completed"
"75114c4c-cde3-4947-89b7-50cccaf80312";"2026-09-21T16:08:26.245Z";"anonymous";"2026-09-21T16:08:26.245Z";"anonymous";"7b71ca11-0d5e-4f15-9682-aea3dbfc889c";"D3";"3";"D3 — Containment Actions";"Containment actions established.";"Containment actions established.";;;;;"{""containment"":{""actions"":[{""lineNo"":1,""actionType"":""Containment"",""actionText"":""100% torque inspection on 62 assembled pump motors and replace stripped plastic housings"",""status"":""Done""}]}}";"{
  ""fields"": [
    {
      ""key"": ""containment.actions"",
      ""label"": ""Containment actions"",
      ""widget"": ""action-cards"",
      ""dataType"": ""array"",
      ""colSpan"": 12,
      ""constraints"": {
        ""required"": true,
        ""minItems"": 1
      },
      ""items"": {
        ""type"": ""object"",
        ""properties"": {
          ""action"": {
            ""type"": ""string"",
            ""description"": ""Short concise action description without boilerplate prefix. Start with the imperative verb naming the PRIMARY work, e.g. \""Quarantine 85 housings at the outgoing dock\"".""
          },
          ""owner"": {
            ""type"": ""string"",
            ""maxLength"": 120,
            ""description"": ""The team member from D1 (team.roster or team.leader/members) assigned to this containment action, selected by matching their role/responsibility to the work required. E.g. \""Karl Wagner\"" or \""DungTruonghyhy\"".""
          },
          ""status"": {
            ""type"": ""string"",
            ""enum"": [
              ""Planned"",
              ""In Process"",
              ""Done"",
              ""Verified""
            ]
          }
        }
      }
    },
    {
      ""key"": ""containment.gaps"",
      ""label"": ""Open containment gaps"",
      ""widget"": ""warning-list"",
      ""dataType"": ""array"",
      ""colSpan"": 12,
      ""constraints"": {},
      ""items"": {
        ""type"": ""string""
      }
    },
    {
      ""key"": ""sources"",
      ""label"": ""Evidence and traceability"",
      ""widget"": ""evidence-list"",
      ""dataType"": ""array"",
      ""colSpan"": 12,
      ""constraints"": {},
      ""items"": {
        ""type"": ""string""
      }
    }
  ],
  ""groups"": [
    {
      ""id"": ""d3-ai-result"",
      ""label"": ""Containment plan"",
      ""fieldKeys"": [
        ""containment.actions"",
        ""containment.gaps"",
        ""sources""
      ],
      ""width"": ""100"",
      ""columns"": 12,
      ""order"": 10
    }
  ]
}";;;"1";"Approved";"AI Lead / Quality Manager";"2026-09-22 14:25:18";;;"Completed"
"bd048e19-082d-4afb-b80f-597240b8115c";"2026-09-21T16:08:26.245Z";"anonymous";"2026-09-21T16:08:26.245Z";"anonymous";"7b71ca11-0d5e-4f15-9682-aea3dbfc889c";"D4";"4";"D4 — Root Cause Analysis";"Root cause identified as Man.";"Root cause identified as Man.";;;;;"{""rootCause"":{""category"":""Man"",""whyChain"":[],""ishikawa"":[{""category"":""Man"",""description"":""EMP-7190, Shift B - changeover operator manually selected fastening Recipe B (metal housing 3.2 Nm) instead of Recipe A (thermoplastic boss 1.8 Nm) on HMI dropdown"",""metricValue"":""Recipe B selected vs A"",""isRootCause"":true,""source"":""ASSUMED: MES/HR""},{""category"":""Machine"",""description"":""EQ-SCREW05-001 electric spindle driver torque transducer calibrated accurately to +/-1.0%"",""metricValue"":""calibrated"",""isRootCause"":false,""source"":""SAP: EQUI/AFIH (PM)""},{""category"":""Method"",""description"":""DOC-5519 Rev B - work instruction lacked visual barcode confirmation requirement before starting screwdriving cycle"",""metricValue"":null,""isRootCause"":false,""source"":""SAP: DRAW/PLPO (DMS+Routing)""},{""category"":""Material"",""description"":""Glass-filled PA66 motor bracket material batch B-50522 tensile strength and boss inner diameter compliant"",""metricValue"":""compliant"",""isRootCause"":false,""source"":""SAP: QALS/QAMR (incoming)""},{""category"":""Measurement"",""description"":""Torque-angle curve analyzer GA-0711 triggered torque-over-angle NOK alarm immediately"",""metricValue"":null,""isRootCause"":false,""source"":""SAP: Test Equipment Mgmt""},{""category"":""Environment"",""description"":""Assembly station clean and vibration-free"",""metricValue"":null,""isRootCause"":false,""source"":""ASSUMED: MES/IoT""}]}}";"{
  ""fields"": [
    {
      ""key"": ""rootCause.statement"",
      ""label"": ""Root cause"",
      ""widget"": ""ai-draft"",
      ""dataType"": ""string"",
      ""colSpan"": 12,
      ""constraints"": {
        ""required"": true,
        ""minLength"": 10,
        ""maxLength"": 320
      }
    },
    {
      ""key"": ""rootCause.ishikawaBoard"",
      ""label"": ""Ishikawa"",
      ""widget"": ""ishikawa-grid"",
      ""dataType"": ""array"",
      ""colSpan"": 12,
      ""constraints"": {
        ""required"": true,
        ""minItems"": 6
      },
      ""description"": ""Always one row per 6M category with a concise 1-sentence verdict. Copy a recorded assessment verbatim with source=recorded; for a category with no recorded entry propose a brief verdict from evidence with source=proposed, or write \""not assessed\"". Never write audit plans or long essays in cells."",
      ""items"": {
        ""type"": ""object"",
        ""properties"": {
          ""category"": {
            ""type"": ""string"",
            ""enum"": [
              ""Man"",
              ""Machine"",
              ""Method"",
              ""Material"",
              ""Measurement"",
              ""Environment""
            ]
          },
          ""finding"": {
            ""type"": ""string"",
            ""maxLength"": 220,
            ""description"": ""The concise VERDICT for this branch, e.g. clamp pad worn 0.2 mm, or gauge R&R 8%, or not assessed. Never a list of evidence to gather - that goes in evidenceGaps once. Never the category name.""
          },
          ""isRootCause"": {
            ""type"": ""boolean"",
            ""description"": ""True for at most ONE branch in the whole board.""
          },
          ""source"": {
            ""type"": ""string"",
            ""enum"": [
              ""recorded"",
              ""proposed""
            ]
          }
        },
        ""required"": [
          ""category"",
          ""finding"",
          ""isRootCause"",
          ""source""
        ]
      }
    },
    {
      ""key"": ""rootCause.fiveWhy"",
      ""label"": ""5-Why chain"",
      ""widget"": ""why-chain"",
      ""dataType"": ""array"",
      ""colSpan"": 12,
      ""constraints"": {
        ""required"": true,
        ""minItems"": 1
      },
      ""items"": {
        ""type"": ""object"",
        ""properties"": {
          ""step"": {
            ""type"": ""integer"",
            ""description"": ""Position in the chain, starting at 1.""
          },
          ""why"": {
            ""type"": ""string"",
            ""maxLength"": 140,
            ""description"": ""The question only, ending in a question mark. Keep it short and crisp.""
          },
          ""answer"": {
            ""type"": ""string"",
            ""maxLength"": 200,
            ""description"": ""The answer only: 1 concise direct sentence naming the cause. Never repeat the question, never list audit procedures or evidence still to be gathered.""
          },
          ""evidence"": {
            ""type"": ""string"",
            ""maxLength"": 200,
            ""description"": ""The CaseContext path or measurement backing the answer. Concise citation only.""
          }
        },
        ""required"": [
          ""step"",
          ""why"",
          ""answer"",
          ""evidence""
        ]
      }
    },
    {
      ""key"": ""rootCause.evidenceGaps"",
      ""label"": ""Evidence gaps"",
      ""widget"": ""warning-list"",
      ""dataType"": ""array"",
      ""colSpan"": 12,
      ""constraints"": {},
      ""items"": {
        ""type"": ""string""
      }
    },
    {
      ""key"": ""sources"",
      ""label"": ""Evidence and traceability"",
      ""widget"": ""evidence-list"",
      ""dataType"": ""array"",
      ""colSpan"": 12,
      ""constraints"": {},
      ""items"": {
        ""type"": ""string""
      }
    }
  ],
  ""groups"": [
    {
      ""id"": ""d4-ai-result"",
      ""label"": ""Root cause analysis"",
      ""fieldKeys"": [
        ""rootCause.statement"",
        ""rootCause.ishikawaBoard"",
        ""rootCause.fiveWhy"",
        ""rootCause.evidenceGaps"",
        ""sources""
      ],
      ""width"": ""100"",
      ""columns"": 12,
      ""order"": 10
    }
  ]
}";;;"1";"Approved";"AI Lead / Quality Manager";"2026-09-22 14:25:18";;;"Completed"
"8e92902d-b737-4534-b781-3029e0b21a92";"2026-09-21T16:08:26.245Z";"anonymous";"2026-09-21T16:08:26.245Z";"anonymous";"7b71ca11-0d5e-4f15-9682-aea3dbfc889c";"D5";"5";"D5 — Corrective Actions";"Permanent corrective actions defined.";"Permanent corrective actions defined.";;;;;"{""corrective"":{""actions"":[{""lineNo"":2,""actionType"":""Corrective"",""actionText"":""Implement 2D barcode scanner interlock on screwdriver controller to select recipe automatically from part label"",""status"":""Verified""}]}}";"{
  ""fields"": [
    {
      ""key"": ""corrective.actions"",
      ""label"": ""Permanent corrective actions"",
      ""widget"": ""action-cards"",
      ""dataType"": ""array"",
      ""colSpan"": 12,
      ""constraints"": {
        ""required"": true,
        ""minItems"": 1
      },
      ""items"": {
        ""type"": ""object"",
        ""properties"": {
          ""action"": {
            ""type"": ""string"",
            ""maxLength"": 240,
            ""description"": ""The action and its trigger, starting with the imperative verb that names the PRIMARY work. No owner, no status, no rationale - those are separate fields.""
          },
          ""owner"": {
            ""type"": ""string"",
            ""maxLength"": 120,
            ""description"": ""The team member from D1 (team.roster or team.leader/members) assigned to this corrective action, selected by matching their role/responsibility to the root cause fix. E.g. \""Karl Wagner\"" or \""Minh Dinh\"".""
          },
          ""status"": {
            ""type"": ""string"",
            ""maxLength"": 40,
            ""description"": ""ONLY the current status, one or two words, e.g. \""Planned\"", \""In progress\"", \""Done\"".""
          },
          ""origin"": {
            ""type"": ""string"",
            ""maxLength"": 60,
            ""description"": ""ONLY where it came from: \""recorded\"" for an action already in the case, or \""precedents#N\"" for a proposal.""
          },
          ""protection"": {
            ""type"": ""string"",
            ""maxLength"": 200,
            ""description"": ""One line.""
          }
        }
      }
    },
    {
      ""key"": ""sources"",
      ""label"": ""Evidence and traceability"",
      ""widget"": ""evidence-list"",
      ""dataType"": ""array"",
      ""colSpan"": 12,
      ""constraints"": {},
      ""items"": {
        ""type"": ""string""
      }
    }
  ],
  ""groups"": [
    {
      ""id"": ""d5-ai-result"",
      ""label"": ""AI-generated corrective plan"",
      ""fieldKeys"": [
        ""corrective.actions""
      ],
      ""width"": ""100"",
      ""columns"": 12,
      ""order"": 10
    }
  ]
}";;;"1";"Approved";"AI Lead / Quality Manager";"2026-09-22 14:25:18";;;"Completed"
"0da4685e-1118-44c9-84d0-927ca7dd65f5";"2026-09-21T16:08:26.245Z";"anonymous";"2026-09-21T16:08:26.245Z";"anonymous";"7b71ca11-0d5e-4f15-9682-aea3dbfc889c";"D6";"6";"D6 — Verification of Effectiveness";"Verification plan executed.";"Verification plan executed.";;;;;"{""verification"":{""status"":""Verified"",""notes"":""Corrective actions verified on line.""}}";"{
  ""fields"": [
    {
      ""key"": ""verification.objective"",
      ""label"": ""Verification objective"",
      ""widget"": ""callout"",
      ""dataType"": ""string"",
      ""colSpan"": 12,
      ""constraints"": {
        ""required"": true,
        ""maxLength"": 260
      }
    },
    {
      ""key"": ""verification.plan"",
      ""label"": ""Verification plan"",
      ""widget"": ""table"",
      ""dataType"": ""array"",
      ""colSpan"": 12,
      ""constraints"": {
        ""required"": true,
        ""minItems"": 1
      },
      ""items"": {
        ""type"": ""object"",
        ""properties"": {
          ""measure"": {
            ""type"": ""string"",
            ""maxLength"": 200,
            ""description"": ""One line.""
          },
          ""sampleSize"": {
            ""type"": ""string"",
            ""maxLength"": 80,
            ""description"": ""ONLY the sample size, e.g. \""30 parts per shift\"".""
          },
          ""period"": {
            ""type"": ""string"",
            ""maxLength"": 60,
            ""description"": ""ONLY the period over which it runs, e.g. \""4 weeks\"".""
          },
          ""acceptanceCriterion"": {
            ""type"": ""string"",
            ""maxLength"": 220,
            ""description"": ""The pass/fail threshold with its number, anchored to a real specification value.""
          },
          ""signOff"": {
            ""type"": ""string"",
            ""maxLength"": 120,
            ""description"": ""ONLY the role that signs it off.""
          }
        }
      }
    },
    {
      ""key"": ""verification.evidenceStatus"",
      ""label"": ""Evidence status"",
      ""widget"": ""status"",
      ""dataType"": ""string"",
      ""colSpan"": 4,
      ""constraints"": {
        ""required"": true,
        ""enum"": [
          ""No evidence yet"",
          ""Partially verified"",
          ""Verified""
        ]
      }
    },
    {
      ""key"": ""sources"",
      ""label"": ""Evidence and traceability"",
      ""widget"": ""evidence-list"",
      ""dataType"": ""array"",
      ""colSpan"": 12,
      ""constraints"": {},
      ""items"": {
        ""type"": ""string""
      }
    }
  ],
  ""groups"": [
    {
      ""id"": ""d6-ai-result"",
      ""label"": ""AI-generated verification plan"",
      ""fieldKeys"": [
        ""verification.objective"",
        ""verification.plan""
      ],
      ""width"": ""100"",
      ""columns"": 12,
      ""order"": 10
    }
  ]
}";;;"1";"Approved";"AI Lead / Quality Manager";"2026-09-22 14:25:18";;;"Completed"
"f25f71bc-42c0-47f7-a9ca-2e3fc7ef91d8";"2026-09-21T16:08:26.245Z";"anonymous";"2026-09-21T16:08:26.245Z";"anonymous";"7b71ca11-0d5e-4f15-9682-aea3dbfc889c";"D7";"7";"D7 — Preventive Actions";"Preventive measures implemented.";"Preventive measures implemented.";;;;;"{""preventive"":{""actions"":[{""lineNo"":3,""actionType"":""Preventive"",""actionText"":""Disable manual HMI program selection dropdown across all automated fastening stations in the plant"",""status"":""Verified in production""}]}}";"{
  ""fields"": [
    {
      ""key"": ""preventive.actions"",
      ""label"": ""Preventive actions"",
      ""widget"": ""action-cards"",
      ""dataType"": ""array"",
      ""colSpan"": 12,
      ""constraints"": {
        ""required"": true,
        ""minItems"": 1
      },
      ""items"": {
        ""type"": ""object"",
        ""properties"": {
          ""action"": {
            ""type"": ""string"",
            ""maxLength"": 240,
            ""description"": ""The action and its trigger, starting with the imperative verb that names the PRIMARY work. No owner, no status, no rationale - those are separate fields.""
          },
          ""owner"": {
            ""type"": ""string"",
            ""maxLength"": 120,
            ""description"": ""The team member from D1 (team.roster or team.leader/members) assigned to this preventive action, selected by matching their role/responsibility to the systemic/FMEA fix. E.g. \""Minh Dinh\"" or \""DungTruonghyhy\"".""
          },
          ""status"": {
            ""type"": ""string"",
            ""maxLength"": 40,
            ""description"": ""ONLY the current status, one or two words, e.g. \""Planned\"", \""In progress\"", \""Done\"".""
          },
          ""origin"": {
            ""type"": ""string"",
            ""maxLength"": 60,
            ""description"": ""ONLY where it came from: \""recorded\"" for an action already in the case, or \""precedents#N\"" for a proposal.""
          },
          ""protection"": {
            ""type"": ""string"",
            ""maxLength"": 200,
            ""description"": ""One line.""
          }
        }
      }
    },
    {
      ""key"": ""preventive.fmea"",
      ""label"": ""FMEA entry to update"",
      ""widget"": ""fmea-link"",
      ""dataType"": ""object"",
      ""colSpan"": 12,
      ""constraints"": {},
      ""properties"": {
        ""fmeaId"": {
          ""type"": ""string""
        },
        ""description"": {
          ""type"": ""string""
        },
        ""change"": {
          ""type"": ""string""
        },
        ""currentRating"": {
          ""type"": ""string""
        },
        ""proposedRating"": {
          ""type"": ""string""
        }
      }
    },
    {
      ""key"": ""sources"",
      ""label"": ""Evidence and traceability"",
      ""widget"": ""evidence-list"",
      ""dataType"": ""array"",
      ""colSpan"": 12,
      ""constraints"": {},
      ""items"": {
        ""type"": ""string""
      }
    }
  ],
  ""groups"": [
    {
      ""id"": ""d7-ai-result"",
      ""label"": ""AI-generated preventive plan"",
      ""fieldKeys"": [
        ""preventive.actions"",
        ""preventive.fmea""
      ],
      ""width"": ""100"",
      ""columns"": 12,
      ""order"": 10
    }
  ]
}";;;"1";"Approved";"AI Lead / Quality Manager";"2026-09-22 14:25:18";;;"Completed"
"02f94ca4-e336-4066-a499-9d3154433b27";"2026-09-21T16:08:26.245Z";"anonymous";"2026-09-21T16:08:26.245Z";"anonymous";"7b71ca11-0d5e-4f15-9682-aea3dbfc889c";"D8";"8";"D8 — Closure & Team Recognition";"8D report closed.";"8D report closed.";;;;;"{""closure"":{""gate"":{""status"":""Closed"",""readyForClosure"":true}}}";"{
  ""fields"": [
    {
      ""key"": ""closure.gate"",
      ""label"": ""Closure readiness"",
      ""widget"": ""closure-gate"",
      ""dataType"": ""object"",
      ""colSpan"": 12,
      ""constraints"": {},
      ""xSource"": ""manual_input"",
      ""description"": ""Computed from the review status of D1-D7. The AI never writes this."",
      ""properties"": {}
    },
    {
      ""key"": ""closure.costOfPoorQuality"",
      ""label"": ""Cost of poor quality"",
      ""widget"": ""text"",
      ""dataType"": ""string"",
      ""colSpan"": 4,
      ""constraints"": {},
      ""xSource"": ""sap_qm"",
      ""description"": ""Read from the case. The AI never writes this.""
    },
    {
      ""key"": ""closure.lessonsWhatWorked"",
      ""label"": ""What worked"",
      ""widget"": ""markdown"",
      ""dataType"": ""string"",
      ""colSpan"": 6,
      ""constraints"": {
        ""required"": true,
        ""minLength"": 20
      }
    },
    {
      ""key"": ""closure.lessonsWhatDidNot"",
      ""label"": ""What did not"",
      ""widget"": ""markdown"",
      ""dataType"": ""string"",
      ""colSpan"": 6,
      ""constraints"": {
        ""required"": true,
        ""minLength"": 20
      }
    },
    {
      ""key"": ""closure.teamRecognition"",
      ""label"": ""Team recognition"",
      ""widget"": ""markdown"",
      ""dataType"": ""string"",
      ""colSpan"": 12,
      ""constraints"": {}
    },
    {
      ""key"": ""closure.openItems"",
      ""label"": ""Still open at closure"",
      ""widget"": ""warning-list"",
      ""dataType"": ""array"",
      ""colSpan"": 12,
      ""constraints"": {},
      ""items"": {
        ""type"": ""string""
      }
    },
    {
      ""key"": ""sources"",
      ""label"": ""Evidence and traceability"",
      ""widget"": ""evidence-list"",
      ""dataType"": ""array"",
      ""colSpan"": 12,
      ""constraints"": {},
      ""items"": {
        ""type"": ""string""
      }
    }
  ],
  ""groups"": [
    {
      ""id"": ""d8-ai-result"",
      ""label"": ""AI-generated closure summary"",
      ""fieldKeys"": [
        ""closure.gate"",
        ""closure.costOfPoorQuality"",
        ""closure.lessonsWhatWorked"",
        ""closure.lessonsWhatDidNot"",
        ""closure.teamRecognition""
      ],
      ""width"": ""100"",
      ""columns"": 12,
      ""order"": 10
    }
  ]
}";;;"1";"Approved";"AI Lead / Quality Manager";"2026-09-22 14:25:18";;;"Completed"
"5d20ae2f-73ea-4793-912b-d19753f480c8";"2026-09-21T16:08:26.249Z";"anonymous";"2026-09-21T16:08:26.249Z";"anonymous";"5d76a086-0459-4be3-ac83-6645612510ec";"D1";"1";"D1 — Team Roster";"Formed cross-functional 8D team.";"Formed cross-functional 8D team.";;;;;"{""team"":{""roster"":[{""name"":""Marek Nowak"",""organizationalRole"":""Surface Treatment Specialist"",""assigned8DRole"":""8D Team Member"",""caseResponsibility"":""Surface Treatment Specialist""},{""name"":""Sara Klein"",""organizationalRole"":""Chemical Process Engineer"",""assigned8DRole"":""8D Team Member"",""caseResponsibility"":""Chemical Process Engineer""}],""assignedRoster"":[{""partnerId"":""100001"",""partnerRole"":""8D Team Leader""},{""partnerId"":""100067"",""partnerRole"":""8D Team Member""},{""partnerId"":""100031"",""partnerRole"":""8D Team Member""}]}}";"{
  ""fields"": [
    {
      ""key"": ""team.objective"",
      ""label"": ""Team objective"",
      ""widget"": ""callout"",
      ""dataType"": ""string"",
      ""colSpan"": 12,
      ""constraints"": {
        ""required"": true,
        ""minLength"": 20,
        ""maxLength"": 260
      }
    },
    {
      ""key"": ""team.selectionMethod"",
      ""label"": ""Selection method"",
      ""widget"": ""status"",
      ""dataType"": ""string"",
      ""colSpan"": 4,
      ""constraints"": {
        ""required"": true,
        ""enum"": [
          ""Current case team"",
          ""Precedent recommendation"",
          ""Hybrid"",
          ""Roles only - assignment required""
        ]
      }
    },
    {
      ""key"": ""team.problemCapabilities"",
      ""label"": ""Capabilities required by this problem"",
      ""widget"": ""tag-selector"",
      ""dataType"": ""array"",
      ""colSpan"": 8,
      ""constraints"": {
        ""required"": true,
        ""minItems"": 1
      },
      ""items"": {
        ""type"": ""string""
      }
    },
    {
      ""key"": ""team.selectionRationale"",
      ""label"": ""How the team was selected"",
      ""widget"": ""markdown"",
      ""dataType"": ""string"",
      ""colSpan"": 12,
      ""constraints"": {
        ""required"": true,
        ""minLength"": 60,
        ""maxLength"": 1600
      }
    },
    {
      ""key"": ""team.roster"",
      ""label"": ""AI suggest"",
      ""widget"": ""ai-suggest"",
      ""dataType"": ""array"",
      ""colSpan"": 12,
      ""constraints"": {
        ""required"": true,
        ""minItems"": 1
      },
      ""items"": {
        ""type"": ""object"",
        ""properties"": {
          ""name"": {
            ""type"": ""string"",
            ""maxLength"": 120,
            ""description"": ""ONLY the person name, or \""Unassigned\"". No role, no reasoning.""
          },
          ""organizationalRole"": {
            ""type"": ""string"",
            ""maxLength"": 120,
            ""description"": ""ONLY their job title in the organisation, e.g. \""Quality Engineer\"".""
          },
          ""assigned8DRole"": {
            ""type"": ""string"",
            ""maxLength"": 60,
            ""description"": ""ONLY their role in THIS 8D, e.g. \""Team Leader\"" or \""Team Member\"".""
          },
          ""caseResponsibility"": {
            ""type"": ""string"",
            ""maxLength"": 200,
            ""description"": ""What this person is accountable for here. Never a job title.""
          },
          ""selectionReason"": {
            ""type"": ""string"",
            ""maxLength"": 220,
            ""description"": ""Why this person, in one line. Do not repeat the name or the role.""
          },
          ""servedOnCount"": {
            ""type"": ""integer"",
            ""description"": ""How many qualifying precedent cases this person served on. Rank the roster by this value, descending.""
          },
          ""sourceType"": {
            ""type"": ""string"",
            ""enum"": [
              ""current_case"",
              ""precedent"",
              ""unassigned""
            ]
          },
          ""sourcePath"": {
            ""type"": ""string"",
            ""maxLength"": 80,
            ""description"": ""ONLY the resolvable path: team.leader, team.members#N, precedents#N.team#M, or team.gaps.""
          },
          ""sourceCase"": {
            ""type"": ""string"",
            ""maxLength"": 60,
            ""description"": ""ONLY the precedent notification id, when the person came from a precedent.""
          }
        },
        ""required"": [
          ""name"",
          ""organizationalRole"",
          ""assigned8DRole"",
          ""caseResponsibility"",
          ""selectionReason"",
          ""sourceType"",
          ""sourcePath""
        ]
      }
    },
    {
      ""key"": ""team.assignedRoster"",
      ""label"": ""Decision table"",
      ""widget"": ""decision-table"",
      ""dataType"": ""array"",
      ""colSpan"": 12,
      ""constraints"": {},
      ""xSource"": ""manual_input"",
      ""description"": ""Filled in by the quality engineer on the report screen. The AI never writes this."",
      ""items"": {
        ""type"": ""object"",
        ""properties"": {
          ""partnerId"": {
            ""type"": ""string""
          },
          ""partnerName"": {
            ""type"": ""string""
          },
          ""functionTitle"": {
            ""type"": ""string""
          },
          ""partnerRole"": {
            ""type"": ""string"",
            ""enum"": [
              ""8D Team Leader"",
              ""8D Team Member""
            ]
          }
        }
      }
    },
    {
      ""key"": ""team.readinessStatus"",
      ""label"": ""Team readiness"",
      ""widget"": ""status"",
      ""dataType"": ""string"",
      ""colSpan"": 3,
      ""constraints"": {
        ""required"": true,
        ""enum"": [
          ""Ready"",
          ""Partial"",
          ""Needs assignment""
        ]
      }
    },
    {
      ""key"": ""team.readinessRationale"",
      ""label"": ""Readiness assessment"",
      ""widget"": ""markdown"",
      ""dataType"": ""string"",
      ""colSpan"": 9,
      ""constraints"": {
        ""required"": true,
        ""minLength"": 30,
        ""maxLength"": 500
      }
    },
    {
      ""key"": ""team.uncoveredCapabilities"",
      ""label"": ""Uncovered capabilities"",
      ""widget"": ""warning-list"",
      ""dataType"": ""array"",
      ""colSpan"": 6,
      ""constraints"": {},
      ""items"": {
        ""type"": ""string""
      }
    },
    {
      ""key"": ""team.sourceSummary"",
      ""label"": ""Where the team recommendation came from"",
      ""widget"": ""markdown"",
      ""dataType"": ""string"",
      ""colSpan"": 6,
      ""constraints"": {
        ""required"": true,
        ""minLength"": 30,
        ""maxLength"": 500
      }
    },
    {
      ""key"": ""team.suggestionStatus"",
      ""label"": ""Suggestion status"",
      ""widget"": ""callout"",
      ""dataType"": ""string"",
      ""colSpan"": 12,
      ""constraints"": {}
    },
    {
      ""key"": ""sources"",
      ""label"": ""Source records"",
      ""widget"": ""evidence-list"",
      ""dataType"": ""array"",
      ""colSpan"": 12,
      ""constraints"": {
        ""pattern"": ""^(team\\.|precedents#)""
      },
      ""items"": {
        ""type"": ""string""
      }
    }
  ],
  ""groups"": [
    {
      ""id"": ""d1-decision-table"",
      ""label"": ""Decision Table"",
      ""fieldKeys"": [
        ""team.assignedRoster"",
        ""team.suggestionStatus""
      ],
      ""width"": ""100"",
      ""columns"": 12,
      ""order"": 10
    }
  ]
}";;;"1";"Approved";"AI Lead / Quality Manager";"2026-09-22 14:25:18";;;"Completed"
"199993b8-4b49-4d53-a02c-042977badb2b";"2026-09-21T16:08:26.249Z";"anonymous";"2026-09-21T16:08:26.249Z";"anonymous";"5d76a086-0459-4be3-ac83-6645612510ec";"D2";"2";"D2 — Problem Description";"Customer incoming inspection rejected 150 anodized frames due to surface pitting and color mottling";"Customer incoming inspection rejected 150 anodized frames due to surface pitting and color mottling";;;;;"{""problem"":{""statement"":""Customer incoming inspection rejected 150 anodized frames due to surface pitting and color mottling"",""isIsNot"":{""is"":""Bezel Frame BF-10 processed through WC-ANOD-01 rinse tank 3 on 2026-08-08 morning run"",""isNot"":""Frames processed after resin tank replacement on 2026-08-09 reading 1.8 uS/cm"",""notes"":""Pitting failure directly tracked rinse tank conductivity spike above 30 uS/cm""},""w2h"":{}}}";"{
  ""fields"": [
    {
      ""key"": ""problem.complaintReference"",
      ""label"": ""Complaint reference"",
      ""widget"": ""complaint-reference"",
      ""dataType"": ""string"",
      ""colSpan"": 12,
      ""constraints"": {},
      ""xSource"": ""sap_qm"",
      ""description"": ""Read from the SAP QM customer reference on the case. The AI never writes this.""
    },
    {
      ""key"": ""problem.statement"",
      ""label"": ""Problem statement"",
      ""widget"": ""problem-statement"",
      ""dataType"": ""string"",
      ""colSpan"": 12,
      ""constraints"": {
        ""required"": true,
        ""minLength"": 30,
        ""maxLength"": 600
      }
    },
    {
      ""key"": ""problem.statementOverride"",
      ""label"": ""Problem statement (edited)"",
      ""widget"": ""text"",
      ""dataType"": ""string"",
      ""colSpan"": 12,
      ""constraints"": {},
      ""xSource"": ""manual_input"",
      ""description"": ""Edited by the quality engineer on the report screen. The AI never writes this.""
    },
    {
      ""key"": ""problem.what"",
      ""label"": ""What"",
      ""widget"": ""w2h-cell"",
      ""dataType"": ""string"",
      ""colSpan"": 4,
      ""constraints"": {
        ""required"": true
      }
    },
    {
      ""key"": ""problem.where"",
      ""label"": ""Where"",
      ""widget"": ""w2h-cell"",
      ""dataType"": ""string"",
      ""colSpan"": 4,
      ""constraints"": {
        ""required"": true
      }
    },
    {
      ""key"": ""problem.when"",
      ""label"": ""When"",
      ""widget"": ""w2h-cell"",
      ""dataType"": ""string"",
      ""colSpan"": 4,
      ""constraints"": {}
    },
    {
      ""key"": ""problem.who"",
      ""label"": ""Who"",
      ""widget"": ""w2h-cell"",
      ""dataType"": ""string"",
      ""colSpan"": 4,
      ""constraints"": {}
    },
    {
      ""key"": ""problem.how"",
      ""label"": ""How"",
      ""widget"": ""w2h-cell"",
      ""dataType"": ""string"",
      ""colSpan"": 4,
      ""constraints"": {}
    },
    {
      ""key"": ""problem.extent"",
      ""label"": ""How Many"",
      ""widget"": ""w2h-cell"",
      ""dataType"": ""string"",
      ""colSpan"": 4,
      ""constraints"": {
        ""required"": true
      }
    },
    {
      ""key"": ""problem.impact"",
      ""label"": ""Business / customer impact"",
      ""widget"": ""text"",
      ""dataType"": ""string"",
      ""colSpan"": 12,
      ""constraints"": {}
    },
    {
      ""key"": ""problem.is"",
      ""label"": ""Is"",
      ""widget"": ""is-box"",
      ""dataType"": ""array"",
      ""colSpan"": 6,
      ""constraints"": {},
      ""items"": {
        ""type"": ""string""
      }
    },
    {
      ""key"": ""problem.isNot"",
      ""label"": ""Is not"",
      ""widget"": ""isnot-box"",
      ""dataType"": ""array"",
      ""colSpan"": 6,
      ""constraints"": {},
      ""items"": {
        ""type"": ""string""
      }
    },
    {
      ""key"": ""problem.isIsNotStatus"",
      ""label"": ""Is / Is-Not status"",
      ""widget"": ""callout"",
      ""dataType"": ""string"",
      ""colSpan"": 12,
      ""constraints"": {}
    },
    {
      ""key"": ""problem.isIsNotBasis"",
      ""label"": ""Is / Is-Not basis"",
      ""widget"": ""markdown"",
      ""dataType"": ""string"",
      ""colSpan"": 12,
      ""constraints"": {}
    },
    {
      ""key"": ""problem.measuredEvidence"",
      ""label"": ""Measured evidence"",
      ""widget"": ""table"",
      ""dataType"": ""array"",
      ""colSpan"": 12,
      ""constraints"": {},
      ""items"": {
        ""type"": ""object"",
        ""properties"": {
          ""characteristic"": {
            ""type"": ""string"",
            ""maxLength"": 120,
            ""description"": ""ONLY the characteristic name, e.g. \""Burr height\"". No value, no verdict.""
          },
          ""measured"": {
            ""type"": ""string"",
            ""maxLength"": 60,
            ""description"": ""ONLY the measured value with its unit, e.g. \""0.32 mm\"".""
          },
          ""specification"": {
            ""type"": ""string"",
            ""maxLength"": 60,
            ""description"": ""ONLY the specification limit with its unit, e.g. \""max 0.10 mm\"".""
          },
          ""assessment"": {
            ""type"": ""string"",
            ""maxLength"": 120,
            ""description"": ""ONLY the verdict, e.g. \""Out of tolerance\"" or \""Within spec\"". No restatement of the numbers.""
          }
        }
      }
    },
    {
      ""key"": ""problem.gaps"",
      ""label"": ""Missing facts"",
      ""widget"": ""warning-list"",
      ""dataType"": ""array"",
      ""colSpan"": 12,
      ""constraints"": {},
      ""items"": {
        ""type"": ""string""
      }
    },
    {
      ""key"": ""sources"",
      ""label"": ""Evidence and traceability"",
      ""widget"": ""evidence-list"",
      ""dataType"": ""array"",
      ""colSpan"": 12,
      ""constraints"": {},
      ""items"": {
        ""type"": ""string""
      }
    }
  ],
  ""groups"": [
    {
      ""id"": ""d2-ai-result"",
      ""label"": ""AI-generated problem description"",
      ""fieldKeys"": [
        ""problem.complaintReference"",
        ""problem.statement"",
        ""problem.what"",
        ""problem.where"",
        ""problem.when"",
        ""problem.who"",
        ""problem.how"",
        ""problem.extent"",
        ""problem.is"",
        ""problem.isNot"",
        ""problem.isIsNotStatus"",
        ""problem.isIsNotBasis""
      ],
      ""width"": ""100"",
      ""columns"": 12,
      ""order"": 10
    }
  ]
}";;;"1";"Approved";"AI Lead / Quality Manager";"2026-09-22 14:25:18";;;"Completed"
"e0da6369-3de8-4b73-a6ce-6454dea14b7b";"2026-09-21T16:08:26.249Z";"anonymous";"2026-09-21T16:08:26.249Z";"anonymous";"5d76a086-0459-4be3-ac83-6645612510ec";"D3";"3";"D3 — Containment Actions";"Containment actions established.";"Containment actions established.";;;;;"{""containment"":{""actions"":[{""lineNo"":1,""actionType"":""Containment"",""actionText"":""Quarantine 150 frames at customer dock and sort 320 finished frames in central stock"",""status"":""Done""}]}}";"{
  ""fields"": [
    {
      ""key"": ""containment.actions"",
      ""label"": ""Containment actions"",
      ""widget"": ""action-cards"",
      ""dataType"": ""array"",
      ""colSpan"": 12,
      ""constraints"": {
        ""required"": true,
        ""minItems"": 1
      },
      ""items"": {
        ""type"": ""object"",
        ""properties"": {
          ""action"": {
            ""type"": ""string"",
            ""description"": ""Short concise action description without boilerplate prefix. Start with the imperative verb naming the PRIMARY work, e.g. \""Quarantine 85 housings at the outgoing dock\"".""
          },
          ""owner"": {
            ""type"": ""string"",
            ""maxLength"": 120,
            ""description"": ""The team member from D1 (team.roster or team.leader/members) assigned to this containment action, selected by matching their role/responsibility to the work required. E.g. \""Karl Wagner\"" or \""DungTruonghyhy\"".""
          },
          ""status"": {
            ""type"": ""string"",
            ""enum"": [
              ""Planned"",
              ""In Process"",
              ""Done"",
              ""Verified""
            ]
          }
        }
      }
    },
    {
      ""key"": ""containment.gaps"",
      ""label"": ""Open containment gaps"",
      ""widget"": ""warning-list"",
      ""dataType"": ""array"",
      ""colSpan"": 12,
      ""constraints"": {},
      ""items"": {
        ""type"": ""string""
      }
    },
    {
      ""key"": ""sources"",
      ""label"": ""Evidence and traceability"",
      ""widget"": ""evidence-list"",
      ""dataType"": ""array"",
      ""colSpan"": 12,
      ""constraints"": {},
      ""items"": {
        ""type"": ""string""
      }
    }
  ],
  ""groups"": [
    {
      ""id"": ""d3-ai-result"",
      ""label"": ""Containment plan"",
      ""fieldKeys"": [
        ""containment.actions"",
        ""containment.gaps"",
        ""sources""
      ],
      ""width"": ""100"",
      ""columns"": 12,
      ""order"": 10
    }
  ]
}";;;"1";"Approved";"AI Lead / Quality Manager";"2026-09-22 14:25:18";;;"Completed"
"6110515e-3c38-46bc-849f-b9891d770c44";"2026-09-21T16:08:26.249Z";"anonymous";"2026-09-21T16:08:26.249Z";"anonymous";"5d76a086-0459-4be3-ac83-6645612510ec";"D4";"4";"D4 — Root Cause Analysis";"Root cause identified as Environment.";"Root cause identified as Environment.";;;;;"{""rootCause"":{""category"":""Environment"",""whyChain"":[],""ishikawa"":[{""category"":""Man"",""description"":""EMP-2281, Shift A - anodizing line operator followed racking spacing and current ramp procedure"",""metricValue"":null,""isRootCause"":false,""source"":""ASSUMED: MES/HR""},{""category"":""Machine"",""description"":""EQ-ANOD01-003 rectifier voltage and temperature bath chilling operated within standard envelope"",""metricValue"":""18.5V / 19.8C"",""isRootCause"":false,""source"":""SAP: EQUI/AFIH (PM)""},{""category"":""Method"",""description"":""DOC-4401 Rev E - black dye immersion time 8 min and nickel acetate sealing 20 min compliant"",""metricValue"":null,""isRootCause"":false,""source"":""SAP: DRAW/PLPO (DMS+Routing)""},{""category"":""Material"",""description"":""Extruded aluminium 6063-T6 alloy certificate compliant, iron and copper content within limits"",""metricValue"":""Fe 0.18%"",""isRootCause"":false,""source"":""SAP: QALS/QAMR (incoming)""},{""category"":""Measurement"",""description"":""Eddy-current thickness gauge GA-0610 calibrated on ISO reference foils"",""metricValue"":null,""isRootCause"":false,""source"":""SAP: Test Equipment Mgmt""},{""category"":""Environment"",""description"":""Deionized (DI) post-anodize rinse water tank conductivity climbed to 34.5 uS/cm (limit 5.0 uS/cm) due to exhausted mixed-bed ion exchange resin, leaving chloride residue that pitted the unsealed oxide pores"",""metricValue"":""34.5 uS/cm vs 5.0 uS/cm max"",""isRootCause"":true,""source"":""ASSUMED: MES/IoT""}]}}";"{
  ""fields"": [
    {
      ""key"": ""rootCause.statement"",
      ""label"": ""Root cause"",
      ""widget"": ""ai-draft"",
      ""dataType"": ""string"",
      ""colSpan"": 12,
      ""constraints"": {
        ""required"": true,
        ""minLength"": 10,
        ""maxLength"": 320
      }
    },
    {
      ""key"": ""rootCause.ishikawaBoard"",
      ""label"": ""Ishikawa"",
      ""widget"": ""ishikawa-grid"",
      ""dataType"": ""array"",
      ""colSpan"": 12,
      ""constraints"": {
        ""required"": true,
        ""minItems"": 6
      },
      ""description"": ""Always one row per 6M category with a concise 1-sentence verdict. Copy a recorded assessment verbatim with source=recorded; for a category with no recorded entry propose a brief verdict from evidence with source=proposed, or write \""not assessed\"". Never write audit plans or long essays in cells."",
      ""items"": {
        ""type"": ""object"",
        ""properties"": {
          ""category"": {
            ""type"": ""string"",
            ""enum"": [
              ""Man"",
              ""Machine"",
              ""Method"",
              ""Material"",
              ""Measurement"",
              ""Environment""
            ]
          },
          ""finding"": {
            ""type"": ""string"",
            ""maxLength"": 220,
            ""description"": ""The concise VERDICT for this branch, e.g. clamp pad worn 0.2 mm, or gauge R&R 8%, or not assessed. Never a list of evidence to gather - that goes in evidenceGaps once. Never the category name.""
          },
          ""isRootCause"": {
            ""type"": ""boolean"",
            ""description"": ""True for at most ONE branch in the whole board.""
          },
          ""source"": {
            ""type"": ""string"",
            ""enum"": [
              ""recorded"",
              ""proposed""
            ]
          }
        },
        ""required"": [
          ""category"",
          ""finding"",
          ""isRootCause"",
          ""source""
        ]
      }
    },
    {
      ""key"": ""rootCause.fiveWhy"",
      ""label"": ""5-Why chain"",
      ""widget"": ""why-chain"",
      ""dataType"": ""array"",
      ""colSpan"": 12,
      ""constraints"": {
        ""required"": true,
        ""minItems"": 1
      },
      ""items"": {
        ""type"": ""object"",
        ""properties"": {
          ""step"": {
            ""type"": ""integer"",
            ""description"": ""Position in the chain, starting at 1.""
          },
          ""why"": {
            ""type"": ""string"",
            ""maxLength"": 140,
            ""description"": ""The question only, ending in a question mark. Keep it short and crisp.""
          },
          ""answer"": {
            ""type"": ""string"",
            ""maxLength"": 200,
            ""description"": ""The answer only: 1 concise direct sentence naming the cause. Never repeat the question, never list audit procedures or evidence still to be gathered.""
          },
          ""evidence"": {
            ""type"": ""string"",
            ""maxLength"": 200,
            ""description"": ""The CaseContext path or measurement backing the answer. Concise citation only.""
          }
        },
        ""required"": [
          ""step"",
          ""why"",
          ""answer"",
          ""evidence""
        ]
      }
    },
    {
      ""key"": ""rootCause.evidenceGaps"",
      ""label"": ""Evidence gaps"",
      ""widget"": ""warning-list"",
      ""dataType"": ""array"",
      ""colSpan"": 12,
      ""constraints"": {},
      ""items"": {
        ""type"": ""string""
      }
    },
    {
      ""key"": ""sources"",
      ""label"": ""Evidence and traceability"",
      ""widget"": ""evidence-list"",
      ""dataType"": ""array"",
      ""colSpan"": 12,
      ""constraints"": {},
      ""items"": {
        ""type"": ""string""
      }
    }
  ],
  ""groups"": [
    {
      ""id"": ""d4-ai-result"",
      ""label"": ""Root cause analysis"",
      ""fieldKeys"": [
        ""rootCause.statement"",
        ""rootCause.ishikawaBoard"",
        ""rootCause.fiveWhy"",
        ""rootCause.evidenceGaps"",
        ""sources""
      ],
      ""width"": ""100"",
      ""columns"": 12,
      ""order"": 10
    }
  ]
}";;;"1";"Approved";"AI Lead / Quality Manager";"2026-09-22 14:25:18";;;"Completed"
"ad70b21e-a86b-4e26-814a-b94150be334b";"2026-09-21T16:08:26.249Z";"anonymous";"2026-09-21T16:08:26.249Z";"anonymous";"5d76a086-0459-4be3-ac83-6645612510ec";"D5";"5";"D5 — Corrective Actions";"Permanent corrective actions defined.";"Permanent corrective actions defined.";;;;;"{""corrective"":{""actions"":[{""lineNo"":2,""actionType"":""Corrective"",""actionText"":""Dump and recharge DI rinse tank 3; replace exhausted mixed-bed ion exchange resin cylinders"",""status"":""Verified""}]}}";"{
  ""fields"": [
    {
      ""key"": ""corrective.actions"",
      ""label"": ""Permanent corrective actions"",
      ""widget"": ""action-cards"",
      ""dataType"": ""array"",
      ""colSpan"": 12,
      ""constraints"": {
        ""required"": true,
        ""minItems"": 1
      },
      ""items"": {
        ""type"": ""object"",
        ""properties"": {
          ""action"": {
            ""type"": ""string"",
            ""maxLength"": 240,
            ""description"": ""The action and its trigger, starting with the imperative verb that names the PRIMARY work. No owner, no status, no rationale - those are separate fields.""
          },
          ""owner"": {
            ""type"": ""string"",
            ""maxLength"": 120,
            ""description"": ""The team member from D1 (team.roster or team.leader/members) assigned to this corrective action, selected by matching their role/responsibility to the root cause fix. E.g. \""Karl Wagner\"" or \""Minh Dinh\"".""
          },
          ""status"": {
            ""type"": ""string"",
            ""maxLength"": 40,
            ""description"": ""ONLY the current status, one or two words, e.g. \""Planned\"", \""In progress\"", \""Done\"".""
          },
          ""origin"": {
            ""type"": ""string"",
            ""maxLength"": 60,
            ""description"": ""ONLY where it came from: \""recorded\"" for an action already in the case, or \""precedents#N\"" for a proposal.""
          },
          ""protection"": {
            ""type"": ""string"",
            ""maxLength"": 200,
            ""description"": ""One line.""
          }
        }
      }
    },
    {
      ""key"": ""sources"",
      ""label"": ""Evidence and traceability"",
      ""widget"": ""evidence-list"",
      ""dataType"": ""array"",
      ""colSpan"": 12,
      ""constraints"": {},
      ""items"": {
        ""type"": ""string""
      }
    }
  ],
  ""groups"": [
    {
      ""id"": ""d5-ai-result"",
      ""label"": ""AI-generated corrective plan"",
      ""fieldKeys"": [
        ""corrective.actions""
      ],
      ""width"": ""100"",
      ""columns"": 12,
      ""order"": 10
    }
  ]
}";;;"1";"Approved";"AI Lead / Quality Manager";"2026-09-22 14:25:18";;;"Completed"
"41686a6c-a22b-4677-a312-f8e0640fa89a";"2026-09-21T16:08:26.249Z";"anonymous";"2026-09-21T16:08:26.249Z";"anonymous";"5d76a086-0459-4be3-ac83-6645612510ec";"D6";"6";"D6 — Verification of Effectiveness";"Verification plan executed.";"Verification plan executed.";;;;;"{""verification"":{""status"":""Verified"",""notes"":""Corrective actions verified on line.""}}";"{
  ""fields"": [
    {
      ""key"": ""verification.objective"",
      ""label"": ""Verification objective"",
      ""widget"": ""callout"",
      ""dataType"": ""string"",
      ""colSpan"": 12,
      ""constraints"": {
        ""required"": true,
        ""maxLength"": 260
      }
    },
    {
      ""key"": ""verification.plan"",
      ""label"": ""Verification plan"",
      ""widget"": ""table"",
      ""dataType"": ""array"",
      ""colSpan"": 12,
      ""constraints"": {
        ""required"": true,
        ""minItems"": 1
      },
      ""items"": {
        ""type"": ""object"",
        ""properties"": {
          ""measure"": {
            ""type"": ""string"",
            ""maxLength"": 200,
            ""description"": ""One line.""
          },
          ""sampleSize"": {
            ""type"": ""string"",
            ""maxLength"": 80,
            ""description"": ""ONLY the sample size, e.g. \""30 parts per shift\"".""
          },
          ""period"": {
            ""type"": ""string"",
            ""maxLength"": 60,
            ""description"": ""ONLY the period over which it runs, e.g. \""4 weeks\"".""
          },
          ""acceptanceCriterion"": {
            ""type"": ""string"",
            ""maxLength"": 220,
            ""description"": ""The pass/fail threshold with its number, anchored to a real specification value.""
          },
          ""signOff"": {
            ""type"": ""string"",
            ""maxLength"": 120,
            ""description"": ""ONLY the role that signs it off.""
          }
        }
      }
    },
    {
      ""key"": ""verification.evidenceStatus"",
      ""label"": ""Evidence status"",
      ""widget"": ""status"",
      ""dataType"": ""string"",
      ""colSpan"": 4,
      ""constraints"": {
        ""required"": true,
        ""enum"": [
          ""No evidence yet"",
          ""Partially verified"",
          ""Verified""
        ]
      }
    },
    {
      ""key"": ""sources"",
      ""label"": ""Evidence and traceability"",
      ""widget"": ""evidence-list"",
      ""dataType"": ""array"",
      ""colSpan"": 12,
      ""constraints"": {},
      ""items"": {
        ""type"": ""string""
      }
    }
  ],
  ""groups"": [
    {
      ""id"": ""d6-ai-result"",
      ""label"": ""AI-generated verification plan"",
      ""fieldKeys"": [
        ""verification.objective"",
        ""verification.plan""
      ],
      ""width"": ""100"",
      ""columns"": 12,
      ""order"": 10
    }
  ]
}";;;"1";"Approved";"AI Lead / Quality Manager";"2026-09-22 14:25:18";;;"Completed"
"6c903fec-3ce5-4a1e-8b50-4dbc7add0d3d";"2026-09-21T16:08:26.249Z";"anonymous";"2026-09-21T16:08:26.249Z";"anonymous";"5d76a086-0459-4be3-ac83-6645612510ec";"D7";"7";"D7 — Preventive Actions";"Preventive measures implemented.";"Preventive measures implemented.";;;;;"{""preventive"":{""actions"":[{""lineNo"":3,""actionType"":""Preventive"",""actionText"":""Hardwire conductivity sensor high-limit alarm (>5.0 uS/cm) to line conveyor PLC to halt hoist transfer automatically"",""status"":""Verified in production""}]}}";"{
  ""fields"": [
    {
      ""key"": ""preventive.actions"",
      ""label"": ""Preventive actions"",
      ""widget"": ""action-cards"",
      ""dataType"": ""array"",
      ""colSpan"": 12,
      ""constraints"": {
        ""required"": true,
        ""minItems"": 1
      },
      ""items"": {
        ""type"": ""object"",
        ""properties"": {
          ""action"": {
            ""type"": ""string"",
            ""maxLength"": 240,
            ""description"": ""The action and its trigger, starting with the imperative verb that names the PRIMARY work. No owner, no status, no rationale - those are separate fields.""
          },
          ""owner"": {
            ""type"": ""string"",
            ""maxLength"": 120,
            ""description"": ""The team member from D1 (team.roster or team.leader/members) assigned to this preventive action, selected by matching their role/responsibility to the systemic/FMEA fix. E.g. \""Minh Dinh\"" or \""DungTruonghyhy\"".""
          },
          ""status"": {
            ""type"": ""string"",
            ""maxLength"": 40,
            ""description"": ""ONLY the current status, one or two words, e.g. \""Planned\"", \""In progress\"", \""Done\"".""
          },
          ""origin"": {
            ""type"": ""string"",
            ""maxLength"": 60,
            ""description"": ""ONLY where it came from: \""recorded\"" for an action already in the case, or \""precedents#N\"" for a proposal.""
          },
          ""protection"": {
            ""type"": ""string"",
            ""maxLength"": 200,
            ""description"": ""One line.""
          }
        }
      }
    },
    {
      ""key"": ""preventive.fmea"",
      ""label"": ""FMEA entry to update"",
      ""widget"": ""fmea-link"",
      ""dataType"": ""object"",
      ""colSpan"": 12,
      ""constraints"": {},
      ""properties"": {
        ""fmeaId"": {
          ""type"": ""string""
        },
        ""description"": {
          ""type"": ""string""
        },
        ""change"": {
          ""type"": ""string""
        },
        ""currentRating"": {
          ""type"": ""string""
        },
        ""proposedRating"": {
          ""type"": ""string""
        }
      }
    },
    {
      ""key"": ""sources"",
      ""label"": ""Evidence and traceability"",
      ""widget"": ""evidence-list"",
      ""dataType"": ""array"",
      ""colSpan"": 12,
      ""constraints"": {},
      ""items"": {
        ""type"": ""string""
      }
    }
  ],
  ""groups"": [
    {
      ""id"": ""d7-ai-result"",
      ""label"": ""AI-generated preventive plan"",
      ""fieldKeys"": [
        ""preventive.actions"",
        ""preventive.fmea""
      ],
      ""width"": ""100"",
      ""columns"": 12,
      ""order"": 10
    }
  ]
}";;;"1";"Approved";"AI Lead / Quality Manager";"2026-09-22 14:25:18";;;"Completed"
"5e26a33b-664b-4bc8-9d99-9325fbb6b203";"2026-09-21T16:08:26.249Z";"anonymous";"2026-09-21T16:08:26.249Z";"anonymous";"5d76a086-0459-4be3-ac83-6645612510ec";"D8";"8";"D8 — Closure & Team Recognition";"8D report closed.";"8D report closed.";;;;;"{""closure"":{""gate"":{""status"":""Closed"",""readyForClosure"":true}}}";"{
  ""fields"": [
    {
      ""key"": ""closure.gate"",
      ""label"": ""Closure readiness"",
      ""widget"": ""closure-gate"",
      ""dataType"": ""object"",
      ""colSpan"": 12,
      ""constraints"": {},
      ""xSource"": ""manual_input"",
      ""description"": ""Computed from the review status of D1-D7. The AI never writes this."",
      ""properties"": {}
    },
    {
      ""key"": ""closure.costOfPoorQuality"",
      ""label"": ""Cost of poor quality"",
      ""widget"": ""text"",
      ""dataType"": ""string"",
      ""colSpan"": 4,
      ""constraints"": {},
      ""xSource"": ""sap_qm"",
      ""description"": ""Read from the case. The AI never writes this.""
    },
    {
      ""key"": ""closure.lessonsWhatWorked"",
      ""label"": ""What worked"",
      ""widget"": ""markdown"",
      ""dataType"": ""string"",
      ""colSpan"": 6,
      ""constraints"": {
        ""required"": true,
        ""minLength"": 20
      }
    },
    {
      ""key"": ""closure.lessonsWhatDidNot"",
      ""label"": ""What did not"",
      ""widget"": ""markdown"",
      ""dataType"": ""string"",
      ""colSpan"": 6,
      ""constraints"": {
        ""required"": true,
        ""minLength"": 20
      }
    },
    {
      ""key"": ""closure.teamRecognition"",
      ""label"": ""Team recognition"",
      ""widget"": ""markdown"",
      ""dataType"": ""string"",
      ""colSpan"": 12,
      ""constraints"": {}
    },
    {
      ""key"": ""closure.openItems"",
      ""label"": ""Still open at closure"",
      ""widget"": ""warning-list"",
      ""dataType"": ""array"",
      ""colSpan"": 12,
      ""constraints"": {},
      ""items"": {
        ""type"": ""string""
      }
    },
    {
      ""key"": ""sources"",
      ""label"": ""Evidence and traceability"",
      ""widget"": ""evidence-list"",
      ""dataType"": ""array"",
      ""colSpan"": 12,
      ""constraints"": {},
      ""items"": {
        ""type"": ""string""
      }
    }
  ],
  ""groups"": [
    {
      ""id"": ""d8-ai-result"",
      ""label"": ""AI-generated closure summary"",
      ""fieldKeys"": [
        ""closure.gate"",
        ""closure.costOfPoorQuality"",
        ""closure.lessonsWhatWorked"",
        ""closure.lessonsWhatDidNot"",
        ""closure.teamRecognition""
      ],
      ""width"": ""100"",
      ""columns"": 12,
      ""order"": 10
    }
  ]
}";;;"1";"Approved";"AI Lead / Quality Manager";"2026-09-22 14:25:18";;;"Completed"
"ce060fee-4fab-4ce1-a700-12d9758f7118";"2026-09-21T16:08:26.252Z";"anonymous";"2026-09-21T16:08:26.252Z";"anonymous";"edf377bd-555d-4fbc-9b79-f8a7a71a0868";"D1";"1";"D1 — Team Roster";"Formed cross-functional 8D team.";"Formed cross-functional 8D team.";;;;;"{""team"":{""roster"":[{""name"":""Klaus Richter"",""organizationalRole"":""Heat Treat Specialist"",""assigned8DRole"":""8D Team Member"",""caseResponsibility"":""Heat Treat Specialist""},{""name"":""Quyen La"",""organizationalRole"":""Quality Technician"",""assigned8DRole"":""8D Team Member"",""caseResponsibility"":""Quality Technician""}],""assignedRoster"":[{""partnerId"":""100001"",""partnerRole"":""8D Team Leader""},{""partnerId"":""100088"",""partnerRole"":""8D Team Member""},{""partnerId"":""100011"",""partnerRole"":""8D Team Member""}]}}";"{
  ""fields"": [
    {
      ""key"": ""team.objective"",
      ""label"": ""Team objective"",
      ""widget"": ""callout"",
      ""dataType"": ""string"",
      ""colSpan"": 12,
      ""constraints"": {
        ""required"": true,
        ""minLength"": 20,
        ""maxLength"": 260
      }
    },
    {
      ""key"": ""team.selectionMethod"",
      ""label"": ""Selection method"",
      ""widget"": ""status"",
      ""dataType"": ""string"",
      ""colSpan"": 4,
      ""constraints"": {
        ""required"": true,
        ""enum"": [
          ""Current case team"",
          ""Precedent recommendation"",
          ""Hybrid"",
          ""Roles only - assignment required""
        ]
      }
    },
    {
      ""key"": ""team.problemCapabilities"",
      ""label"": ""Capabilities required by this problem"",
      ""widget"": ""tag-selector"",
      ""dataType"": ""array"",
      ""colSpan"": 8,
      ""constraints"": {
        ""required"": true,
        ""minItems"": 1
      },
      ""items"": {
        ""type"": ""string""
      }
    },
    {
      ""key"": ""team.selectionRationale"",
      ""label"": ""How the team was selected"",
      ""widget"": ""markdown"",
      ""dataType"": ""string"",
      ""colSpan"": 12,
      ""constraints"": {
        ""required"": true,
        ""minLength"": 60,
        ""maxLength"": 1600
      }
    },
    {
      ""key"": ""team.roster"",
      ""label"": ""AI suggest"",
      ""widget"": ""ai-suggest"",
      ""dataType"": ""array"",
      ""colSpan"": 12,
      ""constraints"": {
        ""required"": true,
        ""minItems"": 1
      },
      ""items"": {
        ""type"": ""object"",
        ""properties"": {
          ""name"": {
            ""type"": ""string"",
            ""maxLength"": 120,
            ""description"": ""ONLY the person name, or \""Unassigned\"". No role, no reasoning.""
          },
          ""organizationalRole"": {
            ""type"": ""string"",
            ""maxLength"": 120,
            ""description"": ""ONLY their job title in the organisation, e.g. \""Quality Engineer\"".""
          },
          ""assigned8DRole"": {
            ""type"": ""string"",
            ""maxLength"": 60,
            ""description"": ""ONLY their role in THIS 8D, e.g. \""Team Leader\"" or \""Team Member\"".""
          },
          ""caseResponsibility"": {
            ""type"": ""string"",
            ""maxLength"": 200,
            ""description"": ""What this person is accountable for here. Never a job title.""
          },
          ""selectionReason"": {
            ""type"": ""string"",
            ""maxLength"": 220,
            ""description"": ""Why this person, in one line. Do not repeat the name or the role.""
          },
          ""servedOnCount"": {
            ""type"": ""integer"",
            ""description"": ""How many qualifying precedent cases this person served on. Rank the roster by this value, descending.""
          },
          ""sourceType"": {
            ""type"": ""string"",
            ""enum"": [
              ""current_case"",
              ""precedent"",
              ""unassigned""
            ]
          },
          ""sourcePath"": {
            ""type"": ""string"",
            ""maxLength"": 80,
            ""description"": ""ONLY the resolvable path: team.leader, team.members#N, precedents#N.team#M, or team.gaps.""
          },
          ""sourceCase"": {
            ""type"": ""string"",
            ""maxLength"": 60,
            ""description"": ""ONLY the precedent notification id, when the person came from a precedent.""
          }
        },
        ""required"": [
          ""name"",
          ""organizationalRole"",
          ""assigned8DRole"",
          ""caseResponsibility"",
          ""selectionReason"",
          ""sourceType"",
          ""sourcePath""
        ]
      }
    },
    {
      ""key"": ""team.assignedRoster"",
      ""label"": ""Decision table"",
      ""widget"": ""decision-table"",
      ""dataType"": ""array"",
      ""colSpan"": 12,
      ""constraints"": {},
      ""xSource"": ""manual_input"",
      ""description"": ""Filled in by the quality engineer on the report screen. The AI never writes this."",
      ""items"": {
        ""type"": ""object"",
        ""properties"": {
          ""partnerId"": {
            ""type"": ""string""
          },
          ""partnerName"": {
            ""type"": ""string""
          },
          ""functionTitle"": {
            ""type"": ""string""
          },
          ""partnerRole"": {
            ""type"": ""string"",
            ""enum"": [
              ""8D Team Leader"",
              ""8D Team Member""
            ]
          }
        }
      }
    },
    {
      ""key"": ""team.readinessStatus"",
      ""label"": ""Team readiness"",
      ""widget"": ""status"",
      ""dataType"": ""string"",
      ""colSpan"": 3,
      ""constraints"": {
        ""required"": true,
        ""enum"": [
          ""Ready"",
          ""Partial"",
          ""Needs assignment""
        ]
      }
    },
    {
      ""key"": ""team.readinessRationale"",
      ""label"": ""Readiness assessment"",
      ""widget"": ""markdown"",
      ""dataType"": ""string"",
      ""colSpan"": 9,
      ""constraints"": {
        ""required"": true,
        ""minLength"": 30,
        ""maxLength"": 500
      }
    },
    {
      ""key"": ""team.uncoveredCapabilities"",
      ""label"": ""Uncovered capabilities"",
      ""widget"": ""warning-list"",
      ""dataType"": ""array"",
      ""colSpan"": 6,
      ""constraints"": {},
      ""items"": {
        ""type"": ""string""
      }
    },
    {
      ""key"": ""team.sourceSummary"",
      ""label"": ""Where the team recommendation came from"",
      ""widget"": ""markdown"",
      ""dataType"": ""string"",
      ""colSpan"": 6,
      ""constraints"": {
        ""required"": true,
        ""minLength"": 30,
        ""maxLength"": 500
      }
    },
    {
      ""key"": ""team.suggestionStatus"",
      ""label"": ""Suggestion status"",
      ""widget"": ""callout"",
      ""dataType"": ""string"",
      ""colSpan"": 12,
      ""constraints"": {}
    },
    {
      ""key"": ""sources"",
      ""label"": ""Source records"",
      ""widget"": ""evidence-list"",
      ""dataType"": ""array"",
      ""colSpan"": 12,
      ""constraints"": {
        ""pattern"": ""^(team\\.|precedents#)""
      },
      ""items"": {
        ""type"": ""string""
      }
    }
  ],
  ""groups"": [
    {
      ""id"": ""d1-decision-table"",
      ""label"": ""Decision Table"",
      ""fieldKeys"": [
        ""team.assignedRoster"",
        ""team.suggestionStatus""
      ],
      ""width"": ""100"",
      ""columns"": 12,
      ""order"": 10
    }
  ]
}";;;"1";"Approved";"AI Lead / Quality Manager";"2026-09-22 14:25:18";;;"Completed"
"e7b94ff4-f99f-4194-9fb6-859a9928c968";"2026-09-21T16:08:26.252Z";"anonymous";"2026-09-21T16:08:26.252Z";"anonymous";"edf377bd-555d-4fbc-9b79-f8a7a71a0868";"D2";"2";"D2 — Problem Description";"Effective induction case depth 1.1mm below minimum 1.8mm drawing specification";"Effective induction case depth 1.1mm below minimum 1.8mm drawing specification";;;;;"{""problem"":{""statement"":""Effective induction case depth 1.1mm below minimum 1.8mm drawing specification"",""isIsNot"":{""is"":""Drive Shaft S150 induction hardened on WC-HEAT-03 on 2026-08-10"",""isNot"":""Shafts hardened on WC-HEAT-01 with demineralized closed-loop cooling system"",""notes"":""Defect caused exclusively by coil cooling passage scaling on open-tower circuit""},""w2h"":{}}}";"{
  ""fields"": [
    {
      ""key"": ""problem.complaintReference"",
      ""label"": ""Complaint reference"",
      ""widget"": ""complaint-reference"",
      ""dataType"": ""string"",
      ""colSpan"": 12,
      ""constraints"": {},
      ""xSource"": ""sap_qm"",
      ""description"": ""Read from the SAP QM customer reference on the case. The AI never writes this.""
    },
    {
      ""key"": ""problem.statement"",
      ""label"": ""Problem statement"",
      ""widget"": ""problem-statement"",
      ""dataType"": ""string"",
      ""colSpan"": 12,
      ""constraints"": {
        ""required"": true,
        ""minLength"": 30,
        ""maxLength"": 600
      }
    },
    {
      ""key"": ""problem.statementOverride"",
      ""label"": ""Problem statement (edited)"",
      ""widget"": ""text"",
      ""dataType"": ""string"",
      ""colSpan"": 12,
      ""constraints"": {},
      ""xSource"": ""manual_input"",
      ""description"": ""Edited by the quality engineer on the report screen. The AI never writes this.""
    },
    {
      ""key"": ""problem.what"",
      ""label"": ""What"",
      ""widget"": ""w2h-cell"",
      ""dataType"": ""string"",
      ""colSpan"": 4,
      ""constraints"": {
        ""required"": true
      }
    },
    {
      ""key"": ""problem.where"",
      ""label"": ""Where"",
      ""widget"": ""w2h-cell"",
      ""dataType"": ""string"",
      ""colSpan"": 4,
      ""constraints"": {
        ""required"": true
      }
    },
    {
      ""key"": ""problem.when"",
      ""label"": ""When"",
      ""widget"": ""w2h-cell"",
      ""dataType"": ""string"",
      ""colSpan"": 4,
      ""constraints"": {}
    },
    {
      ""key"": ""problem.who"",
      ""label"": ""Who"",
      ""widget"": ""w2h-cell"",
      ""dataType"": ""string"",
      ""colSpan"": 4,
      ""constraints"": {}
    },
    {
      ""key"": ""problem.how"",
      ""label"": ""How"",
      ""widget"": ""w2h-cell"",
      ""dataType"": ""string"",
      ""colSpan"": 4,
      ""constraints"": {}
    },
    {
      ""key"": ""problem.extent"",
      ""label"": ""How Many"",
      ""widget"": ""w2h-cell"",
      ""dataType"": ""string"",
      ""colSpan"": 4,
      ""constraints"": {
        ""required"": true
      }
    },
    {
      ""key"": ""problem.impact"",
      ""label"": ""Business / customer impact"",
      ""widget"": ""text"",
      ""dataType"": ""string"",
      ""colSpan"": 12,
      ""constraints"": {}
    },
    {
      ""key"": ""problem.is"",
      ""label"": ""Is"",
      ""widget"": ""is-box"",
      ""dataType"": ""array"",
      ""colSpan"": 6,
      ""constraints"": {},
      ""items"": {
        ""type"": ""string""
      }
    },
    {
      ""key"": ""problem.isNot"",
      ""label"": ""Is not"",
      ""widget"": ""isnot-box"",
      ""dataType"": ""array"",
      ""colSpan"": 6,
      ""constraints"": {},
      ""items"": {
        ""type"": ""string""
      }
    },
    {
      ""key"": ""problem.isIsNotStatus"",
      ""label"": ""Is / Is-Not status"",
      ""widget"": ""callout"",
      ""dataType"": ""string"",
      ""colSpan"": 12,
      ""constraints"": {}
    },
    {
      ""key"": ""problem.isIsNotBasis"",
      ""label"": ""Is / Is-Not basis"",
      ""widget"": ""markdown"",
      ""dataType"": ""string"",
      ""colSpan"": 12,
      ""constraints"": {}
    },
    {
      ""key"": ""problem.measuredEvidence"",
      ""label"": ""Measured evidence"",
      ""widget"": ""table"",
      ""dataType"": ""array"",
      ""colSpan"": 12,
      ""constraints"": {},
      ""items"": {
        ""type"": ""object"",
        ""properties"": {
          ""characteristic"": {
            ""type"": ""string"",
            ""maxLength"": 120,
            ""description"": ""ONLY the characteristic name, e.g. \""Burr height\"". No value, no verdict.""
          },
          ""measured"": {
            ""type"": ""string"",
            ""maxLength"": 60,
            ""description"": ""ONLY the measured value with its unit, e.g. \""0.32 mm\"".""
          },
          ""specification"": {
            ""type"": ""string"",
            ""maxLength"": 60,
            ""description"": ""ONLY the specification limit with its unit, e.g. \""max 0.10 mm\"".""
          },
          ""assessment"": {
            ""type"": ""string"",
            ""maxLength"": 120,
            ""description"": ""ONLY the verdict, e.g. \""Out of tolerance\"" or \""Within spec\"". No restatement of the numbers.""
          }
        }
      }
    },
    {
      ""key"": ""problem.gaps"",
      ""label"": ""Missing facts"",
      ""widget"": ""warning-list"",
      ""dataType"": ""array"",
      ""colSpan"": 12,
      ""constraints"": {},
      ""items"": {
        ""type"": ""string""
      }
    },
    {
      ""key"": ""sources"",
      ""label"": ""Evidence and traceability"",
      ""widget"": ""evidence-list"",
      ""dataType"": ""array"",
      ""colSpan"": 12,
      ""constraints"": {},
      ""items"": {
        ""type"": ""string""
      }
    }
  ],
  ""groups"": [
    {
      ""id"": ""d2-ai-result"",
      ""label"": ""AI-generated problem description"",
      ""fieldKeys"": [
        ""problem.complaintReference"",
        ""problem.statement"",
        ""problem.what"",
        ""problem.where"",
        ""problem.when"",
        ""problem.who"",
        ""problem.how"",
        ""problem.extent"",
        ""problem.is"",
        ""problem.isNot"",
        ""problem.isIsNotStatus"",
        ""problem.isIsNotBasis""
      ],
      ""width"": ""100"",
      ""columns"": 12,
      ""order"": 10
    }
  ]
}";;;"1";"Approved";"AI Lead / Quality Manager";"2026-09-22 14:25:18";;;"Completed"
"0d727a0d-8734-4126-ad15-91b2935c0523";"2026-09-21T16:08:26.252Z";"anonymous";"2026-09-21T16:08:26.252Z";"anonymous";"edf377bd-555d-4fbc-9b79-f8a7a71a0868";"D3";"3";"D3 — Containment Actions";"Containment actions established.";"Containment actions established.";;;;;"{""containment"":{""actions"":[{""lineNo"":1,""actionType"":""Containment"",""actionText"":""Quarantine 54 drive shafts from batch B-50604 and perform 100% eddy current non-destructive case depth testing"",""status"":""Done""}]}}";"{
  ""fields"": [
    {
      ""key"": ""containment.actions"",
      ""label"": ""Containment actions"",
      ""widget"": ""action-cards"",
      ""dataType"": ""array"",
      ""colSpan"": 12,
      ""constraints"": {
        ""required"": true,
        ""minItems"": 1
      },
      ""items"": {
        ""type"": ""object"",
        ""properties"": {
          ""action"": {
            ""type"": ""string"",
            ""description"": ""Short concise action description without boilerplate prefix. Start with the imperative verb naming the PRIMARY work, e.g. \""Quarantine 85 housings at the outgoing dock\"".""
          },
          ""owner"": {
            ""type"": ""string"",
            ""maxLength"": 120,
            ""description"": ""The team member from D1 (team.roster or team.leader/members) assigned to this containment action, selected by matching their role/responsibility to the work required. E.g. \""Karl Wagner\"" or \""DungTruonghyhy\"".""
          },
          ""status"": {
            ""type"": ""string"",
            ""enum"": [
              ""Planned"",
              ""In Process"",
              ""Done"",
              ""Verified""
            ]
          }
        }
      }
    },
    {
      ""key"": ""containment.gaps"",
      ""label"": ""Open containment gaps"",
      ""widget"": ""warning-list"",
      ""dataType"": ""array"",
      ""colSpan"": 12,
      ""constraints"": {},
      ""items"": {
        ""type"": ""string""
      }
    },
    {
      ""key"": ""sources"",
      ""label"": ""Evidence and traceability"",
      ""widget"": ""evidence-list"",
      ""dataType"": ""array"",
      ""colSpan"": 12,
      ""constraints"": {},
      ""items"": {
        ""type"": ""string""
      }
    }
  ],
  ""groups"": [
    {
      ""id"": ""d3-ai-result"",
      ""label"": ""Containment plan"",
      ""fieldKeys"": [
        ""containment.actions"",
        ""containment.gaps"",
        ""sources""
      ],
      ""width"": ""100"",
      ""columns"": 12,
      ""order"": 10
    }
  ]
}";;;"1";"Approved";"AI Lead / Quality Manager";"2026-09-22 14:25:18";;;"Completed"
"61314cf5-0da5-487d-a3c7-8e6f4d9797c1";"2026-09-21T16:08:26.252Z";"anonymous";"2026-09-21T16:08:26.252Z";"anonymous";"edf377bd-555d-4fbc-9b79-f8a7a71a0868";"D4";"4";"D4 — Root Cause Analysis";"Root cause identified as Machine.";"Root cause identified as Machine.";;;;;"{""rootCause"":{""category"":""Machine"",""whyChain"":[],""ishikawa"":[{""category"":""Man"",""description"":""EMP-1904, Shift C - heat treat operator verified coil alignment and scan speed per setup sheet"",""metricValue"":null,""isRootCause"":false,""source"":""ASSUMED: MES/HR""},{""category"":""Machine"",""description"":""High-frequency induction coil EQ-HEAT03-001 internal cooling passage choked with calcium mineral scale, reducing flow to 14 l/min and causing thermal derating of generator power output by 16%"",""metricValue"":""14 l/min vs 30 l/min nominal"",""isRootCause"":true,""source"":""SAP: EQUI/AFIH (PM)""},{""category"":""Method"",""description"":""DOC-3390 Rev C - induction scanning speed 4.2 mm/s and quench polymer concentration 12% verified compliant"",""metricValue"":""4.2 mm/s"",""isRootCause"":false,""source"":""SAP: DRAW/PLPO (DMS+Routing)""},{""category"":""Material"",""description"":""Forged alloy steel 42CrMo4 chemistry (C 0.41%, Cr 1.05%, Mo 0.22%) and grain size 7 compliant"",""metricValue"":""C 0.41%"",""isRootCause"":false,""source"":""SAP: QALS/QAMR (incoming)""},{""category"":""Measurement"",""description"":""Microhardness tester GA-0512 optical indentation and calibration verified"",""metricValue"":null,""isRootCause"":false,""source"":""SAP: Test Equipment Mgmt""},{""category"":""Environment"",""description"":""Quench polymer tank temperature maintained at 28C +/- 2C"",""metricValue"":""28C"",""isRootCause"":false,""source"":""ASSUMED: MES/IoT""}]}}";"{
  ""fields"": [
    {
      ""key"": ""rootCause.statement"",
      ""label"": ""Root cause"",
      ""widget"": ""ai-draft"",
      ""dataType"": ""string"",
      ""colSpan"": 12,
      ""constraints"": {
        ""required"": true,
        ""minLength"": 10,
        ""maxLength"": 320
      }
    },
    {
      ""key"": ""rootCause.ishikawaBoard"",
      ""label"": ""Ishikawa"",
      ""widget"": ""ishikawa-grid"",
      ""dataType"": ""array"",
      ""colSpan"": 12,
      ""constraints"": {
        ""required"": true,
        ""minItems"": 6
      },
      ""description"": ""Always one row per 6M category with a concise 1-sentence verdict. Copy a recorded assessment verbatim with source=recorded; for a category with no recorded entry propose a brief verdict from evidence with source=proposed, or write \""not assessed\"". Never write audit plans or long essays in cells."",
      ""items"": {
        ""type"": ""object"",
        ""properties"": {
          ""category"": {
            ""type"": ""string"",
            ""enum"": [
              ""Man"",
              ""Machine"",
              ""Method"",
              ""Material"",
              ""Measurement"",
              ""Environment""
            ]
          },
          ""finding"": {
            ""type"": ""string"",
            ""maxLength"": 220,
            ""description"": ""The concise VERDICT for this branch, e.g. clamp pad worn 0.2 mm, or gauge R&R 8%, or not assessed. Never a list of evidence to gather - that goes in evidenceGaps once. Never the category name.""
          },
          ""isRootCause"": {
            ""type"": ""boolean"",
            ""description"": ""True for at most ONE branch in the whole board.""
          },
          ""source"": {
            ""type"": ""string"",
            ""enum"": [
              ""recorded"",
              ""proposed""
            ]
          }
        },
        ""required"": [
          ""category"",
          ""finding"",
          ""isRootCause"",
          ""source""
        ]
      }
    },
    {
      ""key"": ""rootCause.fiveWhy"",
      ""label"": ""5-Why chain"",
      ""widget"": ""why-chain"",
      ""dataType"": ""array"",
      ""colSpan"": 12,
      ""constraints"": {
        ""required"": true,
        ""minItems"": 1
      },
      ""items"": {
        ""type"": ""object"",
        ""properties"": {
          ""step"": {
            ""type"": ""integer"",
            ""description"": ""Position in the chain, starting at 1.""
          },
          ""why"": {
            ""type"": ""string"",
            ""maxLength"": 140,
            ""description"": ""The question only, ending in a question mark. Keep it short and crisp.""
          },
          ""answer"": {
            ""type"": ""string"",
            ""maxLength"": 200,
            ""description"": ""The answer only: 1 concise direct sentence naming the cause. Never repeat the question, never list audit procedures or evidence still to be gathered.""
          },
          ""evidence"": {
            ""type"": ""string"",
            ""maxLength"": 200,
            ""description"": ""The CaseContext path or measurement backing the answer. Concise citation only.""
          }
        },
        ""required"": [
          ""step"",
          ""why"",
          ""answer"",
          ""evidence""
        ]
      }
    },
    {
      ""key"": ""rootCause.evidenceGaps"",
      ""label"": ""Evidence gaps"",
      ""widget"": ""warning-list"",
      ""dataType"": ""array"",
      ""colSpan"": 12,
      ""constraints"": {},
      ""items"": {
        ""type"": ""string""
      }
    },
    {
      ""key"": ""sources"",
      ""label"": ""Evidence and traceability"",
      ""widget"": ""evidence-list"",
      ""dataType"": ""array"",
      ""colSpan"": 12,
      ""constraints"": {},
      ""items"": {
        ""type"": ""string""
      }
    }
  ],
  ""groups"": [
    {
      ""id"": ""d4-ai-result"",
      ""label"": ""Root cause analysis"",
      ""fieldKeys"": [
        ""rootCause.statement"",
        ""rootCause.ishikawaBoard"",
        ""rootCause.fiveWhy"",
        ""rootCause.evidenceGaps"",
        ""sources""
      ],
      ""width"": ""100"",
      ""columns"": 12,
      ""order"": 10
    }
  ]
}";;;"1";"Approved";"AI Lead / Quality Manager";"2026-09-22 14:25:18";;;"Completed"
"00ba06d5-15ae-4a39-b5b8-88f84f3eeaae";"2026-09-21T16:08:26.252Z";"anonymous";"2026-09-21T16:08:26.252Z";"anonymous";"edf377bd-555d-4fbc-9b79-f8a7a71a0868";"D5";"5";"D5 — Corrective Actions";"Permanent corrective actions defined.";"Permanent corrective actions defined.";;;;;"{""corrective"":{""actions"":[{""lineNo"":2,""actionType"":""Corrective"",""actionText"":""Acid flush and descale induction coil on WC-HEAT-03; restore cooling water flow to 31 l/min"",""status"":""Verified""}]}}";"{
  ""fields"": [
    {
      ""key"": ""corrective.actions"",
      ""label"": ""Permanent corrective actions"",
      ""widget"": ""action-cards"",
      ""dataType"": ""array"",
      ""colSpan"": 12,
      ""constraints"": {
        ""required"": true,
        ""minItems"": 1
      },
      ""items"": {
        ""type"": ""object"",
        ""properties"": {
          ""action"": {
            ""type"": ""string"",
            ""maxLength"": 240,
            ""description"": ""The action and its trigger, starting with the imperative verb that names the PRIMARY work. No owner, no status, no rationale - those are separate fields.""
          },
          ""owner"": {
            ""type"": ""string"",
            ""maxLength"": 120,
            ""description"": ""The team member from D1 (team.roster or team.leader/members) assigned to this corrective action, selected by matching their role/responsibility to the root cause fix. E.g. \""Karl Wagner\"" or \""Minh Dinh\"".""
          },
          ""status"": {
            ""type"": ""string"",
            ""maxLength"": 40,
            ""description"": ""ONLY the current status, one or two words, e.g. \""Planned\"", \""In progress\"", \""Done\"".""
          },
          ""origin"": {
            ""type"": ""string"",
            ""maxLength"": 60,
            ""description"": ""ONLY where it came from: \""recorded\"" for an action already in the case, or \""precedents#N\"" for a proposal.""
          },
          ""protection"": {
            ""type"": ""string"",
            ""maxLength"": 200,
            ""description"": ""One line.""
          }
        }
      }
    },
    {
      ""key"": ""sources"",
      ""label"": ""Evidence and traceability"",
      ""widget"": ""evidence-list"",
      ""dataType"": ""array"",
      ""colSpan"": 12,
      ""constraints"": {},
      ""items"": {
        ""type"": ""string""
      }
    }
  ],
  ""groups"": [
    {
      ""id"": ""d5-ai-result"",
      ""label"": ""AI-generated corrective plan"",
      ""fieldKeys"": [
        ""corrective.actions""
      ],
      ""width"": ""100"",
      ""columns"": 12,
      ""order"": 10
    }
  ]
}";;;"1";"Approved";"AI Lead / Quality Manager";"2026-09-22 14:25:18";;;"Completed"
"53b9979b-4e1c-4d6d-8b8c-fb3e8aeaa9c9";"2026-09-21T16:08:26.252Z";"anonymous";"2026-09-21T16:08:26.252Z";"anonymous";"edf377bd-555d-4fbc-9b79-f8a7a71a0868";"D6";"6";"D6 — Verification of Effectiveness";"Verification plan executed.";"Verification plan executed.";;;;;"{""verification"":{""status"":""Verified"",""notes"":""Corrective actions verified on line.""}}";"{
  ""fields"": [
    {
      ""key"": ""verification.objective"",
      ""label"": ""Verification objective"",
      ""widget"": ""callout"",
      ""dataType"": ""string"",
      ""colSpan"": 12,
      ""constraints"": {
        ""required"": true,
        ""maxLength"": 260
      }
    },
    {
      ""key"": ""verification.plan"",
      ""label"": ""Verification plan"",
      ""widget"": ""table"",
      ""dataType"": ""array"",
      ""colSpan"": 12,
      ""constraints"": {
        ""required"": true,
        ""minItems"": 1
      },
      ""items"": {
        ""type"": ""object"",
        ""properties"": {
          ""measure"": {
            ""type"": ""string"",
            ""maxLength"": 200,
            ""description"": ""One line.""
          },
          ""sampleSize"": {
            ""type"": ""string"",
            ""maxLength"": 80,
            ""description"": ""ONLY the sample size, e.g. \""30 parts per shift\"".""
          },
          ""period"": {
            ""type"": ""string"",
            ""maxLength"": 60,
            ""description"": ""ONLY the period over which it runs, e.g. \""4 weeks\"".""
          },
          ""acceptanceCriterion"": {
            ""type"": ""string"",
            ""maxLength"": 220,
            ""description"": ""The pass/fail threshold with its number, anchored to a real specification value.""
          },
          ""signOff"": {
            ""type"": ""string"",
            ""maxLength"": 120,
            ""description"": ""ONLY the role that signs it off.""
          }
        }
      }
    },
    {
      ""key"": ""verification.evidenceStatus"",
      ""label"": ""Evidence status"",
      ""widget"": ""status"",
      ""dataType"": ""string"",
      ""colSpan"": 4,
      ""constraints"": {
        ""required"": true,
        ""enum"": [
          ""No evidence yet"",
          ""Partially verified"",
          ""Verified""
        ]
      }
    },
    {
      ""key"": ""sources"",
      ""label"": ""Evidence and traceability"",
      ""widget"": ""evidence-list"",
      ""dataType"": ""array"",
      ""colSpan"": 12,
      ""constraints"": {},
      ""items"": {
        ""type"": ""string""
      }
    }
  ],
  ""groups"": [
    {
      ""id"": ""d6-ai-result"",
      ""label"": ""AI-generated verification plan"",
      ""fieldKeys"": [
        ""verification.objective"",
        ""verification.plan""
      ],
      ""width"": ""100"",
      ""columns"": 12,
      ""order"": 10
    }
  ]
}";;;"1";"Approved";"AI Lead / Quality Manager";"2026-09-22 14:25:18";;;"Completed"
"1ad03f3a-9422-43b5-8a4c-2f63eca3adee";"2026-09-21T16:08:26.252Z";"anonymous";"2026-09-21T16:08:26.252Z";"anonymous";"edf377bd-555d-4fbc-9b79-f8a7a71a0868";"D7";"7";"D7 — Preventive Actions";"Preventive measures implemented.";"Preventive measures implemented.";;;;;"{""preventive"":{""actions"":[{""lineNo"":3,""actionType"":""Preventive"",""actionText"":""Convert induction cell cooling to closed-loop deionized water chiller circuit across all heat treat lines"",""status"":""Verified in production""}]}}";"{
  ""fields"": [
    {
      ""key"": ""preventive.actions"",
      ""label"": ""Preventive actions"",
      ""widget"": ""action-cards"",
      ""dataType"": ""array"",
      ""colSpan"": 12,
      ""constraints"": {
        ""required"": true,
        ""minItems"": 1
      },
      ""items"": {
        ""type"": ""object"",
        ""properties"": {
          ""action"": {
            ""type"": ""string"",
            ""maxLength"": 240,
            ""description"": ""The action and its trigger, starting with the imperative verb that names the PRIMARY work. No owner, no status, no rationale - those are separate fields.""
          },
          ""owner"": {
            ""type"": ""string"",
            ""maxLength"": 120,
            ""description"": ""The team member from D1 (team.roster or team.leader/members) assigned to this preventive action, selected by matching their role/responsibility to the systemic/FMEA fix. E.g. \""Minh Dinh\"" or \""DungTruonghyhy\"".""
          },
          ""status"": {
            ""type"": ""string"",
            ""maxLength"": 40,
            ""description"": ""ONLY the current status, one or two words, e.g. \""Planned\"", \""In progress\"", \""Done\"".""
          },
          ""origin"": {
            ""type"": ""string"",
            ""maxLength"": 60,
            ""description"": ""ONLY where it came from: \""recorded\"" for an action already in the case, or \""precedents#N\"" for a proposal.""
          },
          ""protection"": {
            ""type"": ""string"",
            ""maxLength"": 200,
            ""description"": ""One line.""
          }
        }
      }
    },
    {
      ""key"": ""preventive.fmea"",
      ""label"": ""FMEA entry to update"",
      ""widget"": ""fmea-link"",
      ""dataType"": ""object"",
      ""colSpan"": 12,
      ""constraints"": {},
      ""properties"": {
        ""fmeaId"": {
          ""type"": ""string""
        },
        ""description"": {
          ""type"": ""string""
        },
        ""change"": {
          ""type"": ""string""
        },
        ""currentRating"": {
          ""type"": ""string""
        },
        ""proposedRating"": {
          ""type"": ""string""
        }
      }
    },
    {
      ""key"": ""sources"",
      ""label"": ""Evidence and traceability"",
      ""widget"": ""evidence-list"",
      ""dataType"": ""array"",
      ""colSpan"": 12,
      ""constraints"": {},
      ""items"": {
        ""type"": ""string""
      }
    }
  ],
  ""groups"": [
    {
      ""id"": ""d7-ai-result"",
      ""label"": ""AI-generated preventive plan"",
      ""fieldKeys"": [
        ""preventive.actions"",
        ""preventive.fmea""
      ],
      ""width"": ""100"",
      ""columns"": 12,
      ""order"": 10
    }
  ]
}";;;"1";"Approved";"AI Lead / Quality Manager";"2026-09-22 14:25:18";;;"Completed"
"b6f8ed0b-5bd0-4b49-9942-4b18373aa3e8";"2026-09-21T16:08:26.252Z";"anonymous";"2026-09-21T16:08:26.252Z";"anonymous";"edf377bd-555d-4fbc-9b79-f8a7a71a0868";"D8";"8";"D8 — Closure & Team Recognition";"8D report closed.";"8D report closed.";;;;;"{""closure"":{""gate"":{""status"":""Closed"",""readyForClosure"":true}}}";"{
  ""fields"": [
    {
      ""key"": ""closure.gate"",
      ""label"": ""Closure readiness"",
      ""widget"": ""closure-gate"",
      ""dataType"": ""object"",
      ""colSpan"": 12,
      ""constraints"": {},
      ""xSource"": ""manual_input"",
      ""description"": ""Computed from the review status of D1-D7. The AI never writes this."",
      ""properties"": {}
    },
    {
      ""key"": ""closure.costOfPoorQuality"",
      ""label"": ""Cost of poor quality"",
      ""widget"": ""text"",
      ""dataType"": ""string"",
      ""colSpan"": 4,
      ""constraints"": {},
      ""xSource"": ""sap_qm"",
      ""description"": ""Read from the case. The AI never writes this.""
    },
    {
      ""key"": ""closure.lessonsWhatWorked"",
      ""label"": ""What worked"",
      ""widget"": ""markdown"",
      ""dataType"": ""string"",
      ""colSpan"": 6,
      ""constraints"": {
        ""required"": true,
        ""minLength"": 20
      }
    },
    {
      ""key"": ""closure.lessonsWhatDidNot"",
      ""label"": ""What did not"",
      ""widget"": ""markdown"",
      ""dataType"": ""string"",
      ""colSpan"": 6,
      ""constraints"": {
        ""required"": true,
        ""minLength"": 20
      }
    },
    {
      ""key"": ""closure.teamRecognition"",
      ""label"": ""Team recognition"",
      ""widget"": ""markdown"",
      ""dataType"": ""string"",
      ""colSpan"": 12,
      ""constraints"": {}
    },
    {
      ""key"": ""closure.openItems"",
      ""label"": ""Still open at closure"",
      ""widget"": ""warning-list"",
      ""dataType"": ""array"",
      ""colSpan"": 12,
      ""constraints"": {},
      ""items"": {
        ""type"": ""string""
      }
    },
    {
      ""key"": ""sources"",
      ""label"": ""Evidence and traceability"",
      ""widget"": ""evidence-list"",
      ""dataType"": ""array"",
      ""colSpan"": 12,
      ""constraints"": {},
      ""items"": {
        ""type"": ""string""
      }
    }
  ],
  ""groups"": [
    {
      ""id"": ""d8-ai-result"",
      ""label"": ""AI-generated closure summary"",
      ""fieldKeys"": [
        ""closure.gate"",
        ""closure.costOfPoorQuality"",
        ""closure.lessonsWhatWorked"",
        ""closure.lessonsWhatDidNot"",
        ""closure.teamRecognition""
      ],
      ""width"": ""100"",
      ""columns"": 12,
      ""order"": 10
    }
  ]
}";;;"1";"Approved";"AI Lead / Quality Manager";"2026-09-22 14:25:18";;;"Completed"
"9444e400-1c80-452d-ad54-489daa0543ec";"2026-09-21T16:08:26.255Z";"anonymous";"2026-09-21T16:08:26.255Z";"anonymous";"f63a956f-6e84-4d35-b263-56368a791889";"D1";"1";"D1 — Team Roster";"Formed cross-functional 8D team.";"Formed cross-functional 8D team.";;;;;"{""team"":{""roster"":[{""name"":""Luis Moreno"",""organizationalRole"":""Welding Automation Specialist"",""assigned8DRole"":""8D Team Member"",""caseResponsibility"":""Welding Automation Specialist""},{""name"":""Sara Klein"",""organizationalRole"":""Supplier Quality Engineer"",""assigned8DRole"":""8D Team Member"",""caseResponsibility"":""Supplier Quality Engineer""}],""assignedRoster"":[{""partnerId"":""100001"",""partnerRole"":""8D Team Leader""},{""partnerId"":""100023"",""partnerRole"":""8D Team Member""},{""partnerId"":""100031"",""partnerRole"":""8D Team Member""}]}}";"{
  ""fields"": [
    {
      ""key"": ""team.objective"",
      ""label"": ""Team objective"",
      ""widget"": ""callout"",
      ""dataType"": ""string"",
      ""colSpan"": 12,
      ""constraints"": {
        ""required"": true,
        ""minLength"": 20,
        ""maxLength"": 260
      }
    },
    {
      ""key"": ""team.selectionMethod"",
      ""label"": ""Selection method"",
      ""widget"": ""status"",
      ""dataType"": ""string"",
      ""colSpan"": 4,
      ""constraints"": {
        ""required"": true,
        ""enum"": [
          ""Current case team"",
          ""Precedent recommendation"",
          ""Hybrid"",
          ""Roles only - assignment required""
        ]
      }
    },
    {
      ""key"": ""team.problemCapabilities"",
      ""label"": ""Capabilities required by this problem"",
      ""widget"": ""tag-selector"",
      ""dataType"": ""array"",
      ""colSpan"": 8,
      ""constraints"": {
        ""required"": true,
        ""minItems"": 1
      },
      ""items"": {
        ""type"": ""string""
      }
    },
    {
      ""key"": ""team.selectionRationale"",
      ""label"": ""How the team was selected"",
      ""widget"": ""markdown"",
      ""dataType"": ""string"",
      ""colSpan"": 12,
      ""constraints"": {
        ""required"": true,
        ""minLength"": 60,
        ""maxLength"": 1600
      }
    },
    {
      ""key"": ""team.roster"",
      ""label"": ""AI suggest"",
      ""widget"": ""ai-suggest"",
      ""dataType"": ""array"",
      ""colSpan"": 12,
      ""constraints"": {
        ""required"": true,
        ""minItems"": 1
      },
      ""items"": {
        ""type"": ""object"",
        ""properties"": {
          ""name"": {
            ""type"": ""string"",
            ""maxLength"": 120,
            ""description"": ""ONLY the person name, or \""Unassigned\"". No role, no reasoning.""
          },
          ""organizationalRole"": {
            ""type"": ""string"",
            ""maxLength"": 120,
            ""description"": ""ONLY their job title in the organisation, e.g. \""Quality Engineer\"".""
          },
          ""assigned8DRole"": {
            ""type"": ""string"",
            ""maxLength"": 60,
            ""description"": ""ONLY their role in THIS 8D, e.g. \""Team Leader\"" or \""Team Member\"".""
          },
          ""caseResponsibility"": {
            ""type"": ""string"",
            ""maxLength"": 200,
            ""description"": ""What this person is accountable for here. Never a job title.""
          },
          ""selectionReason"": {
            ""type"": ""string"",
            ""maxLength"": 220,
            ""description"": ""Why this person, in one line. Do not repeat the name or the role.""
          },
          ""servedOnCount"": {
            ""type"": ""integer"",
            ""description"": ""How many qualifying precedent cases this person served on. Rank the roster by this value, descending.""
          },
          ""sourceType"": {
            ""type"": ""string"",
            ""enum"": [
              ""current_case"",
              ""precedent"",
              ""unassigned""
            ]
          },
          ""sourcePath"": {
            ""type"": ""string"",
            ""maxLength"": 80,
            ""description"": ""ONLY the resolvable path: team.leader, team.members#N, precedents#N.team#M, or team.gaps.""
          },
          ""sourceCase"": {
            ""type"": ""string"",
            ""maxLength"": 60,
            ""description"": ""ONLY the precedent notification id, when the person came from a precedent.""
          }
        },
        ""required"": [
          ""name"",
          ""organizationalRole"",
          ""assigned8DRole"",
          ""caseResponsibility"",
          ""selectionReason"",
          ""sourceType"",
          ""sourcePath""
        ]
      }
    },
    {
      ""key"": ""team.assignedRoster"",
      ""label"": ""Decision table"",
      ""widget"": ""decision-table"",
      ""dataType"": ""array"",
      ""colSpan"": 12,
      ""constraints"": {},
      ""xSource"": ""manual_input"",
      ""description"": ""Filled in by the quality engineer on the report screen. The AI never writes this."",
      ""items"": {
        ""type"": ""object"",
        ""properties"": {
          ""partnerId"": {
            ""type"": ""string""
          },
          ""partnerName"": {
            ""type"": ""string""
          },
          ""functionTitle"": {
            ""type"": ""string""
          },
          ""partnerRole"": {
            ""type"": ""string"",
            ""enum"": [
              ""8D Team Leader"",
              ""8D Team Member""
            ]
          }
        }
      }
    },
    {
      ""key"": ""team.readinessStatus"",
      ""label"": ""Team readiness"",
      ""widget"": ""status"",
      ""dataType"": ""string"",
      ""colSpan"": 3,
      ""constraints"": {
        ""required"": true,
        ""enum"": [
          ""Ready"",
          ""Partial"",
          ""Needs assignment""
        ]
      }
    },
    {
      ""key"": ""team.readinessRationale"",
      ""label"": ""Readiness assessment"",
      ""widget"": ""markdown"",
      ""dataType"": ""string"",
      ""colSpan"": 9,
      ""constraints"": {
        ""required"": true,
        ""minLength"": 30,
        ""maxLength"": 500
      }
    },
    {
      ""key"": ""team.uncoveredCapabilities"",
      ""label"": ""Uncovered capabilities"",
      ""widget"": ""warning-list"",
      ""dataType"": ""array"",
      ""colSpan"": 6,
      ""constraints"": {},
      ""items"": {
        ""type"": ""string""
      }
    },
    {
      ""key"": ""team.sourceSummary"",
      ""label"": ""Where the team recommendation came from"",
      ""widget"": ""markdown"",
      ""dataType"": ""string"",
      ""colSpan"": 6,
      ""constraints"": {
        ""required"": true,
        ""minLength"": 30,
        ""maxLength"": 500
      }
    },
    {
      ""key"": ""team.suggestionStatus"",
      ""label"": ""Suggestion status"",
      ""widget"": ""callout"",
      ""dataType"": ""string"",
      ""colSpan"": 12,
      ""constraints"": {}
    },
    {
      ""key"": ""sources"",
      ""label"": ""Source records"",
      ""widget"": ""evidence-list"",
      ""dataType"": ""array"",
      ""colSpan"": 12,
      ""constraints"": {
        ""pattern"": ""^(team\\.|precedents#)""
      },
      ""items"": {
        ""type"": ""string""
      }
    }
  ],
  ""groups"": [
    {
      ""id"": ""d1-decision-table"",
      ""label"": ""Decision Table"",
      ""fieldKeys"": [
        ""team.assignedRoster"",
        ""team.suggestionStatus""
      ],
      ""width"": ""100"",
      ""columns"": 12,
      ""order"": 10
    }
  ]
}";;;"1";"Approved";"AI Lead / Quality Manager";"2026-09-22 14:25:18";;;"Completed"
"0a1bfcfa-714a-45dc-bbe0-a8491a7fc159";"2026-09-21T16:08:26.255Z";"anonymous";"2026-09-21T16:08:26.255Z";"anonymous";"f63a956f-6e84-4d35-b263-56368a791889";"D2";"2";"D2 — Problem Description";"Exhaust flange weld seam failed helium leak test at customer Tier-1 exhaust plant";"Exhaust flange weld seam failed helium leak test at customer Tier-1 exhaust plant";;;;;"{""problem"":{""statement"":""Exhaust flange weld seam failed helium leak test at customer Tier-1 exhaust plant"",""isIsNot"":{""is"":""Exhaust Flange EF-80 welded on WC-WELD-02 robot arm 1 on 2026-08-11"",""isNot"":""Flanges welded on WC-WELD-01 with rigid dowel-pinned nozzle bracket"",""notes"":""Porosity caused by bent nozzle angle after unrecorded fixture micro-collision""},""w2h"":{}}}";"{
  ""fields"": [
    {
      ""key"": ""problem.complaintReference"",
      ""label"": ""Complaint reference"",
      ""widget"": ""complaint-reference"",
      ""dataType"": ""string"",
      ""colSpan"": 12,
      ""constraints"": {},
      ""xSource"": ""sap_qm"",
      ""description"": ""Read from the SAP QM customer reference on the case. The AI never writes this.""
    },
    {
      ""key"": ""problem.statement"",
      ""label"": ""Problem statement"",
      ""widget"": ""problem-statement"",
      ""dataType"": ""string"",
      ""colSpan"": 12,
      ""constraints"": {
        ""required"": true,
        ""minLength"": 30,
        ""maxLength"": 600
      }
    },
    {
      ""key"": ""problem.statementOverride"",
      ""label"": ""Problem statement (edited)"",
      ""widget"": ""text"",
      ""dataType"": ""string"",
      ""colSpan"": 12,
      ""constraints"": {},
      ""xSource"": ""manual_input"",
      ""description"": ""Edited by the quality engineer on the report screen. The AI never writes this.""
    },
    {
      ""key"": ""problem.what"",
      ""label"": ""What"",
      ""widget"": ""w2h-cell"",
      ""dataType"": ""string"",
      ""colSpan"": 4,
      ""constraints"": {
        ""required"": true
      }
    },
    {
      ""key"": ""problem.where"",
      ""label"": ""Where"",
      ""widget"": ""w2h-cell"",
      ""dataType"": ""string"",
      ""colSpan"": 4,
      ""constraints"": {
        ""required"": true
      }
    },
    {
      ""key"": ""problem.when"",
      ""label"": ""When"",
      ""widget"": ""w2h-cell"",
      ""dataType"": ""string"",
      ""colSpan"": 4,
      ""constraints"": {}
    },
    {
      ""key"": ""problem.who"",
      ""label"": ""Who"",
      ""widget"": ""w2h-cell"",
      ""dataType"": ""string"",
      ""colSpan"": 4,
      ""constraints"": {}
    },
    {
      ""key"": ""problem.how"",
      ""label"": ""How"",
      ""widget"": ""w2h-cell"",
      ""dataType"": ""string"",
      ""colSpan"": 4,
      ""constraints"": {}
    },
    {
      ""key"": ""problem.extent"",
      ""label"": ""How Many"",
      ""widget"": ""w2h-cell"",
      ""dataType"": ""string"",
      ""colSpan"": 4,
      ""constraints"": {
        ""required"": true
      }
    },
    {
      ""key"": ""problem.impact"",
      ""label"": ""Business / customer impact"",
      ""widget"": ""text"",
      ""dataType"": ""string"",
      ""colSpan"": 12,
      ""constraints"": {}
    },
    {
      ""key"": ""problem.is"",
      ""label"": ""Is"",
      ""widget"": ""is-box"",
      ""dataType"": ""array"",
      ""colSpan"": 6,
      ""constraints"": {},
      ""items"": {
        ""type"": ""string""
      }
    },
    {
      ""key"": ""problem.isNot"",
      ""label"": ""Is not"",
      ""widget"": ""isnot-box"",
      ""dataType"": ""array"",
      ""colSpan"": 6,
      ""constraints"": {},
      ""items"": {
        ""type"": ""string""
      }
    },
    {
      ""key"": ""problem.isIsNotStatus"",
      ""label"": ""Is / Is-Not status"",
      ""widget"": ""callout"",
      ""dataType"": ""string"",
      ""colSpan"": 12,
      ""constraints"": {}
    },
    {
      ""key"": ""problem.isIsNotBasis"",
      ""label"": ""Is / Is-Not basis"",
      ""widget"": ""markdown"",
      ""dataType"": ""string"",
      ""colSpan"": 12,
      ""constraints"": {}
    },
    {
      ""key"": ""problem.measuredEvidence"",
      ""label"": ""Measured evidence"",
      ""widget"": ""table"",
      ""dataType"": ""array"",
      ""colSpan"": 12,
      ""constraints"": {},
      ""items"": {
        ""type"": ""object"",
        ""properties"": {
          ""characteristic"": {
            ""type"": ""string"",
            ""maxLength"": 120,
            ""description"": ""ONLY the characteristic name, e.g. \""Burr height\"". No value, no verdict.""
          },
          ""measured"": {
            ""type"": ""string"",
            ""maxLength"": 60,
            ""description"": ""ONLY the measured value with its unit, e.g. \""0.32 mm\"".""
          },
          ""specification"": {
            ""type"": ""string"",
            ""maxLength"": 60,
            ""description"": ""ONLY the specification limit with its unit, e.g. \""max 0.10 mm\"".""
          },
          ""assessment"": {
            ""type"": ""string"",
            ""maxLength"": 120,
            ""description"": ""ONLY the verdict, e.g. \""Out of tolerance\"" or \""Within spec\"". No restatement of the numbers.""
          }
        }
      }
    },
    {
      ""key"": ""problem.gaps"",
      ""label"": ""Missing facts"",
      ""widget"": ""warning-list"",
      ""dataType"": ""array"",
      ""colSpan"": 12,
      ""constraints"": {},
      ""items"": {
        ""type"": ""string""
      }
    },
    {
      ""key"": ""sources"",
      ""label"": ""Evidence and traceability"",
      ""widget"": ""evidence-list"",
      ""dataType"": ""array"",
      ""colSpan"": 12,
      ""constraints"": {},
      ""items"": {
        ""type"": ""string""
      }
    }
  ],
  ""groups"": [
    {
      ""id"": ""d2-ai-result"",
      ""label"": ""AI-generated problem description"",
      ""fieldKeys"": [
        ""problem.complaintReference"",
        ""problem.statement"",
        ""problem.what"",
        ""problem.where"",
        ""problem.when"",
        ""problem.who"",
        ""problem.how"",
        ""problem.extent"",
        ""problem.is"",
        ""problem.isNot"",
        ""problem.isIsNotStatus"",
        ""problem.isIsNotBasis""
      ],
      ""width"": ""100"",
      ""columns"": 12,
      ""order"": 10
    }
  ]
}";;;"1";"Approved";"AI Lead / Quality Manager";"2026-09-22 14:25:18";;;"Completed"
"793dddd5-70f0-4c92-9c85-ef11af0fb253";"2026-09-21T16:08:26.255Z";"anonymous";"2026-09-21T16:08:26.255Z";"anonymous";"f63a956f-6e84-4d35-b263-56368a791889";"D3";"3";"D3 — Containment Actions";"Containment actions established.";"Containment actions established.";;;;;"{""containment"":{""actions"":[{""lineNo"":1,""actionType"":""Containment"",""actionText"":""Sort and 100% helium leak test 92 units at customer plant and quarantine 180 units in transit"",""status"":""Done""}]}}";"{
  ""fields"": [
    {
      ""key"": ""containment.actions"",
      ""label"": ""Containment actions"",
      ""widget"": ""action-cards"",
      ""dataType"": ""array"",
      ""colSpan"": 12,
      ""constraints"": {
        ""required"": true,
        ""minItems"": 1
      },
      ""items"": {
        ""type"": ""object"",
        ""properties"": {
          ""action"": {
            ""type"": ""string"",
            ""description"": ""Short concise action description without boilerplate prefix. Start with the imperative verb naming the PRIMARY work, e.g. \""Quarantine 85 housings at the outgoing dock\"".""
          },
          ""owner"": {
            ""type"": ""string"",
            ""maxLength"": 120,
            ""description"": ""The team member from D1 (team.roster or team.leader/members) assigned to this containment action, selected by matching their role/responsibility to the work required. E.g. \""Karl Wagner\"" or \""DungTruonghyhy\"".""
          },
          ""status"": {
            ""type"": ""string"",
            ""enum"": [
              ""Planned"",
              ""In Process"",
              ""Done"",
              ""Verified""
            ]
          }
        }
      }
    },
    {
      ""key"": ""containment.gaps"",
      ""label"": ""Open containment gaps"",
      ""widget"": ""warning-list"",
      ""dataType"": ""array"",
      ""colSpan"": 12,
      ""constraints"": {},
      ""items"": {
        ""type"": ""string""
      }
    },
    {
      ""key"": ""sources"",
      ""label"": ""Evidence and traceability"",
      ""widget"": ""evidence-list"",
      ""dataType"": ""array"",
      ""colSpan"": 12,
      ""constraints"": {},
      ""items"": {
        ""type"": ""string""
      }
    }
  ],
  ""groups"": [
    {
      ""id"": ""d3-ai-result"",
      ""label"": ""Containment plan"",
      ""fieldKeys"": [
        ""containment.actions"",
        ""containment.gaps"",
        ""sources""
      ],
      ""width"": ""100"",
      ""columns"": 12,
      ""order"": 10
    }
  ]
}";;;"1";"Approved";"AI Lead / Quality Manager";"2026-09-22 14:25:18";;;"Completed"
"00e088b0-0e1e-4168-b0d7-40a891a9b3b6";"2026-09-21T16:08:26.255Z";"anonymous";"2026-09-21T16:08:26.255Z";"anonymous";"f63a956f-6e84-4d35-b263-56368a791889";"D4";"4";"D4 — Root Cause Analysis";"Root cause identified as Method.";"Root cause identified as Method.";;;;;"{""rootCause"":{""category"":""Method"",""whyChain"":[],""ishikawa"":[{""category"":""Man"",""description"":""EMP-4109, Shift A - robot welding programmer taught seam coordinates per nominal CAD model"",""metricValue"":null,""isRootCause"":false,""source"":""ASSUMED: MES/HR""},{""category"":""Machine"",""description"":""EQ-WELD02-001 4kW fiber laser power output 3.2 kW and beam focus BPP verified stable"",""metricValue"":""3.2 kW"",""isRootCause"":false,""source"":""SAP: EQUI/AFIH (PM)""},{""category"":""Method"",""description"":""Shielding gas delivery nozzle bracket bent to 28 deg inclination during robot teaching, creating Venturi turbulent air aspirating into the molten keyhole"",""metricValue"":""28 deg vs 15 deg design"",""isRootCause"":true,""source"":""SAP: DRAW/PLPO (DMS+Routing)""},{""category"":""Material"",""description"":""Stainless steel AISI 304 flange and tube chemical composition and surface oil-free condition verified"",""metricValue"":""clean"",""isRootCause"":false,""source"":""SAP: QALS/QAMR (incoming)""},{""category"":""Measurement"",""description"":""Mass spectrometer helium leak detector GA-0988 calibration certified"",""metricValue"":null,""isRootCause"":false,""source"":""SAP: Test Equipment Mgmt""},{""category"":""Environment"",""description"":""Welding booth cross-draft exhaust airflow 0.4 m/s compliant"",""metricValue"":""0.4 m/s"",""isRootCause"":false,""source"":""ASSUMED: MES/IoT""}]}}";"{
  ""fields"": [
    {
      ""key"": ""rootCause.statement"",
      ""label"": ""Root cause"",
      ""widget"": ""ai-draft"",
      ""dataType"": ""string"",
      ""colSpan"": 12,
      ""constraints"": {
        ""required"": true,
        ""minLength"": 10,
        ""maxLength"": 320
      }
    },
    {
      ""key"": ""rootCause.ishikawaBoard"",
      ""label"": ""Ishikawa"",
      ""widget"": ""ishikawa-grid"",
      ""dataType"": ""array"",
      ""colSpan"": 12,
      ""constraints"": {
        ""required"": true,
        ""minItems"": 6
      },
      ""description"": ""Always one row per 6M category with a concise 1-sentence verdict. Copy a recorded assessment verbatim with source=recorded; for a category with no recorded entry propose a brief verdict from evidence with source=proposed, or write \""not assessed\"". Never write audit plans or long essays in cells."",
      ""items"": {
        ""type"": ""object"",
        ""properties"": {
          ""category"": {
            ""type"": ""string"",
            ""enum"": [
              ""Man"",
              ""Machine"",
              ""Method"",
              ""Material"",
              ""Measurement"",
              ""Environment""
            ]
          },
          ""finding"": {
            ""type"": ""string"",
            ""maxLength"": 220,
            ""description"": ""The concise VERDICT for this branch, e.g. clamp pad worn 0.2 mm, or gauge R&R 8%, or not assessed. Never a list of evidence to gather - that goes in evidenceGaps once. Never the category name.""
          },
          ""isRootCause"": {
            ""type"": ""boolean"",
            ""description"": ""True for at most ONE branch in the whole board.""
          },
          ""source"": {
            ""type"": ""string"",
            ""enum"": [
              ""recorded"",
              ""proposed""
            ]
          }
        },
        ""required"": [
          ""category"",
          ""finding"",
          ""isRootCause"",
          ""source""
        ]
      }
    },
    {
      ""key"": ""rootCause.fiveWhy"",
      ""label"": ""5-Why chain"",
      ""widget"": ""why-chain"",
      ""dataType"": ""array"",
      ""colSpan"": 12,
      ""constraints"": {
        ""required"": true,
        ""minItems"": 1
      },
      ""items"": {
        ""type"": ""object"",
        ""properties"": {
          ""step"": {
            ""type"": ""integer"",
            ""description"": ""Position in the chain, starting at 1.""
          },
          ""why"": {
            ""type"": ""string"",
            ""maxLength"": 140,
            ""description"": ""The question only, ending in a question mark. Keep it short and crisp.""
          },
          ""answer"": {
            ""type"": ""string"",
            ""maxLength"": 200,
            ""description"": ""The answer only: 1 concise direct sentence naming the cause. Never repeat the question, never list audit procedures or evidence still to be gathered.""
          },
          ""evidence"": {
            ""type"": ""string"",
            ""maxLength"": 200,
            ""description"": ""The CaseContext path or measurement backing the answer. Concise citation only.""
          }
        },
        ""required"": [
          ""step"",
          ""why"",
          ""answer"",
          ""evidence""
        ]
      }
    },
    {
      ""key"": ""rootCause.evidenceGaps"",
      ""label"": ""Evidence gaps"",
      ""widget"": ""warning-list"",
      ""dataType"": ""array"",
      ""colSpan"": 12,
      ""constraints"": {},
      ""items"": {
        ""type"": ""string""
      }
    },
    {
      ""key"": ""sources"",
      ""label"": ""Evidence and traceability"",
      ""widget"": ""evidence-list"",
      ""dataType"": ""array"",
      ""colSpan"": 12,
      ""constraints"": {},
      ""items"": {
        ""type"": ""string""
      }
    }
  ],
  ""groups"": [
    {
      ""id"": ""d4-ai-result"",
      ""label"": ""Root cause analysis"",
      ""fieldKeys"": [
        ""rootCause.statement"",
        ""rootCause.ishikawaBoard"",
        ""rootCause.fiveWhy"",
        ""rootCause.evidenceGaps"",
        ""sources""
      ],
      ""width"": ""100"",
      ""columns"": 12,
      ""order"": 10
    }
  ]
}";;;"1";"Approved";"AI Lead / Quality Manager";"2026-09-22 14:25:18";;;"Completed"
"916c609f-1931-4231-ad5a-764327ab34d5";"2026-09-21T16:08:26.255Z";"anonymous";"2026-09-21T16:08:26.255Z";"anonymous";"f63a956f-6e84-4d35-b263-56368a791889";"D5";"5";"D5 — Corrective Actions";"Permanent corrective actions defined.";"Permanent corrective actions defined.";;;;;"{""corrective"":{""actions"":[{""lineNo"":2,""actionType"":""Corrective"",""actionText"":""Replace flexible nozzle bracket with dowel-located rigid steel mounting block set to 15 deg"",""status"":""Verified""}]}}";"{
  ""fields"": [
    {
      ""key"": ""corrective.actions"",
      ""label"": ""Permanent corrective actions"",
      ""widget"": ""action-cards"",
      ""dataType"": ""array"",
      ""colSpan"": 12,
      ""constraints"": {
        ""required"": true,
        ""minItems"": 1
      },
      ""items"": {
        ""type"": ""object"",
        ""properties"": {
          ""action"": {
            ""type"": ""string"",
            ""maxLength"": 240,
            ""description"": ""The action and its trigger, starting with the imperative verb that names the PRIMARY work. No owner, no status, no rationale - those are separate fields.""
          },
          ""owner"": {
            ""type"": ""string"",
            ""maxLength"": 120,
            ""description"": ""The team member from D1 (team.roster or team.leader/members) assigned to this corrective action, selected by matching their role/responsibility to the root cause fix. E.g. \""Karl Wagner\"" or \""Minh Dinh\"".""
          },
          ""status"": {
            ""type"": ""string"",
            ""maxLength"": 40,
            ""description"": ""ONLY the current status, one or two words, e.g. \""Planned\"", \""In progress\"", \""Done\"".""
          },
          ""origin"": {
            ""type"": ""string"",
            ""maxLength"": 60,
            ""description"": ""ONLY where it came from: \""recorded\"" for an action already in the case, or \""precedents#N\"" for a proposal.""
          },
          ""protection"": {
            ""type"": ""string"",
            ""maxLength"": 200,
            ""description"": ""One line.""
          }
        }
      }
    },
    {
      ""key"": ""sources"",
      ""label"": ""Evidence and traceability"",
      ""widget"": ""evidence-list"",
      ""dataType"": ""array"",
      ""colSpan"": 12,
      ""constraints"": {},
      ""items"": {
        ""type"": ""string""
      }
    }
  ],
  ""groups"": [
    {
      ""id"": ""d5-ai-result"",
      ""label"": ""AI-generated corrective plan"",
      ""fieldKeys"": [
        ""corrective.actions""
      ],
      ""width"": ""100"",
      ""columns"": 12,
      ""order"": 10
    }
  ]
}";;;"1";"Approved";"AI Lead / Quality Manager";"2026-09-22 14:25:18";;;"Completed"
"c3511f51-98bd-40cd-a1bb-92de063da865";"2026-09-21T16:08:26.255Z";"anonymous";"2026-09-21T16:08:26.255Z";"anonymous";"f63a956f-6e84-4d35-b263-56368a791889";"D6";"6";"D6 — Verification of Effectiveness";"Verification plan executed.";"Verification plan executed.";;;;;"{""verification"":{""status"":""Verified"",""notes"":""Corrective actions verified on line.""}}";"{
  ""fields"": [
    {
      ""key"": ""verification.objective"",
      ""label"": ""Verification objective"",
      ""widget"": ""callout"",
      ""dataType"": ""string"",
      ""colSpan"": 12,
      ""constraints"": {
        ""required"": true,
        ""maxLength"": 260
      }
    },
    {
      ""key"": ""verification.plan"",
      ""label"": ""Verification plan"",
      ""widget"": ""table"",
      ""dataType"": ""array"",
      ""colSpan"": 12,
      ""constraints"": {
        ""required"": true,
        ""minItems"": 1
      },
      ""items"": {
        ""type"": ""object"",
        ""properties"": {
          ""measure"": {
            ""type"": ""string"",
            ""maxLength"": 200,
            ""description"": ""One line.""
          },
          ""sampleSize"": {
            ""type"": ""string"",
            ""maxLength"": 80,
            ""description"": ""ONLY the sample size, e.g. \""30 parts per shift\"".""
          },
          ""period"": {
            ""type"": ""string"",
            ""maxLength"": 60,
            ""description"": ""ONLY the period over which it runs, e.g. \""4 weeks\"".""
          },
          ""acceptanceCriterion"": {
            ""type"": ""string"",
            ""maxLength"": 220,
            ""description"": ""The pass/fail threshold with its number, anchored to a real specification value.""
          },
          ""signOff"": {
            ""type"": ""string"",
            ""maxLength"": 120,
            ""description"": ""ONLY the role that signs it off.""
          }
        }
      }
    },
    {
      ""key"": ""verification.evidenceStatus"",
      ""label"": ""Evidence status"",
      ""widget"": ""status"",
      ""dataType"": ""string"",
      ""colSpan"": 4,
      ""constraints"": {
        ""required"": true,
        ""enum"": [
          ""No evidence yet"",
          ""Partially verified"",
          ""Verified""
        ]
      }
    },
    {
      ""key"": ""sources"",
      ""label"": ""Evidence and traceability"",
      ""widget"": ""evidence-list"",
      ""dataType"": ""array"",
      ""colSpan"": 12,
      ""constraints"": {},
      ""items"": {
        ""type"": ""string""
      }
    }
  ],
  ""groups"": [
    {
      ""id"": ""d6-ai-result"",
      ""label"": ""AI-generated verification plan"",
      ""fieldKeys"": [
        ""verification.objective"",
        ""verification.plan""
      ],
      ""width"": ""100"",
      ""columns"": 12,
      ""order"": 10
    }
  ]
}";;;"1";"Approved";"AI Lead / Quality Manager";"2026-09-22 14:25:18";;;"Completed"
"20ff6ee2-9de3-40a8-bfaa-29ff8facb45a";"2026-09-21T16:08:26.255Z";"anonymous";"2026-09-21T16:08:26.255Z";"anonymous";"f63a956f-6e84-4d35-b263-56368a791889";"D7";"7";"D7 — Preventive Actions";"Preventive measures implemented.";"Preventive measures implemented.";;;;;"{""preventive"":{""actions"":[{""lineNo"":3,""actionType"":""Preventive"",""actionText"":""Add optical nozzle alignment check to automated daily robot zeroing routine in cell PLC"",""status"":""Verified in production""}]}}";"{
  ""fields"": [
    {
      ""key"": ""preventive.actions"",
      ""label"": ""Preventive actions"",
      ""widget"": ""action-cards"",
      ""dataType"": ""array"",
      ""colSpan"": 12,
      ""constraints"": {
        ""required"": true,
        ""minItems"": 1
      },
      ""items"": {
        ""type"": ""object"",
        ""properties"": {
          ""action"": {
            ""type"": ""string"",
            ""maxLength"": 240,
            ""description"": ""The action and its trigger, starting with the imperative verb that names the PRIMARY work. No owner, no status, no rationale - those are separate fields.""
          },
          ""owner"": {
            ""type"": ""string"",
            ""maxLength"": 120,
            ""description"": ""The team member from D1 (team.roster or team.leader/members) assigned to this preventive action, selected by matching their role/responsibility to the systemic/FMEA fix. E.g. \""Minh Dinh\"" or \""DungTruonghyhy\"".""
          },
          ""status"": {
            ""type"": ""string"",
            ""maxLength"": 40,
            ""description"": ""ONLY the current status, one or two words, e.g. \""Planned\"", \""In progress\"", \""Done\"".""
          },
          ""origin"": {
            ""type"": ""string"",
            ""maxLength"": 60,
            ""description"": ""ONLY where it came from: \""recorded\"" for an action already in the case, or \""precedents#N\"" for a proposal.""
          },
          ""protection"": {
            ""type"": ""string"",
            ""maxLength"": 200,
            ""description"": ""One line.""
          }
        }
      }
    },
    {
      ""key"": ""preventive.fmea"",
      ""label"": ""FMEA entry to update"",
      ""widget"": ""fmea-link"",
      ""dataType"": ""object"",
      ""colSpan"": 12,
      ""constraints"": {},
      ""properties"": {
        ""fmeaId"": {
          ""type"": ""string""
        },
        ""description"": {
          ""type"": ""string""
        },
        ""change"": {
          ""type"": ""string""
        },
        ""currentRating"": {
          ""type"": ""string""
        },
        ""proposedRating"": {
          ""type"": ""string""
        }
      }
    },
    {
      ""key"": ""sources"",
      ""label"": ""Evidence and traceability"",
      ""widget"": ""evidence-list"",
      ""dataType"": ""array"",
      ""colSpan"": 12,
      ""constraints"": {},
      ""items"": {
        ""type"": ""string""
      }
    }
  ],
  ""groups"": [
    {
      ""id"": ""d7-ai-result"",
      ""label"": ""AI-generated preventive plan"",
      ""fieldKeys"": [
        ""preventive.actions"",
        ""preventive.fmea""
      ],
      ""width"": ""100"",
      ""columns"": 12,
      ""order"": 10
    }
  ]
}";;;"1";"Approved";"AI Lead / Quality Manager";"2026-09-22 14:25:18";;;"Completed"
"7e3083e5-1b7f-4162-897f-35aa72348499";"2026-09-21T16:08:26.255Z";"anonymous";"2026-09-21T16:08:26.255Z";"anonymous";"f63a956f-6e84-4d35-b263-56368a791889";"D8";"8";"D8 — Closure & Team Recognition";"8D report closed.";"8D report closed.";;;;;"{""closure"":{""gate"":{""status"":""Closed"",""readyForClosure"":true}}}";"{
  ""fields"": [
    {
      ""key"": ""closure.gate"",
      ""label"": ""Closure readiness"",
      ""widget"": ""closure-gate"",
      ""dataType"": ""object"",
      ""colSpan"": 12,
      ""constraints"": {},
      ""xSource"": ""manual_input"",
      ""description"": ""Computed from the review status of D1-D7. The AI never writes this."",
      ""properties"": {}
    },
    {
      ""key"": ""closure.costOfPoorQuality"",
      ""label"": ""Cost of poor quality"",
      ""widget"": ""text"",
      ""dataType"": ""string"",
      ""colSpan"": 4,
      ""constraints"": {},
      ""xSource"": ""sap_qm"",
      ""description"": ""Read from the case. The AI never writes this.""
    },
    {
      ""key"": ""closure.lessonsWhatWorked"",
      ""label"": ""What worked"",
      ""widget"": ""markdown"",
      ""dataType"": ""string"",
      ""colSpan"": 6,
      ""constraints"": {
        ""required"": true,
        ""minLength"": 20
      }
    },
    {
      ""key"": ""closure.lessonsWhatDidNot"",
      ""label"": ""What did not"",
      ""widget"": ""markdown"",
      ""dataType"": ""string"",
      ""colSpan"": 6,
      ""constraints"": {
        ""required"": true,
        ""minLength"": 20
      }
    },
    {
      ""key"": ""closure.teamRecognition"",
      ""label"": ""Team recognition"",
      ""widget"": ""markdown"",
      ""dataType"": ""string"",
      ""colSpan"": 12,
      ""constraints"": {}
    },
    {
      ""key"": ""closure.openItems"",
      ""label"": ""Still open at closure"",
      ""widget"": ""warning-list"",
      ""dataType"": ""array"",
      ""colSpan"": 12,
      ""constraints"": {},
      ""items"": {
        ""type"": ""string""
      }
    },
    {
      ""key"": ""sources"",
      ""label"": ""Evidence and traceability"",
      ""widget"": ""evidence-list"",
      ""dataType"": ""array"",
      ""colSpan"": 12,
      ""constraints"": {},
      ""items"": {
        ""type"": ""string""
      }
    }
  ],
  ""groups"": [
    {
      ""id"": ""d8-ai-result"",
      ""label"": ""AI-generated closure summary"",
      ""fieldKeys"": [
        ""closure.gate"",
        ""closure.costOfPoorQuality"",
        ""closure.lessonsWhatWorked"",
        ""closure.lessonsWhatDidNot"",
        ""closure.teamRecognition""
      ],
      ""width"": ""100"",
      ""columns"": 12,
      ""order"": 10
    }
  ]
}";;;"1";"Approved";"AI Lead / Quality Manager";"2026-09-22 14:25:18";;;"Completed"
"c4318c1b-38df-4f98-b6f0-c590e90a2356";"2026-09-21T16:08:26.260Z";"anonymous";"2026-09-21T16:08:26.260Z";"anonymous";"303049cb-4d40-4abc-bbd7-3ff67ac8a7e1";"D1";"1";"D1 — Team Roster";"Formed cross-functional 8D team.";"Formed cross-functional 8D team.";;;;;"{""team"":{""roster"":[{""name"":""Sara Klein"",""organizationalRole"":""Supplier Quality Engineer"",""assigned8DRole"":""8D Team Member"",""caseResponsibility"":""Supplier Quality Engineer""},{""name"":""Quyen La"",""organizationalRole"":""Quality Technician"",""assigned8DRole"":""8D Team Member"",""caseResponsibility"":""Quality Technician""}],""assignedRoster"":[{""partnerId"":""100001"",""partnerRole"":""8D Team Leader""},{""partnerId"":""100031"",""partnerRole"":""8D Team Member""},{""partnerId"":""100011"",""partnerRole"":""8D Team Member""}]}}";"{
  ""fields"": [
    {
      ""key"": ""team.objective"",
      ""label"": ""Team objective"",
      ""widget"": ""callout"",
      ""dataType"": ""string"",
      ""colSpan"": 12,
      ""constraints"": {
        ""required"": true,
        ""minLength"": 20,
        ""maxLength"": 260
      }
    },
    {
      ""key"": ""team.selectionMethod"",
      ""label"": ""Selection method"",
      ""widget"": ""status"",
      ""dataType"": ""string"",
      ""colSpan"": 4,
      ""constraints"": {
        ""required"": true,
        ""enum"": [
          ""Current case team"",
          ""Precedent recommendation"",
          ""Hybrid"",
          ""Roles only - assignment required""
        ]
      }
    },
    {
      ""key"": ""team.problemCapabilities"",
      ""label"": ""Capabilities required by this problem"",
      ""widget"": ""tag-selector"",
      ""dataType"": ""array"",
      ""colSpan"": 8,
      ""constraints"": {
        ""required"": true,
        ""minItems"": 1
      },
      ""items"": {
        ""type"": ""string""
      }
    },
    {
      ""key"": ""team.selectionRationale"",
      ""label"": ""How the team was selected"",
      ""widget"": ""markdown"",
      ""dataType"": ""string"",
      ""colSpan"": 12,
      ""constraints"": {
        ""required"": true,
        ""minLength"": 60,
        ""maxLength"": 1600
      }
    },
    {
      ""key"": ""team.roster"",
      ""label"": ""AI suggest"",
      ""widget"": ""ai-suggest"",
      ""dataType"": ""array"",
      ""colSpan"": 12,
      ""constraints"": {
        ""required"": true,
        ""minItems"": 1
      },
      ""items"": {
        ""type"": ""object"",
        ""properties"": {
          ""name"": {
            ""type"": ""string"",
            ""maxLength"": 120,
            ""description"": ""ONLY the person name, or \""Unassigned\"". No role, no reasoning.""
          },
          ""organizationalRole"": {
            ""type"": ""string"",
            ""maxLength"": 120,
            ""description"": ""ONLY their job title in the organisation, e.g. \""Quality Engineer\"".""
          },
          ""assigned8DRole"": {
            ""type"": ""string"",
            ""maxLength"": 60,
            ""description"": ""ONLY their role in THIS 8D, e.g. \""Team Leader\"" or \""Team Member\"".""
          },
          ""caseResponsibility"": {
            ""type"": ""string"",
            ""maxLength"": 200,
            ""description"": ""What this person is accountable for here. Never a job title.""
          },
          ""selectionReason"": {
            ""type"": ""string"",
            ""maxLength"": 220,
            ""description"": ""Why this person, in one line. Do not repeat the name or the role.""
          },
          ""servedOnCount"": {
            ""type"": ""integer"",
            ""description"": ""How many qualifying precedent cases this person served on. Rank the roster by this value, descending.""
          },
          ""sourceType"": {
            ""type"": ""string"",
            ""enum"": [
              ""current_case"",
              ""precedent"",
              ""unassigned""
            ]
          },
          ""sourcePath"": {
            ""type"": ""string"",
            ""maxLength"": 80,
            ""description"": ""ONLY the resolvable path: team.leader, team.members#N, precedents#N.team#M, or team.gaps.""
          },
          ""sourceCase"": {
            ""type"": ""string"",
            ""maxLength"": 60,
            ""description"": ""ONLY the precedent notification id, when the person came from a precedent.""
          }
        },
        ""required"": [
          ""name"",
          ""organizationalRole"",
          ""assigned8DRole"",
          ""caseResponsibility"",
          ""selectionReason"",
          ""sourceType"",
          ""sourcePath""
        ]
      }
    },
    {
      ""key"": ""team.assignedRoster"",
      ""label"": ""Decision table"",
      ""widget"": ""decision-table"",
      ""dataType"": ""array"",
      ""colSpan"": 12,
      ""constraints"": {},
      ""xSource"": ""manual_input"",
      ""description"": ""Filled in by the quality engineer on the report screen. The AI never writes this."",
      ""items"": {
        ""type"": ""object"",
        ""properties"": {
          ""partnerId"": {
            ""type"": ""string""
          },
          ""partnerName"": {
            ""type"": ""string""
          },
          ""functionTitle"": {
            ""type"": ""string""
          },
          ""partnerRole"": {
            ""type"": ""string"",
            ""enum"": [
              ""8D Team Leader"",
              ""8D Team Member""
            ]
          }
        }
      }
    },
    {
      ""key"": ""team.readinessStatus"",
      ""label"": ""Team readiness"",
      ""widget"": ""status"",
      ""dataType"": ""string"",
      ""colSpan"": 3,
      ""constraints"": {
        ""required"": true,
        ""enum"": [
          ""Ready"",
          ""Partial"",
          ""Needs assignment""
        ]
      }
    },
    {
      ""key"": ""team.readinessRationale"",
      ""label"": ""Readiness assessment"",
      ""widget"": ""markdown"",
      ""dataType"": ""string"",
      ""colSpan"": 9,
      ""constraints"": {
        ""required"": true,
        ""minLength"": 30,
        ""maxLength"": 500
      }
    },
    {
      ""key"": ""team.uncoveredCapabilities"",
      ""label"": ""Uncovered capabilities"",
      ""widget"": ""warning-list"",
      ""dataType"": ""array"",
      ""colSpan"": 6,
      ""constraints"": {},
      ""items"": {
        ""type"": ""string""
      }
    },
    {
      ""key"": ""team.sourceSummary"",
      ""label"": ""Where the team recommendation came from"",
      ""widget"": ""markdown"",
      ""dataType"": ""string"",
      ""colSpan"": 6,
      ""constraints"": {
        ""required"": true,
        ""minLength"": 30,
        ""maxLength"": 500
      }
    },
    {
      ""key"": ""team.suggestionStatus"",
      ""label"": ""Suggestion status"",
      ""widget"": ""callout"",
      ""dataType"": ""string"",
      ""colSpan"": 12,
      ""constraints"": {}
    },
    {
      ""key"": ""sources"",
      ""label"": ""Source records"",
      ""widget"": ""evidence-list"",
      ""dataType"": ""array"",
      ""colSpan"": 12,
      ""constraints"": {
        ""pattern"": ""^(team\\.|precedents#)""
      },
      ""items"": {
        ""type"": ""string""
      }
    }
  ],
  ""groups"": [
    {
      ""id"": ""d1-decision-table"",
      ""label"": ""Decision Table"",
      ""fieldKeys"": [
        ""team.assignedRoster"",
        ""team.suggestionStatus""
      ],
      ""width"": ""100"",
      ""columns"": 12,
      ""order"": 10
    }
  ]
}";;;"1";"Approved";"AI Lead / Quality Manager";"2026-09-22 14:25:18";;;"Completed"
"9a1e6997-d8d7-450c-ac6b-a05e5c167f75";"2026-09-21T16:08:26.260Z";"anonymous";"2026-09-21T16:08:26.260Z";"anonymous";"303049cb-4d40-4abc-bbd7-3ff67ac8a7e1";"D2";"2";"D2 — Problem Description";"Pressure drop 1.4 bar detected at 6 bar hydraulic leak test station";"Pressure drop 1.4 bar detected at 6 bar hydraulic leak test station";;;;;"{""problem"":{""statement"":""Pressure drop 1.4 bar detected at 6 bar hydraulic leak test station"",""isIsNot"":{""is"":""P90 housings assembled with O-ring batch OR-9912 on 2026-08-12"",""isNot"":""Housings assembled with O-ring batch OR-9908 with verified 70 Shore A hardness"",""notes"":""Failure strictly limited to supplier rubber batch OR-9912 compounding error""},""w2h"":{}}}";"{
  ""fields"": [
    {
      ""key"": ""problem.complaintReference"",
      ""label"": ""Complaint reference"",
      ""widget"": ""complaint-reference"",
      ""dataType"": ""string"",
      ""colSpan"": 12,
      ""constraints"": {},
      ""xSource"": ""sap_qm"",
      ""description"": ""Read from the SAP QM customer reference on the case. The AI never writes this.""
    },
    {
      ""key"": ""problem.statement"",
      ""label"": ""Problem statement"",
      ""widget"": ""problem-statement"",
      ""dataType"": ""string"",
      ""colSpan"": 12,
      ""constraints"": {
        ""required"": true,
        ""minLength"": 30,
        ""maxLength"": 600
      }
    },
    {
      ""key"": ""problem.statementOverride"",
      ""label"": ""Problem statement (edited)"",
      ""widget"": ""text"",
      ""dataType"": ""string"",
      ""colSpan"": 12,
      ""constraints"": {},
      ""xSource"": ""manual_input"",
      ""description"": ""Edited by the quality engineer on the report screen. The AI never writes this.""
    },
    {
      ""key"": ""problem.what"",
      ""label"": ""What"",
      ""widget"": ""w2h-cell"",
      ""dataType"": ""string"",
      ""colSpan"": 4,
      ""constraints"": {
        ""required"": true
      }
    },
    {
      ""key"": ""problem.where"",
      ""label"": ""Where"",
      ""widget"": ""w2h-cell"",
      ""dataType"": ""string"",
      ""colSpan"": 4,
      ""constraints"": {
        ""required"": true
      }
    },
    {
      ""key"": ""problem.when"",
      ""label"": ""When"",
      ""widget"": ""w2h-cell"",
      ""dataType"": ""string"",
      ""colSpan"": 4,
      ""constraints"": {}
    },
    {
      ""key"": ""problem.who"",
      ""label"": ""Who"",
      ""widget"": ""w2h-cell"",
      ""dataType"": ""string"",
      ""colSpan"": 4,
      ""constraints"": {}
    },
    {
      ""key"": ""problem.how"",
      ""label"": ""How"",
      ""widget"": ""w2h-cell"",
      ""dataType"": ""string"",
      ""colSpan"": 4,
      ""constraints"": {}
    },
    {
      ""key"": ""problem.extent"",
      ""label"": ""How Many"",
      ""widget"": ""w2h-cell"",
      ""dataType"": ""string"",
      ""colSpan"": 4,
      ""constraints"": {
        ""required"": true
      }
    },
    {
      ""key"": ""problem.impact"",
      ""label"": ""Business / customer impact"",
      ""widget"": ""text"",
      ""dataType"": ""string"",
      ""colSpan"": 12,
      ""constraints"": {}
    },
    {
      ""key"": ""problem.is"",
      ""label"": ""Is"",
      ""widget"": ""is-box"",
      ""dataType"": ""array"",
      ""colSpan"": 6,
      ""constraints"": {},
      ""items"": {
        ""type"": ""string""
      }
    },
    {
      ""key"": ""problem.isNot"",
      ""label"": ""Is not"",
      ""widget"": ""isnot-box"",
      ""dataType"": ""array"",
      ""colSpan"": 6,
      ""constraints"": {},
      ""items"": {
        ""type"": ""string""
      }
    },
    {
      ""key"": ""problem.isIsNotStatus"",
      ""label"": ""Is / Is-Not status"",
      ""widget"": ""callout"",
      ""dataType"": ""string"",
      ""colSpan"": 12,
      ""constraints"": {}
    },
    {
      ""key"": ""problem.isIsNotBasis"",
      ""label"": ""Is / Is-Not basis"",
      ""widget"": ""markdown"",
      ""dataType"": ""string"",
      ""colSpan"": 12,
      ""constraints"": {}
    },
    {
      ""key"": ""problem.measuredEvidence"",
      ""label"": ""Measured evidence"",
      ""widget"": ""table"",
      ""dataType"": ""array"",
      ""colSpan"": 12,
      ""constraints"": {},
      ""items"": {
        ""type"": ""object"",
        ""properties"": {
          ""characteristic"": {
            ""type"": ""string"",
            ""maxLength"": 120,
            ""description"": ""ONLY the characteristic name, e.g. \""Burr height\"". No value, no verdict.""
          },
          ""measured"": {
            ""type"": ""string"",
            ""maxLength"": 60,
            ""description"": ""ONLY the measured value with its unit, e.g. \""0.32 mm\"".""
          },
          ""specification"": {
            ""type"": ""string"",
            ""maxLength"": 60,
            ""description"": ""ONLY the specification limit with its unit, e.g. \""max 0.10 mm\"".""
          },
          ""assessment"": {
            ""type"": ""string"",
            ""maxLength"": 120,
            ""description"": ""ONLY the verdict, e.g. \""Out of tolerance\"" or \""Within spec\"". No restatement of the numbers.""
          }
        }
      }
    },
    {
      ""key"": ""problem.gaps"",
      ""label"": ""Missing facts"",
      ""widget"": ""warning-list"",
      ""dataType"": ""array"",
      ""colSpan"": 12,
      ""constraints"": {},
      ""items"": {
        ""type"": ""string""
      }
    },
    {
      ""key"": ""sources"",
      ""label"": ""Evidence and traceability"",
      ""widget"": ""evidence-list"",
      ""dataType"": ""array"",
      ""colSpan"": 12,
      ""constraints"": {},
      ""items"": {
        ""type"": ""string""
      }
    }
  ],
  ""groups"": [
    {
      ""id"": ""d2-ai-result"",
      ""label"": ""AI-generated problem description"",
      ""fieldKeys"": [
        ""problem.complaintReference"",
        ""problem.statement"",
        ""problem.what"",
        ""problem.where"",
        ""problem.when"",
        ""problem.who"",
        ""problem.how"",
        ""problem.extent"",
        ""problem.is"",
        ""problem.isNot"",
        ""problem.isIsNotStatus"",
        ""problem.isIsNotBasis""
      ],
      ""width"": ""100"",
      ""columns"": 12,
      ""order"": 10
    }
  ]
}";;;"1";"Approved";"AI Lead / Quality Manager";"2026-09-22 14:25:18";;;"Completed"
"7d26caf7-8a49-4333-83d6-f98a8ec75c23";"2026-09-21T16:08:26.260Z";"anonymous";"2026-09-21T16:08:26.260Z";"anonymous";"303049cb-4d40-4abc-bbd7-3ff67ac8a7e1";"D3";"3";"D3 — Containment Actions";"Containment actions established.";"Containment actions established.";;;;;"{""containment"":{""actions"":[{""lineNo"":1,""actionType"":""Containment"",""actionText"":""Purge all remaining O-ring stock from batch OR-9912 in warehouse and assembly line kitting bins"",""status"":""Done""}]}}";"{
  ""fields"": [
    {
      ""key"": ""containment.actions"",
      ""label"": ""Containment actions"",
      ""widget"": ""action-cards"",
      ""dataType"": ""array"",
      ""colSpan"": 12,
      ""constraints"": {
        ""required"": true,
        ""minItems"": 1
      },
      ""items"": {
        ""type"": ""object"",
        ""properties"": {
          ""action"": {
            ""type"": ""string"",
            ""description"": ""Short concise action description without boilerplate prefix. Start with the imperative verb naming the PRIMARY work, e.g. \""Quarantine 85 housings at the outgoing dock\"".""
          },
          ""owner"": {
            ""type"": ""string"",
            ""maxLength"": 120,
            ""description"": ""The team member from D1 (team.roster or team.leader/members) assigned to this containment action, selected by matching their role/responsibility to the work required. E.g. \""Karl Wagner\"" or \""DungTruonghyhy\"".""
          },
          ""status"": {
            ""type"": ""string"",
            ""enum"": [
              ""Planned"",
              ""In Process"",
              ""Done"",
              ""Verified""
            ]
          }
        }
      }
    },
    {
      ""key"": ""containment.gaps"",
      ""label"": ""Open containment gaps"",
      ""widget"": ""warning-list"",
      ""dataType"": ""array"",
      ""colSpan"": 12,
      ""constraints"": {},
      ""items"": {
        ""type"": ""string""
      }
    },
    {
      ""key"": ""sources"",
      ""label"": ""Evidence and traceability"",
      ""widget"": ""evidence-list"",
      ""dataType"": ""array"",
      ""colSpan"": 12,
      ""constraints"": {},
      ""items"": {
        ""type"": ""string""
      }
    }
  ],
  ""groups"": [
    {
      ""id"": ""d3-ai-result"",
      ""label"": ""Containment plan"",
      ""fieldKeys"": [
        ""containment.actions"",
        ""containment.gaps"",
        ""sources""
      ],
      ""width"": ""100"",
      ""columns"": 12,
      ""order"": 10
    }
  ]
}";;;"1";"Approved";"AI Lead / Quality Manager";"2026-09-22 14:25:18";;;"Completed"
"a8f9d60d-bd30-41ac-bc6f-68f35fab0af9";"2026-09-21T16:08:26.260Z";"anonymous";"2026-09-21T16:08:26.260Z";"anonymous";"303049cb-4d40-4abc-bbd7-3ff67ac8a7e1";"D4";"4";"D4 — Root Cause Analysis";"Root cause identified as Material.";"Root cause identified as Material.";;;;;"{""rootCause"":{""category"":""Material"",""whyChain"":[],""ishikawa"":[{""category"":""Man"",""description"":""EMP-7712, Shift B - assembly technician installed O-rings using guided assembly mandrel per SOP"",""metricValue"":null,""isRootCause"":false,""source"":""ASSUMED: MES/HR""},{""category"":""Machine"",""description"":""Automated leak test bench EQ-LEAK08-001 pressure transducers and pneumatic sealing plugs fully functional"",""metricValue"":""calibrated"",""isRootCause"":false,""source"":""SAP: EQUI/AFIH (PM)""},{""category"":""Method"",""description"":""DOC-2210 Rev D - groove dimensions (width 3.2mm, depth 2.3mm) and assembly sequence compliant"",""metricValue"":null,""isRootCause"":false,""source"":""SAP: DRAW/PLPO (DMS+Routing)""},{""category"":""Material"",""description"":""NBR rubber O-ring supplier lot OR-9912 received with incorrect Shore A hardness of 54 vs drawing specification of 70 +/- 5 Shore A; soft material extruded into clearance gap under 6 bar test pressure"",""metricValue"":""54 Shore A vs 70 required"",""isRootCause"":true,""source"":""SAP: QALS/QAMR (incoming)""},{""category"":""Measurement"",""description"":""Durometer hardness gage GA-0222 calibrated per ISO 7619-1"",""metricValue"":null,""isRootCause"":false,""source"":""SAP: Test Equipment Mgmt""},{""category"":""Environment"",""description"":""Hydraulic test oil ISO VG 46 temperature 24.1C compliant"",""metricValue"":""24.1C"",""isRootCause"":false,""source"":""ASSUMED: MES/IoT""}]}}";"{
  ""fields"": [
    {
      ""key"": ""rootCause.statement"",
      ""label"": ""Root cause"",
      ""widget"": ""ai-draft"",
      ""dataType"": ""string"",
      ""colSpan"": 12,
      ""constraints"": {
        ""required"": true,
        ""minLength"": 10,
        ""maxLength"": 320
      }
    },
    {
      ""key"": ""rootCause.ishikawaBoard"",
      ""label"": ""Ishikawa"",
      ""widget"": ""ishikawa-grid"",
      ""dataType"": ""array"",
      ""colSpan"": 12,
      ""constraints"": {
        ""required"": true,
        ""minItems"": 6
      },
      ""description"": ""Always one row per 6M category with a concise 1-sentence verdict. Copy a recorded assessment verbatim with source=recorded; for a category with no recorded entry propose a brief verdict from evidence with source=proposed, or write \""not assessed\"". Never write audit plans or long essays in cells."",
      ""items"": {
        ""type"": ""object"",
        ""properties"": {
          ""category"": {
            ""type"": ""string"",
            ""enum"": [
              ""Man"",
              ""Machine"",
              ""Method"",
              ""Material"",
              ""Measurement"",
              ""Environment""
            ]
          },
          ""finding"": {
            ""type"": ""string"",
            ""maxLength"": 220,
            ""description"": ""The concise VERDICT for this branch, e.g. clamp pad worn 0.2 mm, or gauge R&R 8%, or not assessed. Never a list of evidence to gather - that goes in evidenceGaps once. Never the category name.""
          },
          ""isRootCause"": {
            ""type"": ""boolean"",
            ""description"": ""True for at most ONE branch in the whole board.""
          },
          ""source"": {
            ""type"": ""string"",
            ""enum"": [
              ""recorded"",
              ""proposed""
            ]
          }
        },
        ""required"": [
          ""category"",
          ""finding"",
          ""isRootCause"",
          ""source""
        ]
      }
    },
    {
      ""key"": ""rootCause.fiveWhy"",
      ""label"": ""5-Why chain"",
      ""widget"": ""why-chain"",
      ""dataType"": ""array"",
      ""colSpan"": 12,
      ""constraints"": {
        ""required"": true,
        ""minItems"": 1
      },
      ""items"": {
        ""type"": ""object"",
        ""properties"": {
          ""step"": {
            ""type"": ""integer"",
            ""description"": ""Position in the chain, starting at 1.""
          },
          ""why"": {
            ""type"": ""string"",
            ""maxLength"": 140,
            ""description"": ""The question only, ending in a question mark. Keep it short and crisp.""
          },
          ""answer"": {
            ""type"": ""string"",
            ""maxLength"": 200,
            ""description"": ""The answer only: 1 concise direct sentence naming the cause. Never repeat the question, never list audit procedures or evidence still to be gathered.""
          },
          ""evidence"": {
            ""type"": ""string"",
            ""maxLength"": 200,
            ""description"": ""The CaseContext path or measurement backing the answer. Concise citation only.""
          }
        },
        ""required"": [
          ""step"",
          ""why"",
          ""answer"",
          ""evidence""
        ]
      }
    },
    {
      ""key"": ""rootCause.evidenceGaps"",
      ""label"": ""Evidence gaps"",
      ""widget"": ""warning-list"",
      ""dataType"": ""array"",
      ""colSpan"": 12,
      ""constraints"": {},
      ""items"": {
        ""type"": ""string""
      }
    },
    {
      ""key"": ""sources"",
      ""label"": ""Evidence and traceability"",
      ""widget"": ""evidence-list"",
      ""dataType"": ""array"",
      ""colSpan"": 12,
      ""constraints"": {},
      ""items"": {
        ""type"": ""string""
      }
    }
  ],
  ""groups"": [
    {
      ""id"": ""d4-ai-result"",
      ""label"": ""Root cause analysis"",
      ""fieldKeys"": [
        ""rootCause.statement"",
        ""rootCause.ishikawaBoard"",
        ""rootCause.fiveWhy"",
        ""rootCause.evidenceGaps"",
        ""sources""
      ],
      ""width"": ""100"",
      ""columns"": 12,
      ""order"": 10
    }
  ]
}";;;"1";"Approved";"AI Lead / Quality Manager";"2026-09-22 14:25:18";;;"Completed"
"d4ca87ff-9782-4b63-9c53-6f35b6e44fab";"2026-09-21T16:08:26.260Z";"anonymous";"2026-09-21T16:08:26.260Z";"anonymous";"303049cb-4d40-4abc-bbd7-3ff67ac8a7e1";"D5";"5";"D5 — Corrective Actions";"Permanent corrective actions defined.";"Permanent corrective actions defined.";;;;;"{""corrective"":{""actions"":[{""lineNo"":2,""actionType"":""Corrective"",""actionText"":""Issue supplier corrective action request to rubber vendor and re-qualify replacement batch OR-9920"",""status"":""Verified""}]}}";"{
  ""fields"": [
    {
      ""key"": ""corrective.actions"",
      ""label"": ""Permanent corrective actions"",
      ""widget"": ""action-cards"",
      ""dataType"": ""array"",
      ""colSpan"": 12,
      ""constraints"": {
        ""required"": true,
        ""minItems"": 1
      },
      ""items"": {
        ""type"": ""object"",
        ""properties"": {
          ""action"": {
            ""type"": ""string"",
            ""maxLength"": 240,
            ""description"": ""The action and its trigger, starting with the imperative verb that names the PRIMARY work. No owner, no status, no rationale - those are separate fields.""
          },
          ""owner"": {
            ""type"": ""string"",
            ""maxLength"": 120,
            ""description"": ""The team member from D1 (team.roster or team.leader/members) assigned to this corrective action, selected by matching their role/responsibility to the root cause fix. E.g. \""Karl Wagner\"" or \""Minh Dinh\"".""
          },
          ""status"": {
            ""type"": ""string"",
            ""maxLength"": 40,
            ""description"": ""ONLY the current status, one or two words, e.g. \""Planned\"", \""In progress\"", \""Done\"".""
          },
          ""origin"": {
            ""type"": ""string"",
            ""maxLength"": 60,
            ""description"": ""ONLY where it came from: \""recorded\"" for an action already in the case, or \""precedents#N\"" for a proposal.""
          },
          ""protection"": {
            ""type"": ""string"",
            ""maxLength"": 200,
            ""description"": ""One line.""
          }
        }
      }
    },
    {
      ""key"": ""sources"",
      ""label"": ""Evidence and traceability"",
      ""widget"": ""evidence-list"",
      ""dataType"": ""array"",
      ""colSpan"": 12,
      ""constraints"": {},
      ""items"": {
        ""type"": ""string""
      }
    }
  ],
  ""groups"": [
    {
      ""id"": ""d5-ai-result"",
      ""label"": ""AI-generated corrective plan"",
      ""fieldKeys"": [
        ""corrective.actions""
      ],
      ""width"": ""100"",
      ""columns"": 12,
      ""order"": 10
    }
  ]
}";;;"1";"Approved";"AI Lead / Quality Manager";"2026-09-22 14:25:18";;;"Completed"
"247eeee7-c224-42c0-83d6-61809332ff84";"2026-09-21T16:08:26.260Z";"anonymous";"2026-09-21T16:08:26.260Z";"anonymous";"303049cb-4d40-4abc-bbd7-3ff67ac8a7e1";"D6";"6";"D6 — Verification of Effectiveness";"Verification plan executed.";"Verification plan executed.";;;;;"{""verification"":{""status"":""Verified"",""notes"":""Corrective actions verified on line.""}}";"{
  ""fields"": [
    {
      ""key"": ""verification.objective"",
      ""label"": ""Verification objective"",
      ""widget"": ""callout"",
      ""dataType"": ""string"",
      ""colSpan"": 12,
      ""constraints"": {
        ""required"": true,
        ""maxLength"": 260
      }
    },
    {
      ""key"": ""verification.plan"",
      ""label"": ""Verification plan"",
      ""widget"": ""table"",
      ""dataType"": ""array"",
      ""colSpan"": 12,
      ""constraints"": {
        ""required"": true,
        ""minItems"": 1
      },
      ""items"": {
        ""type"": ""object"",
        ""properties"": {
          ""measure"": {
            ""type"": ""string"",
            ""maxLength"": 200,
            ""description"": ""One line.""
          },
          ""sampleSize"": {
            ""type"": ""string"",
            ""maxLength"": 80,
            ""description"": ""ONLY the sample size, e.g. \""30 parts per shift\"".""
          },
          ""period"": {
            ""type"": ""string"",
            ""maxLength"": 60,
            ""description"": ""ONLY the period over which it runs, e.g. \""4 weeks\"".""
          },
          ""acceptanceCriterion"": {
            ""type"": ""string"",
            ""maxLength"": 220,
            ""description"": ""The pass/fail threshold with its number, anchored to a real specification value.""
          },
          ""signOff"": {
            ""type"": ""string"",
            ""maxLength"": 120,
            ""description"": ""ONLY the role that signs it off.""
          }
        }
      }
    },
    {
      ""key"": ""verification.evidenceStatus"",
      ""label"": ""Evidence status"",
      ""widget"": ""status"",
      ""dataType"": ""string"",
      ""colSpan"": 4,
      ""constraints"": {
        ""required"": true,
        ""enum"": [
          ""No evidence yet"",
          ""Partially verified"",
          ""Verified""
        ]
      }
    },
    {
      ""key"": ""sources"",
      ""label"": ""Evidence and traceability"",
      ""widget"": ""evidence-list"",
      ""dataType"": ""array"",
      ""colSpan"": 12,
      ""constraints"": {},
      ""items"": {
        ""type"": ""string""
      }
    }
  ],
  ""groups"": [
    {
      ""id"": ""d6-ai-result"",
      ""label"": ""AI-generated verification plan"",
      ""fieldKeys"": [
        ""verification.objective"",
        ""verification.plan""
      ],
      ""width"": ""100"",
      ""columns"": 12,
      ""order"": 10
    }
  ]
}";;;"1";"Approved";"AI Lead / Quality Manager";"2026-09-22 14:25:18";;;"Completed"
"53ffb81c-a791-4379-bcaa-60c20fbef3b7";"2026-09-21T16:08:26.260Z";"anonymous";"2026-09-21T16:08:26.260Z";"anonymous";"303049cb-4d40-4abc-bbd7-3ff67ac8a7e1";"D7";"7";"D7 — Preventive Actions";"Preventive measures implemented.";"Preventive measures implemented.";;;;;"{""preventive"":{""actions"":[{""lineNo"":3,""actionType"":""Preventive"",""actionText"":""Mandate sample Shore A Durometer hardness check on every incoming elastomer lot in SAP QM inspection plan"",""status"":""Verified in production""}]}}";"{
  ""fields"": [
    {
      ""key"": ""preventive.actions"",
      ""label"": ""Preventive actions"",
      ""widget"": ""action-cards"",
      ""dataType"": ""array"",
      ""colSpan"": 12,
      ""constraints"": {
        ""required"": true,
        ""minItems"": 1
      },
      ""items"": {
        ""type"": ""object"",
        ""properties"": {
          ""action"": {
            ""type"": ""string"",
            ""maxLength"": 240,
            ""description"": ""The action and its trigger, starting with the imperative verb that names the PRIMARY work. No owner, no status, no rationale - those are separate fields.""
          },
          ""owner"": {
            ""type"": ""string"",
            ""maxLength"": 120,
            ""description"": ""The team member from D1 (team.roster or team.leader/members) assigned to this preventive action, selected by matching their role/responsibility to the systemic/FMEA fix. E.g. \""Minh Dinh\"" or \""DungTruonghyhy\"".""
          },
          ""status"": {
            ""type"": ""string"",
            ""maxLength"": 40,
            ""description"": ""ONLY the current status, one or two words, e.g. \""Planned\"", \""In progress\"", \""Done\"".""
          },
          ""origin"": {
            ""type"": ""string"",
            ""maxLength"": 60,
            ""description"": ""ONLY where it came from: \""recorded\"" for an action already in the case, or \""precedents#N\"" for a proposal.""
          },
          ""protection"": {
            ""type"": ""string"",
            ""maxLength"": 200,
            ""description"": ""One line.""
          }
        }
      }
    },
    {
      ""key"": ""preventive.fmea"",
      ""label"": ""FMEA entry to update"",
      ""widget"": ""fmea-link"",
      ""dataType"": ""object"",
      ""colSpan"": 12,
      ""constraints"": {},
      ""properties"": {
        ""fmeaId"": {
          ""type"": ""string""
        },
        ""description"": {
          ""type"": ""string""
        },
        ""change"": {
          ""type"": ""string""
        },
        ""currentRating"": {
          ""type"": ""string""
        },
        ""proposedRating"": {
          ""type"": ""string""
        }
      }
    },
    {
      ""key"": ""sources"",
      ""label"": ""Evidence and traceability"",
      ""widget"": ""evidence-list"",
      ""dataType"": ""array"",
      ""colSpan"": 12,
      ""constraints"": {},
      ""items"": {
        ""type"": ""string""
      }
    }
  ],
  ""groups"": [
    {
      ""id"": ""d7-ai-result"",
      ""label"": ""AI-generated preventive plan"",
      ""fieldKeys"": [
        ""preventive.actions"",
        ""preventive.fmea""
      ],
      ""width"": ""100"",
      ""columns"": 12,
      ""order"": 10
    }
  ]
}";;;"1";"Approved";"AI Lead / Quality Manager";"2026-09-22 14:25:18";;;"Completed"
"a0ad2da2-e5b3-4d4a-acdf-9664ec008d06";"2026-09-21T16:08:26.260Z";"anonymous";"2026-09-21T16:08:26.260Z";"anonymous";"303049cb-4d40-4abc-bbd7-3ff67ac8a7e1";"D8";"8";"D8 — Closure & Team Recognition";"8D report closed.";"8D report closed.";;;;;"{""closure"":{""gate"":{""status"":""Closed"",""readyForClosure"":true}}}";"{
  ""fields"": [
    {
      ""key"": ""closure.gate"",
      ""label"": ""Closure readiness"",
      ""widget"": ""closure-gate"",
      ""dataType"": ""object"",
      ""colSpan"": 12,
      ""constraints"": {},
      ""xSource"": ""manual_input"",
      ""description"": ""Computed from the review status of D1-D7. The AI never writes this."",
      ""properties"": {}
    },
    {
      ""key"": ""closure.costOfPoorQuality"",
      ""label"": ""Cost of poor quality"",
      ""widget"": ""text"",
      ""dataType"": ""string"",
      ""colSpan"": 4,
      ""constraints"": {},
      ""xSource"": ""sap_qm"",
      ""description"": ""Read from the case. The AI never writes this.""
    },
    {
      ""key"": ""closure.lessonsWhatWorked"",
      ""label"": ""What worked"",
      ""widget"": ""markdown"",
      ""dataType"": ""string"",
      ""colSpan"": 6,
      ""constraints"": {
        ""required"": true,
        ""minLength"": 20
      }
    },
    {
      ""key"": ""closure.lessonsWhatDidNot"",
      ""label"": ""What did not"",
      ""widget"": ""markdown"",
      ""dataType"": ""string"",
      ""colSpan"": 6,
      ""constraints"": {
        ""required"": true,
        ""minLength"": 20
      }
    },
    {
      ""key"": ""closure.teamRecognition"",
      ""label"": ""Team recognition"",
      ""widget"": ""markdown"",
      ""dataType"": ""string"",
      ""colSpan"": 12,
      ""constraints"": {}
    },
    {
      ""key"": ""closure.openItems"",
      ""label"": ""Still open at closure"",
      ""widget"": ""warning-list"",
      ""dataType"": ""array"",
      ""colSpan"": 12,
      ""constraints"": {},
      ""items"": {
        ""type"": ""string""
      }
    },
    {
      ""key"": ""sources"",
      ""label"": ""Evidence and traceability"",
      ""widget"": ""evidence-list"",
      ""dataType"": ""array"",
      ""colSpan"": 12,
      ""constraints"": {},
      ""items"": {
        ""type"": ""string""
      }
    }
  ],
  ""groups"": [
    {
      ""id"": ""d8-ai-result"",
      ""label"": ""AI-generated closure summary"",
      ""fieldKeys"": [
        ""closure.gate"",
        ""closure.costOfPoorQuality"",
        ""closure.lessonsWhatWorked"",
        ""closure.lessonsWhatDidNot"",
        ""closure.teamRecognition""
      ],
      ""width"": ""100"",
      ""columns"": 12,
      ""order"": 10
    }
  ]
}";;;"1";"Approved";"AI Lead / Quality Manager";"2026-09-22 14:25:18";;;"Completed"
"1fc9621a-b861-4e02-b744-3c464533c7be";"2026-09-21T16:08:26.264Z";"anonymous";"2026-09-21T16:08:26.264Z";"anonymous";"37b585d1-54dd-419a-8aa1-656a4445b423";"D1";"1";"D1 — Team Roster";"Formed cross-functional 8D team.";"Formed cross-functional 8D team.";;;;;"{""team"":{""roster"":[{""name"":""Klaus Richter"",""organizationalRole"":""Grinding Process Specialist"",""assigned8DRole"":""8D Team Member"",""caseResponsibility"":""Grinding Process Specialist""},{""name"":""Quyen La"",""organizationalRole"":""Quality Technician"",""assigned8DRole"":""8D Team Member"",""caseResponsibility"":""Quality Technician""}],""assignedRoster"":[{""partnerId"":""100001"",""partnerRole"":""8D Team Leader""},{""partnerId"":""100088"",""partnerRole"":""8D Team Member""},{""partnerId"":""100011"",""partnerRole"":""8D Team Member""}]}}";"{
  ""fields"": [
    {
      ""key"": ""team.objective"",
      ""label"": ""Team objective"",
      ""widget"": ""callout"",
      ""dataType"": ""string"",
      ""colSpan"": 12,
      ""constraints"": {
        ""required"": true,
        ""minLength"": 20,
        ""maxLength"": 260
      }
    },
    {
      ""key"": ""team.selectionMethod"",
      ""label"": ""Selection method"",
      ""widget"": ""status"",
      ""dataType"": ""string"",
      ""colSpan"": 4,
      ""constraints"": {
        ""required"": true,
        ""enum"": [
          ""Current case team"",
          ""Precedent recommendation"",
          ""Hybrid"",
          ""Roles only - assignment required""
        ]
      }
    },
    {
      ""key"": ""team.problemCapabilities"",
      ""label"": ""Capabilities required by this problem"",
      ""widget"": ""tag-selector"",
      ""dataType"": ""array"",
      ""colSpan"": 8,
      ""constraints"": {
        ""required"": true,
        ""minItems"": 1
      },
      ""items"": {
        ""type"": ""string""
      }
    },
    {
      ""key"": ""team.selectionRationale"",
      ""label"": ""How the team was selected"",
      ""widget"": ""markdown"",
      ""dataType"": ""string"",
      ""colSpan"": 12,
      ""constraints"": {
        ""required"": true,
        ""minLength"": 60,
        ""maxLength"": 1600
      }
    },
    {
      ""key"": ""team.roster"",
      ""label"": ""AI suggest"",
      ""widget"": ""ai-suggest"",
      ""dataType"": ""array"",
      ""colSpan"": 12,
      ""constraints"": {
        ""required"": true,
        ""minItems"": 1
      },
      ""items"": {
        ""type"": ""object"",
        ""properties"": {
          ""name"": {
            ""type"": ""string"",
            ""maxLength"": 120,
            ""description"": ""ONLY the person name, or \""Unassigned\"". No role, no reasoning.""
          },
          ""organizationalRole"": {
            ""type"": ""string"",
            ""maxLength"": 120,
            ""description"": ""ONLY their job title in the organisation, e.g. \""Quality Engineer\"".""
          },
          ""assigned8DRole"": {
            ""type"": ""string"",
            ""maxLength"": 60,
            ""description"": ""ONLY their role in THIS 8D, e.g. \""Team Leader\"" or \""Team Member\"".""
          },
          ""caseResponsibility"": {
            ""type"": ""string"",
            ""maxLength"": 200,
            ""description"": ""What this person is accountable for here. Never a job title.""
          },
          ""selectionReason"": {
            ""type"": ""string"",
            ""maxLength"": 220,
            ""description"": ""Why this person, in one line. Do not repeat the name or the role.""
          },
          ""servedOnCount"": {
            ""type"": ""integer"",
            ""description"": ""How many qualifying precedent cases this person served on. Rank the roster by this value, descending.""
          },
          ""sourceType"": {
            ""type"": ""string"",
            ""enum"": [
              ""current_case"",
              ""precedent"",
              ""unassigned""
            ]
          },
          ""sourcePath"": {
            ""type"": ""string"",
            ""maxLength"": 80,
            ""description"": ""ONLY the resolvable path: team.leader, team.members#N, precedents#N.team#M, or team.gaps.""
          },
          ""sourceCase"": {
            ""type"": ""string"",
            ""maxLength"": 60,
            ""description"": ""ONLY the precedent notification id, when the person came from a precedent.""
          }
        },
        ""required"": [
          ""name"",
          ""organizationalRole"",
          ""assigned8DRole"",
          ""caseResponsibility"",
          ""selectionReason"",
          ""sourceType"",
          ""sourcePath""
        ]
      }
    },
    {
      ""key"": ""team.assignedRoster"",
      ""label"": ""Decision table"",
      ""widget"": ""decision-table"",
      ""dataType"": ""array"",
      ""colSpan"": 12,
      ""constraints"": {},
      ""xSource"": ""manual_input"",
      ""description"": ""Filled in by the quality engineer on the report screen. The AI never writes this."",
      ""items"": {
        ""type"": ""object"",
        ""properties"": {
          ""partnerId"": {
            ""type"": ""string""
          },
          ""partnerName"": {
            ""type"": ""string""
          },
          ""functionTitle"": {
            ""type"": ""string""
          },
          ""partnerRole"": {
            ""type"": ""string"",
            ""enum"": [
              ""8D Team Leader"",
              ""8D Team Member""
            ]
          }
        }
      }
    },
    {
      ""key"": ""team.readinessStatus"",
      ""label"": ""Team readiness"",
      ""widget"": ""status"",
      ""dataType"": ""string"",
      ""colSpan"": 3,
      ""constraints"": {
        ""required"": true,
        ""enum"": [
          ""Ready"",
          ""Partial"",
          ""Needs assignment""
        ]
      }
    },
    {
      ""key"": ""team.readinessRationale"",
      ""label"": ""Readiness assessment"",
      ""widget"": ""markdown"",
      ""dataType"": ""string"",
      ""colSpan"": 9,
      ""constraints"": {
        ""required"": true,
        ""minLength"": 30,
        ""maxLength"": 500
      }
    },
    {
      ""key"": ""team.uncoveredCapabilities"",
      ""label"": ""Uncovered capabilities"",
      ""widget"": ""warning-list"",
      ""dataType"": ""array"",
      ""colSpan"": 6,
      ""constraints"": {},
      ""items"": {
        ""type"": ""string""
      }
    },
    {
      ""key"": ""team.sourceSummary"",
      ""label"": ""Where the team recommendation came from"",
      ""widget"": ""markdown"",
      ""dataType"": ""string"",
      ""colSpan"": 6,
      ""constraints"": {
        ""required"": true,
        ""minLength"": 30,
        ""maxLength"": 500
      }
    },
    {
      ""key"": ""team.suggestionStatus"",
      ""label"": ""Suggestion status"",
      ""widget"": ""callout"",
      ""dataType"": ""string"",
      ""colSpan"": 12,
      ""constraints"": {}
    },
    {
      ""key"": ""sources"",
      ""label"": ""Source records"",
      ""widget"": ""evidence-list"",
      ""dataType"": ""array"",
      ""colSpan"": 12,
      ""constraints"": {
        ""pattern"": ""^(team\\.|precedents#)""
      },
      ""items"": {
        ""type"": ""string""
      }
    }
  ],
  ""groups"": [
    {
      ""id"": ""d1-decision-table"",
      ""label"": ""Decision Table"",
      ""fieldKeys"": [
        ""team.assignedRoster"",
        ""team.suggestionStatus""
      ],
      ""width"": ""100"",
      ""columns"": 12,
      ""order"": 10
    }
  ]
}";;;"1";"Approved";"AI Lead / Quality Manager";"2026-09-22 14:25:18";;;"Completed"
"7272f028-9321-4f19-ab70-3a11ca86f03d";"2026-09-21T16:08:26.264Z";"anonymous";"2026-09-21T16:08:26.264Z";"anonymous";"37b585d1-54dd-419a-8aa1-656a4445b423";"D2";"2";"D2 — Problem Description";"Nital etch inspection revealed thermal grinding burn on rail running raceway";"Nital etch inspection revealed thermal grinding burn on rail running raceway";;;;;"{""problem"":{""statement"":""Nital etch inspection revealed thermal grinding burn on rail running raceway"",""isIsNot"":{""is"":""Guide Rail GR-200 ground on WC-GRIND-01 after part count #22 in grinding batch"",""isNot"":""Parts #1 to #20 in the batch immediately following fresh diamond dressing"",""notes"":""Thermal burn strictly initiated after part 20 when abrasive wheel grains became glazed""},""w2h"":{}}}";"{
  ""fields"": [
    {
      ""key"": ""problem.complaintReference"",
      ""label"": ""Complaint reference"",
      ""widget"": ""complaint-reference"",
      ""dataType"": ""string"",
      ""colSpan"": 12,
      ""constraints"": {},
      ""xSource"": ""sap_qm"",
      ""description"": ""Read from the SAP QM customer reference on the case. The AI never writes this.""
    },
    {
      ""key"": ""problem.statement"",
      ""label"": ""Problem statement"",
      ""widget"": ""problem-statement"",
      ""dataType"": ""string"",
      ""colSpan"": 12,
      ""constraints"": {
        ""required"": true,
        ""minLength"": 30,
        ""maxLength"": 600
      }
    },
    {
      ""key"": ""problem.statementOverride"",
      ""label"": ""Problem statement (edited)"",
      ""widget"": ""text"",
      ""dataType"": ""string"",
      ""colSpan"": 12,
      ""constraints"": {},
      ""xSource"": ""manual_input"",
      ""description"": ""Edited by the quality engineer on the report screen. The AI never writes this.""
    },
    {
      ""key"": ""problem.what"",
      ""label"": ""What"",
      ""widget"": ""w2h-cell"",
      ""dataType"": ""string"",
      ""colSpan"": 4,
      ""constraints"": {
        ""required"": true
      }
    },
    {
      ""key"": ""problem.where"",
      ""label"": ""Where"",
      ""widget"": ""w2h-cell"",
      ""dataType"": ""string"",
      ""colSpan"": 4,
      ""constraints"": {
        ""required"": true
      }
    },
    {
      ""key"": ""problem.when"",
      ""label"": ""When"",
      ""widget"": ""w2h-cell"",
      ""dataType"": ""string"",
      ""colSpan"": 4,
      ""constraints"": {}
    },
    {
      ""key"": ""problem.who"",
      ""label"": ""Who"",
      ""widget"": ""w2h-cell"",
      ""dataType"": ""string"",
      ""colSpan"": 4,
      ""constraints"": {}
    },
    {
      ""key"": ""problem.how"",
      ""label"": ""How"",
      ""widget"": ""w2h-cell"",
      ""dataType"": ""string"",
      ""colSpan"": 4,
      ""constraints"": {}
    },
    {
      ""key"": ""problem.extent"",
      ""label"": ""How Many"",
      ""widget"": ""w2h-cell"",
      ""dataType"": ""string"",
      ""colSpan"": 4,
      ""constraints"": {
        ""required"": true
      }
    },
    {
      ""key"": ""problem.impact"",
      ""label"": ""Business / customer impact"",
      ""widget"": ""text"",
      ""dataType"": ""string"",
      ""colSpan"": 12,
      ""constraints"": {}
    },
    {
      ""key"": ""problem.is"",
      ""label"": ""Is"",
      ""widget"": ""is-box"",
      ""dataType"": ""array"",
      ""colSpan"": 6,
      ""constraints"": {},
      ""items"": {
        ""type"": ""string""
      }
    },
    {
      ""key"": ""problem.isNot"",
      ""label"": ""Is not"",
      ""widget"": ""isnot-box"",
      ""dataType"": ""array"",
      ""colSpan"": 6,
      ""constraints"": {},
      ""items"": {
        ""type"": ""string""
      }
    },
    {
      ""key"": ""problem.isIsNotStatus"",
      ""label"": ""Is / Is-Not status"",
      ""widget"": ""callout"",
      ""dataType"": ""string"",
      ""colSpan"": 12,
      ""constraints"": {}
    },
    {
      ""key"": ""problem.isIsNotBasis"",
      ""label"": ""Is / Is-Not basis"",
      ""widget"": ""markdown"",
      ""dataType"": ""string"",
      ""colSpan"": 12,
      ""constraints"": {}
    },
    {
      ""key"": ""problem.measuredEvidence"",
      ""label"": ""Measured evidence"",
      ""widget"": ""table"",
      ""dataType"": ""array"",
      ""colSpan"": 12,
      ""constraints"": {},
      ""items"": {
        ""type"": ""object"",
        ""properties"": {
          ""characteristic"": {
            ""type"": ""string"",
            ""maxLength"": 120,
            ""description"": ""ONLY the characteristic name, e.g. \""Burr height\"". No value, no verdict.""
          },
          ""measured"": {
            ""type"": ""string"",
            ""maxLength"": 60,
            ""description"": ""ONLY the measured value with its unit, e.g. \""0.32 mm\"".""
          },
          ""specification"": {
            ""type"": ""string"",
            ""maxLength"": 60,
            ""description"": ""ONLY the specification limit with its unit, e.g. \""max 0.10 mm\"".""
          },
          ""assessment"": {
            ""type"": ""string"",
            ""maxLength"": 120,
            ""description"": ""ONLY the verdict, e.g. \""Out of tolerance\"" or \""Within spec\"". No restatement of the numbers.""
          }
        }
      }
    },
    {
      ""key"": ""problem.gaps"",
      ""label"": ""Missing facts"",
      ""widget"": ""warning-list"",
      ""dataType"": ""array"",
      ""colSpan"": 12,
      ""constraints"": {},
      ""items"": {
        ""type"": ""string""
      }
    },
    {
      ""key"": ""sources"",
      ""label"": ""Evidence and traceability"",
      ""widget"": ""evidence-list"",
      ""dataType"": ""array"",
      ""colSpan"": 12,
      ""constraints"": {},
      ""items"": {
        ""type"": ""string""
      }
    }
  ],
  ""groups"": [
    {
      ""id"": ""d2-ai-result"",
      ""label"": ""AI-generated problem description"",
      ""fieldKeys"": [
        ""problem.complaintReference"",
        ""problem.statement"",
        ""problem.what"",
        ""problem.where"",
        ""problem.when"",
        ""problem.who"",
        ""problem.how"",
        ""problem.extent"",
        ""problem.is"",
        ""problem.isNot"",
        ""problem.isIsNotStatus"",
        ""problem.isIsNotBasis""
      ],
      ""width"": ""100"",
      ""columns"": 12,
      ""order"": 10
    }
  ]
}";;;"1";"Approved";"AI Lead / Quality Manager";"2026-09-22 14:25:18";;;"Completed"
"7be439f9-b37b-4d64-afc1-7b961fe49ab2";"2026-09-21T16:08:26.264Z";"anonymous";"2026-09-21T16:08:26.264Z";"anonymous";"37b585d1-54dd-419a-8aa1-656a4445b423";"D3";"3";"D3 — Containment Actions";"Containment actions established.";"Containment actions established.";;;;;"{""containment"":{""actions"":[{""lineNo"":1,""actionType"":""Containment"",""actionText"":""Perform 100% Barkhausen noise non-destructive inspection on all 26 quarantined guide rails"",""status"":""Done""}]}}";"{
  ""fields"": [
    {
      ""key"": ""containment.actions"",
      ""label"": ""Containment actions"",
      ""widget"": ""action-cards"",
      ""dataType"": ""array"",
      ""colSpan"": 12,
      ""constraints"": {
        ""required"": true,
        ""minItems"": 1
      },
      ""items"": {
        ""type"": ""object"",
        ""properties"": {
          ""action"": {
            ""type"": ""string"",
            ""description"": ""Short concise action description without boilerplate prefix. Start with the imperative verb naming the PRIMARY work, e.g. \""Quarantine 85 housings at the outgoing dock\"".""
          },
          ""owner"": {
            ""type"": ""string"",
            ""maxLength"": 120,
            ""description"": ""The team member from D1 (team.roster or team.leader/members) assigned to this containment action, selected by matching their role/responsibility to the work required. E.g. \""Karl Wagner\"" or \""DungTruonghyhy\"".""
          },
          ""status"": {
            ""type"": ""string"",
            ""enum"": [
              ""Planned"",
              ""In Process"",
              ""Done"",
              ""Verified""
            ]
          }
        }
      }
    },
    {
      ""key"": ""containment.gaps"",
      ""label"": ""Open containment gaps"",
      ""widget"": ""warning-list"",
      ""dataType"": ""array"",
      ""colSpan"": 12,
      ""constraints"": {},
      ""items"": {
        ""type"": ""string""
      }
    },
    {
      ""key"": ""sources"",
      ""label"": ""Evidence and traceability"",
      ""widget"": ""evidence-list"",
      ""dataType"": ""array"",
      ""colSpan"": 12,
      ""constraints"": {},
      ""items"": {
        ""type"": ""string""
      }
    }
  ],
  ""groups"": [
    {
      ""id"": ""d3-ai-result"",
      ""label"": ""Containment plan"",
      ""fieldKeys"": [
        ""containment.actions"",
        ""containment.gaps"",
        ""sources""
      ],
      ""width"": ""100"",
      ""columns"": 12,
      ""order"": 10
    }
  ]
}";;;"1";"Approved";"AI Lead / Quality Manager";"2026-09-22 14:25:18";;;"Completed"
"6bff4a7d-0c41-4af4-880b-8cfd449106a7";"2026-09-21T16:08:26.264Z";"anonymous";"2026-09-21T16:08:26.264Z";"anonymous";"37b585d1-54dd-419a-8aa1-656a4445b423";"D4";"4";"D4 — Root Cause Analysis";"Root cause identified as Method.";"Root cause identified as Method.";;;;;"{""rootCause"":{""category"":""Method"",""whyChain"":[],""ishikawa"":[{""category"":""Man"",""description"":""EMP-3882, Shift A - grinder operator extended dressing interval to reduce diamond dresser wear"",""metricValue"":null,""isRootCause"":false,""source"":""ASSUMED: MES/HR""},{""category"":""Machine"",""description"":""EQ-GRIND01-002 spindle runout <1.5um, table hydraulic traverse speed consistent"",""metricValue"":""runout <1.5um"",""isRootCause"":false,""source"":""SAP: EQUI/AFIH (PM)""},{""category"":""Method"",""description"":""CNC grinding program dressing macro interval was modified from 20 parts to 55 parts, causing corundum grinding wheel loading and excessive frictional thermal spike >750C during finishing pass"",""metricValue"":""55 parts vs 20 standard"",""isRootCause"":true,""source"":""SAP: DRAW/PLPO (DMS+Routing)""},{""category"":""Material"",""description"":""Case-hardened alloy steel 58-62 HRC core structure and carbide distribution compliant"",""metricValue"":""60 HRC"",""isRootCause"":false,""source"":""SAP: QALS/QAMR (incoming)""},{""category"":""Measurement"",""description"":""Barkhausen noise grinding burn analyzer GA-0419 calibrated on master burn calibration blocks"",""metricValue"":null,""isRootCause"":false,""source"":""SAP: Test Equipment Mgmt""},{""category"":""Environment"",""description"":""High-pressure coolant flushing nozzle flow 85 l/min aligned to grinding contact zone"",""metricValue"":""85 l/min"",""isRootCause"":false,""source"":""ASSUMED: MES/IoT""}]}}";"{
  ""fields"": [
    {
      ""key"": ""rootCause.statement"",
      ""label"": ""Root cause"",
      ""widget"": ""ai-draft"",
      ""dataType"": ""string"",
      ""colSpan"": 12,
      ""constraints"": {
        ""required"": true,
        ""minLength"": 10,
        ""maxLength"": 320
      }
    },
    {
      ""key"": ""rootCause.ishikawaBoard"",
      ""label"": ""Ishikawa"",
      ""widget"": ""ishikawa-grid"",
      ""dataType"": ""array"",
      ""colSpan"": 12,
      ""constraints"": {
        ""required"": true,
        ""minItems"": 6
      },
      ""description"": ""Always one row per 6M category with a concise 1-sentence verdict. Copy a recorded assessment verbatim with source=recorded; for a category with no recorded entry propose a brief verdict from evidence with source=proposed, or write \""not assessed\"". Never write audit plans or long essays in cells."",
      ""items"": {
        ""type"": ""object"",
        ""properties"": {
          ""category"": {
            ""type"": ""string"",
            ""enum"": [
              ""Man"",
              ""Machine"",
              ""Method"",
              ""Material"",
              ""Measurement"",
              ""Environment""
            ]
          },
          ""finding"": {
            ""type"": ""string"",
            ""maxLength"": 220,
            ""description"": ""The concise VERDICT for this branch, e.g. clamp pad worn 0.2 mm, or gauge R&R 8%, or not assessed. Never a list of evidence to gather - that goes in evidenceGaps once. Never the category name.""
          },
          ""isRootCause"": {
            ""type"": ""boolean"",
            ""description"": ""True for at most ONE branch in the whole board.""
          },
          ""source"": {
            ""type"": ""string"",
            ""enum"": [
              ""recorded"",
              ""proposed""
            ]
          }
        },
        ""required"": [
          ""category"",
          ""finding"",
          ""isRootCause"",
          ""source""
        ]
      }
    },
    {
      ""key"": ""rootCause.fiveWhy"",
      ""label"": ""5-Why chain"",
      ""widget"": ""why-chain"",
      ""dataType"": ""array"",
      ""colSpan"": 12,
      ""constraints"": {
        ""required"": true,
        ""minItems"": 1
      },
      ""items"": {
        ""type"": ""object"",
        ""properties"": {
          ""step"": {
            ""type"": ""integer"",
            ""description"": ""Position in the chain, starting at 1.""
          },
          ""why"": {
            ""type"": ""string"",
            ""maxLength"": 140,
            ""description"": ""The question only, ending in a question mark. Keep it short and crisp.""
          },
          ""answer"": {
            ""type"": ""string"",
            ""maxLength"": 200,
            ""description"": ""The answer only: 1 concise direct sentence naming the cause. Never repeat the question, never list audit procedures or evidence still to be gathered.""
          },
          ""evidence"": {
            ""type"": ""string"",
            ""maxLength"": 200,
            ""description"": ""The CaseContext path or measurement backing the answer. Concise citation only.""
          }
        },
        ""required"": [
          ""step"",
          ""why"",
          ""answer"",
          ""evidence""
        ]
      }
    },
    {
      ""key"": ""rootCause.evidenceGaps"",
      ""label"": ""Evidence gaps"",
      ""widget"": ""warning-list"",
      ""dataType"": ""array"",
      ""colSpan"": 12,
      ""constraints"": {},
      ""items"": {
        ""type"": ""string""
      }
    },
    {
      ""key"": ""sources"",
      ""label"": ""Evidence and traceability"",
      ""widget"": ""evidence-list"",
      ""dataType"": ""array"",
      ""colSpan"": 12,
      ""constraints"": {},
      ""items"": {
        ""type"": ""string""
      }
    }
  ],
  ""groups"": [
    {
      ""id"": ""d4-ai-result"",
      ""label"": ""Root cause analysis"",
      ""fieldKeys"": [
        ""rootCause.statement"",
        ""rootCause.ishikawaBoard"",
        ""rootCause.fiveWhy"",
        ""rootCause.evidenceGaps"",
        ""sources""
      ],
      ""width"": ""100"",
      ""columns"": 12,
      ""order"": 10
    }
  ]
}";;;"1";"Approved";"AI Lead / Quality Manager";"2026-09-22 14:25:18";;;"Completed"
"ce441d99-744c-4b28-b636-066c2548a100";"2026-09-21T16:08:26.264Z";"anonymous";"2026-09-21T16:08:26.264Z";"anonymous";"37b585d1-54dd-419a-8aa1-656a4445b423";"D5";"5";"D5 — Corrective Actions";"Permanent corrective actions defined.";"Permanent corrective actions defined.";;;;;"{""corrective"":{""actions"":[{""lineNo"":2,""actionType"":""Corrective"",""actionText"":""Restore automated diamond dressing frequency to every 18 parts in CNC macro and dress wheel"",""status"":""Verified""}]}}";"{
  ""fields"": [
    {
      ""key"": ""corrective.actions"",
      ""label"": ""Permanent corrective actions"",
      ""widget"": ""action-cards"",
      ""dataType"": ""array"",
      ""colSpan"": 12,
      ""constraints"": {
        ""required"": true,
        ""minItems"": 1
      },
      ""items"": {
        ""type"": ""object"",
        ""properties"": {
          ""action"": {
            ""type"": ""string"",
            ""maxLength"": 240,
            ""description"": ""The action and its trigger, starting with the imperative verb that names the PRIMARY work. No owner, no status, no rationale - those are separate fields.""
          },
          ""owner"": {
            ""type"": ""string"",
            ""maxLength"": 120,
            ""description"": ""The team member from D1 (team.roster or team.leader/members) assigned to this corrective action, selected by matching their role/responsibility to the root cause fix. E.g. \""Karl Wagner\"" or \""Minh Dinh\"".""
          },
          ""status"": {
            ""type"": ""string"",
            ""maxLength"": 40,
            ""description"": ""ONLY the current status, one or two words, e.g. \""Planned\"", \""In progress\"", \""Done\"".""
          },
          ""origin"": {
            ""type"": ""string"",
            ""maxLength"": 60,
            ""description"": ""ONLY where it came from: \""recorded\"" for an action already in the case, or \""precedents#N\"" for a proposal.""
          },
          ""protection"": {
            ""type"": ""string"",
            ""maxLength"": 200,
            ""description"": ""One line.""
          }
        }
      }
    },
    {
      ""key"": ""sources"",
      ""label"": ""Evidence and traceability"",
      ""widget"": ""evidence-list"",
      ""dataType"": ""array"",
      ""colSpan"": 12,
      ""constraints"": {},
      ""items"": {
        ""type"": ""string""
      }
    }
  ],
  ""groups"": [
    {
      ""id"": ""d5-ai-result"",
      ""label"": ""AI-generated corrective plan"",
      ""fieldKeys"": [
        ""corrective.actions""
      ],
      ""width"": ""100"",
      ""columns"": 12,
      ""order"": 10
    }
  ]
}";;;"1";"Approved";"AI Lead / Quality Manager";"2026-09-22 14:25:18";;;"Completed"
"ec66adc9-efb6-493c-a008-38aca14cfac4";"2026-09-21T16:08:26.264Z";"anonymous";"2026-09-21T16:08:26.264Z";"anonymous";"37b585d1-54dd-419a-8aa1-656a4445b423";"D6";"6";"D6 — Verification of Effectiveness";"Verification plan executed.";"Verification plan executed.";;;;;"{""verification"":{""status"":""Verified"",""notes"":""Corrective actions verified on line.""}}";"{
  ""fields"": [
    {
      ""key"": ""verification.objective"",
      ""label"": ""Verification objective"",
      ""widget"": ""callout"",
      ""dataType"": ""string"",
      ""colSpan"": 12,
      ""constraints"": {
        ""required"": true,
        ""maxLength"": 260
      }
    },
    {
      ""key"": ""verification.plan"",
      ""label"": ""Verification plan"",
      ""widget"": ""table"",
      ""dataType"": ""array"",
      ""colSpan"": 12,
      ""constraints"": {
        ""required"": true,
        ""minItems"": 1
      },
      ""items"": {
        ""type"": ""object"",
        ""properties"": {
          ""measure"": {
            ""type"": ""string"",
            ""maxLength"": 200,
            ""description"": ""One line.""
          },
          ""sampleSize"": {
            ""type"": ""string"",
            ""maxLength"": 80,
            ""description"": ""ONLY the sample size, e.g. \""30 parts per shift\"".""
          },
          ""period"": {
            ""type"": ""string"",
            ""maxLength"": 60,
            ""description"": ""ONLY the period over which it runs, e.g. \""4 weeks\"".""
          },
          ""acceptanceCriterion"": {
            ""type"": ""string"",
            ""maxLength"": 220,
            ""description"": ""The pass/fail threshold with its number, anchored to a real specification value.""
          },
          ""signOff"": {
            ""type"": ""string"",
            ""maxLength"": 120,
            ""description"": ""ONLY the role that signs it off.""
          }
        }
      }
    },
    {
      ""key"": ""verification.evidenceStatus"",
      ""label"": ""Evidence status"",
      ""widget"": ""status"",
      ""dataType"": ""string"",
      ""colSpan"": 4,
      ""constraints"": {
        ""required"": true,
        ""enum"": [
          ""No evidence yet"",
          ""Partially verified"",
          ""Verified""
        ]
      }
    },
    {
      ""key"": ""sources"",
      ""label"": ""Evidence and traceability"",
      ""widget"": ""evidence-list"",
      ""dataType"": ""array"",
      ""colSpan"": 12,
      ""constraints"": {},
      ""items"": {
        ""type"": ""string""
      }
    }
  ],
  ""groups"": [
    {
      ""id"": ""d6-ai-result"",
      ""label"": ""AI-generated verification plan"",
      ""fieldKeys"": [
        ""verification.objective"",
        ""verification.plan""
      ],
      ""width"": ""100"",
      ""columns"": 12,
      ""order"": 10
    }
  ]
}";;;"1";"Approved";"AI Lead / Quality Manager";"2026-09-22 14:25:18";;;"Completed"
"b93c2a69-4c34-4bb1-b2cb-4ee20a6bc5dd";"2026-09-21T16:08:26.264Z";"anonymous";"2026-09-21T16:08:26.264Z";"anonymous";"37b585d1-54dd-419a-8aa1-656a4445b423";"D7";"7";"D7 — Preventive Actions";"Preventive measures implemented.";"Preventive measures implemented.";;;;;"{""preventive"":{""actions"":[{""lineNo"":3,""actionType"":""Preventive"",""actionText"":""Lock dressing macro parameters in CNC controller under supervisor authorization key"",""status"":""Verified in production""}]}}";"{
  ""fields"": [
    {
      ""key"": ""preventive.actions"",
      ""label"": ""Preventive actions"",
      ""widget"": ""action-cards"",
      ""dataType"": ""array"",
      ""colSpan"": 12,
      ""constraints"": {
        ""required"": true,
        ""minItems"": 1
      },
      ""items"": {
        ""type"": ""object"",
        ""properties"": {
          ""action"": {
            ""type"": ""string"",
            ""maxLength"": 240,
            ""description"": ""The action and its trigger, starting with the imperative verb that names the PRIMARY work. No owner, no status, no rationale - those are separate fields.""
          },
          ""owner"": {
            ""type"": ""string"",
            ""maxLength"": 120,
            ""description"": ""The team member from D1 (team.roster or team.leader/members) assigned to this preventive action, selected by matching their role/responsibility to the systemic/FMEA fix. E.g. \""Minh Dinh\"" or \""DungTruonghyhy\"".""
          },
          ""status"": {
            ""type"": ""string"",
            ""maxLength"": 40,
            ""description"": ""ONLY the current status, one or two words, e.g. \""Planned\"", \""In progress\"", \""Done\"".""
          },
          ""origin"": {
            ""type"": ""string"",
            ""maxLength"": 60,
            ""description"": ""ONLY where it came from: \""recorded\"" for an action already in the case, or \""precedents#N\"" for a proposal.""
          },
          ""protection"": {
            ""type"": ""string"",
            ""maxLength"": 200,
            ""description"": ""One line.""
          }
        }
      }
    },
    {
      ""key"": ""preventive.fmea"",
      ""label"": ""FMEA entry to update"",
      ""widget"": ""fmea-link"",
      ""dataType"": ""object"",
      ""colSpan"": 12,
      ""constraints"": {},
      ""properties"": {
        ""fmeaId"": {
          ""type"": ""string""
        },
        ""description"": {
          ""type"": ""string""
        },
        ""change"": {
          ""type"": ""string""
        },
        ""currentRating"": {
          ""type"": ""string""
        },
        ""proposedRating"": {
          ""type"": ""string""
        }
      }
    },
    {
      ""key"": ""sources"",
      ""label"": ""Evidence and traceability"",
      ""widget"": ""evidence-list"",
      ""dataType"": ""array"",
      ""colSpan"": 12,
      ""constraints"": {},
      ""items"": {
        ""type"": ""string""
      }
    }
  ],
  ""groups"": [
    {
      ""id"": ""d7-ai-result"",
      ""label"": ""AI-generated preventive plan"",
      ""fieldKeys"": [
        ""preventive.actions"",
        ""preventive.fmea""
      ],
      ""width"": ""100"",
      ""columns"": 12,
      ""order"": 10
    }
  ]
}";;;"1";"Approved";"AI Lead / Quality Manager";"2026-09-22 14:25:18";;;"Completed"
"01ff1313-da64-4174-bd06-f27d1e10ab13";"2026-09-21T16:08:26.264Z";"anonymous";"2026-09-21T16:08:26.264Z";"anonymous";"37b585d1-54dd-419a-8aa1-656a4445b423";"D8";"8";"D8 — Closure & Team Recognition";"8D report closed.";"8D report closed.";;;;;"{""closure"":{""gate"":{""status"":""Closed"",""readyForClosure"":true}}}";"{
  ""fields"": [
    {
      ""key"": ""closure.gate"",
      ""label"": ""Closure readiness"",
      ""widget"": ""closure-gate"",
      ""dataType"": ""object"",
      ""colSpan"": 12,
      ""constraints"": {},
      ""xSource"": ""manual_input"",
      ""description"": ""Computed from the review status of D1-D7. The AI never writes this."",
      ""properties"": {}
    },
    {
      ""key"": ""closure.costOfPoorQuality"",
      ""label"": ""Cost of poor quality"",
      ""widget"": ""text"",
      ""dataType"": ""string"",
      ""colSpan"": 4,
      ""constraints"": {},
      ""xSource"": ""sap_qm"",
      ""description"": ""Read from the case. The AI never writes this.""
    },
    {
      ""key"": ""closure.lessonsWhatWorked"",
      ""label"": ""What worked"",
      ""widget"": ""markdown"",
      ""dataType"": ""string"",
      ""colSpan"": 6,
      ""constraints"": {
        ""required"": true,
        ""minLength"": 20
      }
    },
    {
      ""key"": ""closure.lessonsWhatDidNot"",
      ""label"": ""What did not"",
      ""widget"": ""markdown"",
      ""dataType"": ""string"",
      ""colSpan"": 6,
      ""constraints"": {
        ""required"": true,
        ""minLength"": 20
      }
    },
    {
      ""key"": ""closure.teamRecognition"",
      ""label"": ""Team recognition"",
      ""widget"": ""markdown"",
      ""dataType"": ""string"",
      ""colSpan"": 12,
      ""constraints"": {}
    },
    {
      ""key"": ""closure.openItems"",
      ""label"": ""Still open at closure"",
      ""widget"": ""warning-list"",
      ""dataType"": ""array"",
      ""colSpan"": 12,
      ""constraints"": {},
      ""items"": {
        ""type"": ""string""
      }
    },
    {
      ""key"": ""sources"",
      ""label"": ""Evidence and traceability"",
      ""widget"": ""evidence-list"",
      ""dataType"": ""array"",
      ""colSpan"": 12,
      ""constraints"": {},
      ""items"": {
        ""type"": ""string""
      }
    }
  ],
  ""groups"": [
    {
      ""id"": ""d8-ai-result"",
      ""label"": ""AI-generated closure summary"",
      ""fieldKeys"": [
        ""closure.gate"",
        ""closure.costOfPoorQuality"",
        ""closure.lessonsWhatWorked"",
        ""closure.lessonsWhatDidNot"",
        ""closure.teamRecognition""
      ],
      ""width"": ""100"",
      ""columns"": 12,
      ""order"": 10
    }
  ]
}";;;"1";"Approved";"AI Lead / Quality Manager";"2026-09-22 14:25:18";;;"Completed"
"79bfb421-d30a-43b4-b978-4326702e2336";"2026-09-21T16:08:26.268Z";"anonymous";"2026-09-21T16:08:26.268Z";"anonymous";"56ba359c-83b1-47d6-8db7-02a0996884c2";"D1";"1";"D1 — Team Roster";"Formed cross-functional 8D team.";"Formed cross-functional 8D team.";;;;;"{""team"":{""roster"":[{""name"":""Lena Hoffmann"",""organizationalRole"":""Metrology Specialist"",""assigned8DRole"":""8D Team Member"",""caseResponsibility"":""Metrology Specialist""},{""name"":""Quyen La"",""organizationalRole"":""Quality Technician"",""assigned8DRole"":""8D Team Member"",""caseResponsibility"":""Quality Technician""}],""assignedRoster"":[{""partnerId"":""100001"",""partnerRole"":""8D Team Leader""},{""partnerId"":""100147"",""partnerRole"":""8D Team Member""},{""partnerId"":""100011"",""partnerRole"":""8D Team Member""}]}}";"{
  ""fields"": [
    {
      ""key"": ""team.objective"",
      ""label"": ""Team objective"",
      ""widget"": ""callout"",
      ""dataType"": ""string"",
      ""colSpan"": 12,
      ""constraints"": {
        ""required"": true,
        ""minLength"": 20,
        ""maxLength"": 260
      }
    },
    {
      ""key"": ""team.selectionMethod"",
      ""label"": ""Selection method"",
      ""widget"": ""status"",
      ""dataType"": ""string"",
      ""colSpan"": 4,
      ""constraints"": {
        ""required"": true,
        ""enum"": [
          ""Current case team"",
          ""Precedent recommendation"",
          ""Hybrid"",
          ""Roles only - assignment required""
        ]
      }
    },
    {
      ""key"": ""team.problemCapabilities"",
      ""label"": ""Capabilities required by this problem"",
      ""widget"": ""tag-selector"",
      ""dataType"": ""array"",
      ""colSpan"": 8,
      ""constraints"": {
        ""required"": true,
        ""minItems"": 1
      },
      ""items"": {
        ""type"": ""string""
      }
    },
    {
      ""key"": ""team.selectionRationale"",
      ""label"": ""How the team was selected"",
      ""widget"": ""markdown"",
      ""dataType"": ""string"",
      ""colSpan"": 12,
      ""constraints"": {
        ""required"": true,
        ""minLength"": 60,
        ""maxLength"": 1600
      }
    },
    {
      ""key"": ""team.roster"",
      ""label"": ""AI suggest"",
      ""widget"": ""ai-suggest"",
      ""dataType"": ""array"",
      ""colSpan"": 12,
      ""constraints"": {
        ""required"": true,
        ""minItems"": 1
      },
      ""items"": {
        ""type"": ""object"",
        ""properties"": {
          ""name"": {
            ""type"": ""string"",
            ""maxLength"": 120,
            ""description"": ""ONLY the person name, or \""Unassigned\"". No role, no reasoning.""
          },
          ""organizationalRole"": {
            ""type"": ""string"",
            ""maxLength"": 120,
            ""description"": ""ONLY their job title in the organisation, e.g. \""Quality Engineer\"".""
          },
          ""assigned8DRole"": {
            ""type"": ""string"",
            ""maxLength"": 60,
            ""description"": ""ONLY their role in THIS 8D, e.g. \""Team Leader\"" or \""Team Member\"".""
          },
          ""caseResponsibility"": {
            ""type"": ""string"",
            ""maxLength"": 200,
            ""description"": ""What this person is accountable for here. Never a job title.""
          },
          ""selectionReason"": {
            ""type"": ""string"",
            ""maxLength"": 220,
            ""description"": ""Why this person, in one line. Do not repeat the name or the role.""
          },
          ""servedOnCount"": {
            ""type"": ""integer"",
            ""description"": ""How many qualifying precedent cases this person served on. Rank the roster by this value, descending.""
          },
          ""sourceType"": {
            ""type"": ""string"",
            ""enum"": [
              ""current_case"",
              ""precedent"",
              ""unassigned""
            ]
          },
          ""sourcePath"": {
            ""type"": ""string"",
            ""maxLength"": 80,
            ""description"": ""ONLY the resolvable path: team.leader, team.members#N, precedents#N.team#M, or team.gaps.""
          },
          ""sourceCase"": {
            ""type"": ""string"",
            ""maxLength"": 60,
            ""description"": ""ONLY the precedent notification id, when the person came from a precedent.""
          }
        },
        ""required"": [
          ""name"",
          ""organizationalRole"",
          ""assigned8DRole"",
          ""caseResponsibility"",
          ""selectionReason"",
          ""sourceType"",
          ""sourcePath""
        ]
      }
    },
    {
      ""key"": ""team.assignedRoster"",
      ""label"": ""Decision table"",
      ""widget"": ""decision-table"",
      ""dataType"": ""array"",
      ""colSpan"": 12,
      ""constraints"": {},
      ""xSource"": ""manual_input"",
      ""description"": ""Filled in by the quality engineer on the report screen. The AI never writes this."",
      ""items"": {
        ""type"": ""object"",
        ""properties"": {
          ""partnerId"": {
            ""type"": ""string""
          },
          ""partnerName"": {
            ""type"": ""string""
          },
          ""functionTitle"": {
            ""type"": ""string""
          },
          ""partnerRole"": {
            ""type"": ""string"",
            ""enum"": [
              ""8D Team Leader"",
              ""8D Team Member""
            ]
          }
        }
      }
    },
    {
      ""key"": ""team.readinessStatus"",
      ""label"": ""Team readiness"",
      ""widget"": ""status"",
      ""dataType"": ""string"",
      ""colSpan"": 3,
      ""constraints"": {
        ""required"": true,
        ""enum"": [
          ""Ready"",
          ""Partial"",
          ""Needs assignment""
        ]
      }
    },
    {
      ""key"": ""team.readinessRationale"",
      ""label"": ""Readiness assessment"",
      ""widget"": ""markdown"",
      ""dataType"": ""string"",
      ""colSpan"": 9,
      ""constraints"": {
        ""required"": true,
        ""minLength"": 30,
        ""maxLength"": 500
      }
    },
    {
      ""key"": ""team.uncoveredCapabilities"",
      ""label"": ""Uncovered capabilities"",
      ""widget"": ""warning-list"",
      ""dataType"": ""array"",
      ""colSpan"": 6,
      ""constraints"": {},
      ""items"": {
        ""type"": ""string""
      }
    },
    {
      ""key"": ""team.sourceSummary"",
      ""label"": ""Where the team recommendation came from"",
      ""widget"": ""markdown"",
      ""dataType"": ""string"",
      ""colSpan"": 6,
      ""constraints"": {
        ""required"": true,
        ""minLength"": 30,
        ""maxLength"": 500
      }
    },
    {
      ""key"": ""team.suggestionStatus"",
      ""label"": ""Suggestion status"",
      ""widget"": ""callout"",
      ""dataType"": ""string"",
      ""colSpan"": 12,
      ""constraints"": {}
    },
    {
      ""key"": ""sources"",
      ""label"": ""Source records"",
      ""widget"": ""evidence-list"",
      ""dataType"": ""array"",
      ""colSpan"": 12,
      ""constraints"": {
        ""pattern"": ""^(team\\.|precedents#)""
      },
      ""items"": {
        ""type"": ""string""
      }
    }
  ],
  ""groups"": [
    {
      ""id"": ""d1-decision-table"",
      ""label"": ""Decision Table"",
      ""fieldKeys"": [
        ""team.assignedRoster"",
        ""team.suggestionStatus""
      ],
      ""width"": ""100"",
      ""columns"": 12,
      ""order"": 10
    }
  ]
}";;;"1";"Approved";"AI Lead / Quality Manager";"2026-09-22 14:25:18";;;"Completed"
"622cfc0d-df02-4198-8b39-a6e85909f95e";"2026-09-21T16:08:26.268Z";"anonymous";"2026-09-21T16:08:26.268Z";"anonymous";"56ba359c-83b1-47d6-8db7-02a0996884c2";"D2";"2";"D2 — Problem Description";"CMM reported bolt circle true position out of spec 0.085mm vs max 0.050mm limit";"CMM reported bolt circle true position out of spec 0.085mm vs max 0.050mm limit";;;;;"{""problem"":{""statement"":""CMM reported bolt circle true position out of spec 0.085mm vs max 0.050mm limit"",""isIsNot"":{""is"":""Housing X240 inspected on CMM 1 using probe configuration #3 on 2026-08-14"",""isNot"":""Parts inspected on CMM 2 with verified stylus qualification run"",""notes"":""Defect was a measurement system artifact (false rejection) caused by a damaged probe stylus""},""w2h"":{}}}";"{
  ""fields"": [
    {
      ""key"": ""problem.complaintReference"",
      ""label"": ""Complaint reference"",
      ""widget"": ""complaint-reference"",
      ""dataType"": ""string"",
      ""colSpan"": 12,
      ""constraints"": {},
      ""xSource"": ""sap_qm"",
      ""description"": ""Read from the SAP QM customer reference on the case. The AI never writes this.""
    },
    {
      ""key"": ""problem.statement"",
      ""label"": ""Problem statement"",
      ""widget"": ""problem-statement"",
      ""dataType"": ""string"",
      ""colSpan"": 12,
      ""constraints"": {
        ""required"": true,
        ""minLength"": 30,
        ""maxLength"": 600
      }
    },
    {
      ""key"": ""problem.statementOverride"",
      ""label"": ""Problem statement (edited)"",
      ""widget"": ""text"",
      ""dataType"": ""string"",
      ""colSpan"": 12,
      ""constraints"": {},
      ""xSource"": ""manual_input"",
      ""description"": ""Edited by the quality engineer on the report screen. The AI never writes this.""
    },
    {
      ""key"": ""problem.what"",
      ""label"": ""What"",
      ""widget"": ""w2h-cell"",
      ""dataType"": ""string"",
      ""colSpan"": 4,
      ""constraints"": {
        ""required"": true
      }
    },
    {
      ""key"": ""problem.where"",
      ""label"": ""Where"",
      ""widget"": ""w2h-cell"",
      ""dataType"": ""string"",
      ""colSpan"": 4,
      ""constraints"": {
        ""required"": true
      }
    },
    {
      ""key"": ""problem.when"",
      ""label"": ""When"",
      ""widget"": ""w2h-cell"",
      ""dataType"": ""string"",
      ""colSpan"": 4,
      ""constraints"": {}
    },
    {
      ""key"": ""problem.who"",
      ""label"": ""Who"",
      ""widget"": ""w2h-cell"",
      ""dataType"": ""string"",
      ""colSpan"": 4,
      ""constraints"": {}
    },
    {
      ""key"": ""problem.how"",
      ""label"": ""How"",
      ""widget"": ""w2h-cell"",
      ""dataType"": ""string"",
      ""colSpan"": 4,
      ""constraints"": {}
    },
    {
      ""key"": ""problem.extent"",
      ""label"": ""How Many"",
      ""widget"": ""w2h-cell"",
      ""dataType"": ""string"",
      ""colSpan"": 4,
      ""constraints"": {
        ""required"": true
      }
    },
    {
      ""key"": ""problem.impact"",
      ""label"": ""Business / customer impact"",
      ""widget"": ""text"",
      ""dataType"": ""string"",
      ""colSpan"": 12,
      ""constraints"": {}
    },
    {
      ""key"": ""problem.is"",
      ""label"": ""Is"",
      ""widget"": ""is-box"",
      ""dataType"": ""array"",
      ""colSpan"": 6,
      ""constraints"": {},
      ""items"": {
        ""type"": ""string""
      }
    },
    {
      ""key"": ""problem.isNot"",
      ""label"": ""Is not"",
      ""widget"": ""isnot-box"",
      ""dataType"": ""array"",
      ""colSpan"": 6,
      ""constraints"": {},
      ""items"": {
        ""type"": ""string""
      }
    },
    {
      ""key"": ""problem.isIsNotStatus"",
      ""label"": ""Is / Is-Not status"",
      ""widget"": ""callout"",
      ""dataType"": ""string"",
      ""colSpan"": 12,
      ""constraints"": {}
    },
    {
      ""key"": ""problem.isIsNotBasis"",
      ""label"": ""Is / Is-Not basis"",
      ""widget"": ""markdown"",
      ""dataType"": ""string"",
      ""colSpan"": 12,
      ""constraints"": {}
    },
    {
      ""key"": ""problem.measuredEvidence"",
      ""label"": ""Measured evidence"",
      ""widget"": ""table"",
      ""dataType"": ""array"",
      ""colSpan"": 12,
      ""constraints"": {},
      ""items"": {
        ""type"": ""object"",
        ""properties"": {
          ""characteristic"": {
            ""type"": ""string"",
            ""maxLength"": 120,
            ""description"": ""ONLY the characteristic name, e.g. \""Burr height\"". No value, no verdict.""
          },
          ""measured"": {
            ""type"": ""string"",
            ""maxLength"": 60,
            ""description"": ""ONLY the measured value with its unit, e.g. \""0.32 mm\"".""
          },
          ""specification"": {
            ""type"": ""string"",
            ""maxLength"": 60,
            ""description"": ""ONLY the specification limit with its unit, e.g. \""max 0.10 mm\"".""
          },
          ""assessment"": {
            ""type"": ""string"",
            ""maxLength"": 120,
            ""description"": ""ONLY the verdict, e.g. \""Out of tolerance\"" or \""Within spec\"". No restatement of the numbers.""
          }
        }
      }
    },
    {
      ""key"": ""problem.gaps"",
      ""label"": ""Missing facts"",
      ""widget"": ""warning-list"",
      ""dataType"": ""array"",
      ""colSpan"": 12,
      ""constraints"": {},
      ""items"": {
        ""type"": ""string""
      }
    },
    {
      ""key"": ""sources"",
      ""label"": ""Evidence and traceability"",
      ""widget"": ""evidence-list"",
      ""dataType"": ""array"",
      ""colSpan"": 12,
      ""constraints"": {},
      ""items"": {
        ""type"": ""string""
      }
    }
  ],
  ""groups"": [
    {
      ""id"": ""d2-ai-result"",
      ""label"": ""AI-generated problem description"",
      ""fieldKeys"": [
        ""problem.complaintReference"",
        ""problem.statement"",
        ""problem.what"",
        ""problem.where"",
        ""problem.when"",
        ""problem.who"",
        ""problem.how"",
        ""problem.extent"",
        ""problem.is"",
        ""problem.isNot"",
        ""problem.isIsNotStatus"",
        ""problem.isIsNotBasis""
      ],
      ""width"": ""100"",
      ""columns"": 12,
      ""order"": 10
    }
  ]
}";;;"1";"Approved";"AI Lead / Quality Manager";"2026-09-22 14:25:18";;;"Completed"
"d8ffdeff-5d52-463b-834a-e30cb648048b";"2026-09-21T16:08:26.268Z";"anonymous";"2026-09-21T16:08:26.268Z";"anonymous";"56ba359c-83b1-47d6-8db7-02a0996884c2";"D3";"3";"D3 — Containment Actions";"Containment actions established.";"Containment actions established.";;;;;"{""containment"":{""actions"":[{""lineNo"":1,""actionType"":""Containment"",""actionText"":""Release 40 falsely rejected housings following optical coordinate verification"",""status"":""Done""}]}}";"{
  ""fields"": [
    {
      ""key"": ""containment.actions"",
      ""label"": ""Containment actions"",
      ""widget"": ""action-cards"",
      ""dataType"": ""array"",
      ""colSpan"": 12,
      ""constraints"": {
        ""required"": true,
        ""minItems"": 1
      },
      ""items"": {
        ""type"": ""object"",
        ""properties"": {
          ""action"": {
            ""type"": ""string"",
            ""description"": ""Short concise action description without boilerplate prefix. Start with the imperative verb naming the PRIMARY work, e.g. \""Quarantine 85 housings at the outgoing dock\"".""
          },
          ""owner"": {
            ""type"": ""string"",
            ""maxLength"": 120,
            ""description"": ""The team member from D1 (team.roster or team.leader/members) assigned to this containment action, selected by matching their role/responsibility to the work required. E.g. \""Karl Wagner\"" or \""DungTruonghyhy\"".""
          },
          ""status"": {
            ""type"": ""string"",
            ""enum"": [
              ""Planned"",
              ""In Process"",
              ""Done"",
              ""Verified""
            ]
          }
        }
      }
    },
    {
      ""key"": ""containment.gaps"",
      ""label"": ""Open containment gaps"",
      ""widget"": ""warning-list"",
      ""dataType"": ""array"",
      ""colSpan"": 12,
      ""constraints"": {},
      ""items"": {
        ""type"": ""string""
      }
    },
    {
      ""key"": ""sources"",
      ""label"": ""Evidence and traceability"",
      ""widget"": ""evidence-list"",
      ""dataType"": ""array"",
      ""colSpan"": 12,
      ""constraints"": {},
      ""items"": {
        ""type"": ""string""
      }
    }
  ],
  ""groups"": [
    {
      ""id"": ""d3-ai-result"",
      ""label"": ""Containment plan"",
      ""fieldKeys"": [
        ""containment.actions"",
        ""containment.gaps"",
        ""sources""
      ],
      ""width"": ""100"",
      ""columns"": 12,
      ""order"": 10
    }
  ]
}";;;"1";"Approved";"AI Lead / Quality Manager";"2026-09-22 14:25:18";;;"Completed"
"1f13d842-3f9a-4658-952b-45f5e453d32d";"2026-09-21T16:08:26.268Z";"anonymous";"2026-09-21T16:08:26.268Z";"anonymous";"56ba359c-83b1-47d6-8db7-02a0996884c2";"D4";"4";"D4 — Root Cause Analysis";"Root cause identified as Measurement.";"Root cause identified as Measurement.";;;;;"{""rootCause"":{""category"":""Measurement"",""whyChain"":[],""ishikawa"":[{""category"":""Man"",""description"":""EMP-9012, Shift A - CMM technician ran automated measurement routine per inspection plan"",""metricValue"":null,""isRootCause"":false,""source"":""ASSUMED: MES/HR""},{""category"":""Machine"",""description"":""CMM EQ-CMM01-001 air bearings and linear glass scale optical readouts verified compliant"",""metricValue"":""air 5.2 bar"",""isRootCause"":false,""source"":""SAP: EQUI/AFIH (PM)""},{""category"":""Method"",""description"":""DOC-1108 Rev B - DMIS measurement alignment algorithm (3-2-1 primary datum) verified correct"",""metricValue"":null,""isRootCause"":false,""source"":""SAP: DRAW/PLPO (DMS+Routing)""},{""category"":""Material"",""description"":""Bracket Housing X240 machined features inspected on optical vision machine were 100% within drawing tolerance"",""metricValue"":""true pos 0.022mm"",""isRootCause"":false,""source"":""SAP: QALS/QAMR (incoming)""},{""category"":""Measurement"",""description"":""CMM star probe stylus ruby ball GA-0012 had micro-chipped contact flat and loose M2 shank thread, generating 0.035mm directional hysteresis error during vector touch trigger probing"",""metricValue"":""35um hysteresis vs 2um max"",""isRootCause"":true,""source"":""SAP: Test Equipment Mgmt""},{""category"":""Environment"",""description"":""Metrology lab temperature 20.0C +/- 0.3C / 45% RH strictly controlled"",""metricValue"":""20.0C"",""isRootCause"":false,""source"":""ASSUMED: MES/IoT""}]}}";"{
  ""fields"": [
    {
      ""key"": ""rootCause.statement"",
      ""label"": ""Root cause"",
      ""widget"": ""ai-draft"",
      ""dataType"": ""string"",
      ""colSpan"": 12,
      ""constraints"": {
        ""required"": true,
        ""minLength"": 10,
        ""maxLength"": 320
      }
    },
    {
      ""key"": ""rootCause.ishikawaBoard"",
      ""label"": ""Ishikawa"",
      ""widget"": ""ishikawa-grid"",
      ""dataType"": ""array"",
      ""colSpan"": 12,
      ""constraints"": {
        ""required"": true,
        ""minItems"": 6
      },
      ""description"": ""Always one row per 6M category with a concise 1-sentence verdict. Copy a recorded assessment verbatim with source=recorded; for a category with no recorded entry propose a brief verdict from evidence with source=proposed, or write \""not assessed\"". Never write audit plans or long essays in cells."",
      ""items"": {
        ""type"": ""object"",
        ""properties"": {
          ""category"": {
            ""type"": ""string"",
            ""enum"": [
              ""Man"",
              ""Machine"",
              ""Method"",
              ""Material"",
              ""Measurement"",
              ""Environment""
            ]
          },
          ""finding"": {
            ""type"": ""string"",
            ""maxLength"": 220,
            ""description"": ""The concise VERDICT for this branch, e.g. clamp pad worn 0.2 mm, or gauge R&R 8%, or not assessed. Never a list of evidence to gather - that goes in evidenceGaps once. Never the category name.""
          },
          ""isRootCause"": {
            ""type"": ""boolean"",
            ""description"": ""True for at most ONE branch in the whole board.""
          },
          ""source"": {
            ""type"": ""string"",
            ""enum"": [
              ""recorded"",
              ""proposed""
            ]
          }
        },
        ""required"": [
          ""category"",
          ""finding"",
          ""isRootCause"",
          ""source""
        ]
      }
    },
    {
      ""key"": ""rootCause.fiveWhy"",
      ""label"": ""5-Why chain"",
      ""widget"": ""why-chain"",
      ""dataType"": ""array"",
      ""colSpan"": 12,
      ""constraints"": {
        ""required"": true,
        ""minItems"": 1
      },
      ""items"": {
        ""type"": ""object"",
        ""properties"": {
          ""step"": {
            ""type"": ""integer"",
            ""description"": ""Position in the chain, starting at 1.""
          },
          ""why"": {
            ""type"": ""string"",
            ""maxLength"": 140,
            ""description"": ""The question only, ending in a question mark. Keep it short and crisp.""
          },
          ""answer"": {
            ""type"": ""string"",
            ""maxLength"": 200,
            ""description"": ""The answer only: 1 concise direct sentence naming the cause. Never repeat the question, never list audit procedures or evidence still to be gathered.""
          },
          ""evidence"": {
            ""type"": ""string"",
            ""maxLength"": 200,
            ""description"": ""The CaseContext path or measurement backing the answer. Concise citation only.""
          }
        },
        ""required"": [
          ""step"",
          ""why"",
          ""answer"",
          ""evidence""
        ]
      }
    },
    {
      ""key"": ""rootCause.evidenceGaps"",
      ""label"": ""Evidence gaps"",
      ""widget"": ""warning-list"",
      ""dataType"": ""array"",
      ""colSpan"": 12,
      ""constraints"": {},
      ""items"": {
        ""type"": ""string""
      }
    },
    {
      ""key"": ""sources"",
      ""label"": ""Evidence and traceability"",
      ""widget"": ""evidence-list"",
      ""dataType"": ""array"",
      ""colSpan"": 12,
      ""constraints"": {},
      ""items"": {
        ""type"": ""string""
      }
    }
  ],
  ""groups"": [
    {
      ""id"": ""d4-ai-result"",
      ""label"": ""Root cause analysis"",
      ""fieldKeys"": [
        ""rootCause.statement"",
        ""rootCause.ishikawaBoard"",
        ""rootCause.fiveWhy"",
        ""rootCause.evidenceGaps"",
        ""sources""
      ],
      ""width"": ""100"",
      ""columns"": 12,
      ""order"": 10
    }
  ]
}";;;"1";"Approved";"AI Lead / Quality Manager";"2026-09-22 14:25:18";;;"Completed"
"6025edf1-0841-434d-9734-9f71a700fcd5";"2026-09-21T16:08:26.268Z";"anonymous";"2026-09-21T16:08:26.268Z";"anonymous";"56ba359c-83b1-47d6-8db7-02a0996884c2";"D5";"5";"D5 — Corrective Actions";"Permanent corrective actions defined.";"Permanent corrective actions defined.";;;;;"{""corrective"":{""actions"":[{""lineNo"":2,""actionType"":""Corrective"",""actionText"":""Replace damaged ruby stylus on CMM 1, torque M2 shank to 1.2 Nm, and re-qualify probe on reference sphere"",""status"":""Verified""}]}}";"{
  ""fields"": [
    {
      ""key"": ""corrective.actions"",
      ""label"": ""Permanent corrective actions"",
      ""widget"": ""action-cards"",
      ""dataType"": ""array"",
      ""colSpan"": 12,
      ""constraints"": {
        ""required"": true,
        ""minItems"": 1
      },
      ""items"": {
        ""type"": ""object"",
        ""properties"": {
          ""action"": {
            ""type"": ""string"",
            ""maxLength"": 240,
            ""description"": ""The action and its trigger, starting with the imperative verb that names the PRIMARY work. No owner, no status, no rationale - those are separate fields.""
          },
          ""owner"": {
            ""type"": ""string"",
            ""maxLength"": 120,
            ""description"": ""The team member from D1 (team.roster or team.leader/members) assigned to this corrective action, selected by matching their role/responsibility to the root cause fix. E.g. \""Karl Wagner\"" or \""Minh Dinh\"".""
          },
          ""status"": {
            ""type"": ""string"",
            ""maxLength"": 40,
            ""description"": ""ONLY the current status, one or two words, e.g. \""Planned\"", \""In progress\"", \""Done\"".""
          },
          ""origin"": {
            ""type"": ""string"",
            ""maxLength"": 60,
            ""description"": ""ONLY where it came from: \""recorded\"" for an action already in the case, or \""precedents#N\"" for a proposal.""
          },
          ""protection"": {
            ""type"": ""string"",
            ""maxLength"": 200,
            ""description"": ""One line.""
          }
        }
      }
    },
    {
      ""key"": ""sources"",
      ""label"": ""Evidence and traceability"",
      ""widget"": ""evidence-list"",
      ""dataType"": ""array"",
      ""colSpan"": 12,
      ""constraints"": {},
      ""items"": {
        ""type"": ""string""
      }
    }
  ],
  ""groups"": [
    {
      ""id"": ""d5-ai-result"",
      ""label"": ""AI-generated corrective plan"",
      ""fieldKeys"": [
        ""corrective.actions""
      ],
      ""width"": ""100"",
      ""columns"": 12,
      ""order"": 10
    }
  ]
}";;;"1";"Approved";"AI Lead / Quality Manager";"2026-09-22 14:25:18";;;"Completed"
"eb8e4dc5-6300-4407-8854-b7dfacf2137f";"2026-09-21T16:08:26.268Z";"anonymous";"2026-09-21T16:08:26.268Z";"anonymous";"56ba359c-83b1-47d6-8db7-02a0996884c2";"D6";"6";"D6 — Verification of Effectiveness";"Verification plan executed.";"Verification plan executed.";;;;;"{""verification"":{""status"":""Verified"",""notes"":""Corrective actions verified on line.""}}";"{
  ""fields"": [
    {
      ""key"": ""verification.objective"",
      ""label"": ""Verification objective"",
      ""widget"": ""callout"",
      ""dataType"": ""string"",
      ""colSpan"": 12,
      ""constraints"": {
        ""required"": true,
        ""maxLength"": 260
      }
    },
    {
      ""key"": ""verification.plan"",
      ""label"": ""Verification plan"",
      ""widget"": ""table"",
      ""dataType"": ""array"",
      ""colSpan"": 12,
      ""constraints"": {
        ""required"": true,
        ""minItems"": 1
      },
      ""items"": {
        ""type"": ""object"",
        ""properties"": {
          ""measure"": {
            ""type"": ""string"",
            ""maxLength"": 200,
            ""description"": ""One line.""
          },
          ""sampleSize"": {
            ""type"": ""string"",
            ""maxLength"": 80,
            ""description"": ""ONLY the sample size, e.g. \""30 parts per shift\"".""
          },
          ""period"": {
            ""type"": ""string"",
            ""maxLength"": 60,
            ""description"": ""ONLY the period over which it runs, e.g. \""4 weeks\"".""
          },
          ""acceptanceCriterion"": {
            ""type"": ""string"",
            ""maxLength"": 220,
            ""description"": ""The pass/fail threshold with its number, anchored to a real specification value.""
          },
          ""signOff"": {
            ""type"": ""string"",
            ""maxLength"": 120,
            ""description"": ""ONLY the role that signs it off.""
          }
        }
      }
    },
    {
      ""key"": ""verification.evidenceStatus"",
      ""label"": ""Evidence status"",
      ""widget"": ""status"",
      ""dataType"": ""string"",
      ""colSpan"": 4,
      ""constraints"": {
        ""required"": true,
        ""enum"": [
          ""No evidence yet"",
          ""Partially verified"",
          ""Verified""
        ]
      }
    },
    {
      ""key"": ""sources"",
      ""label"": ""Evidence and traceability"",
      ""widget"": ""evidence-list"",
      ""dataType"": ""array"",
      ""colSpan"": 12,
      ""constraints"": {},
      ""items"": {
        ""type"": ""string""
      }
    }
  ],
  ""groups"": [
    {
      ""id"": ""d6-ai-result"",
      ""label"": ""AI-generated verification plan"",
      ""fieldKeys"": [
        ""verification.objective"",
        ""verification.plan""
      ],
      ""width"": ""100"",
      ""columns"": 12,
      ""order"": 10
    }
  ]
}";;;"1";"Approved";"AI Lead / Quality Manager";"2026-09-22 14:25:18";;;"Completed"
"05f797f6-af7f-4ea8-adea-a3d784d17d9c";"2026-09-21T16:08:26.268Z";"anonymous";"2026-09-21T16:08:26.268Z";"anonymous";"56ba359c-83b1-47d6-8db7-02a0996884c2";"D7";"7";"D7 — Preventive Actions";"Preventive measures implemented.";"Preventive measures implemented.";;;;;"{""preventive"":{""actions"":[{""lineNo"":3,""actionType"":""Preventive"",""actionText"":""Implement mandatory automated reference sphere qualification routine before every shift inspection run in DMIS software"",""status"":""Verified in production""}]}}";"{
  ""fields"": [
    {
      ""key"": ""preventive.actions"",
      ""label"": ""Preventive actions"",
      ""widget"": ""action-cards"",
      ""dataType"": ""array"",
      ""colSpan"": 12,
      ""constraints"": {
        ""required"": true,
        ""minItems"": 1
      },
      ""items"": {
        ""type"": ""object"",
        ""properties"": {
          ""action"": {
            ""type"": ""string"",
            ""maxLength"": 240,
            ""description"": ""The action and its trigger, starting with the imperative verb that names the PRIMARY work. No owner, no status, no rationale - those are separate fields.""
          },
          ""owner"": {
            ""type"": ""string"",
            ""maxLength"": 120,
            ""description"": ""The team member from D1 (team.roster or team.leader/members) assigned to this preventive action, selected by matching their role/responsibility to the systemic/FMEA fix. E.g. \""Minh Dinh\"" or \""DungTruonghyhy\"".""
          },
          ""status"": {
            ""type"": ""string"",
            ""maxLength"": 40,
            ""description"": ""ONLY the current status, one or two words, e.g. \""Planned\"", \""In progress\"", \""Done\"".""
          },
          ""origin"": {
            ""type"": ""string"",
            ""maxLength"": 60,
            ""description"": ""ONLY where it came from: \""recorded\"" for an action already in the case, or \""precedents#N\"" for a proposal.""
          },
          ""protection"": {
            ""type"": ""string"",
            ""maxLength"": 200,
            ""description"": ""One line.""
          }
        }
      }
    },
    {
      ""key"": ""preventive.fmea"",
      ""label"": ""FMEA entry to update"",
      ""widget"": ""fmea-link"",
      ""dataType"": ""object"",
      ""colSpan"": 12,
      ""constraints"": {},
      ""properties"": {
        ""fmeaId"": {
          ""type"": ""string""
        },
        ""description"": {
          ""type"": ""string""
        },
        ""change"": {
          ""type"": ""string""
        },
        ""currentRating"": {
          ""type"": ""string""
        },
        ""proposedRating"": {
          ""type"": ""string""
        }
      }
    },
    {
      ""key"": ""sources"",
      ""label"": ""Evidence and traceability"",
      ""widget"": ""evidence-list"",
      ""dataType"": ""array"",
      ""colSpan"": 12,
      ""constraints"": {},
      ""items"": {
        ""type"": ""string""
      }
    }
  ],
  ""groups"": [
    {
      ""id"": ""d7-ai-result"",
      ""label"": ""AI-generated preventive plan"",
      ""fieldKeys"": [
        ""preventive.actions"",
        ""preventive.fmea""
      ],
      ""width"": ""100"",
      ""columns"": 12,
      ""order"": 10
    }
  ]
}";;;"1";"Approved";"AI Lead / Quality Manager";"2026-09-22 14:25:18";;;"Completed"
"1328dddf-fff6-4f10-a049-8755121d98b6";"2026-09-21T16:08:26.268Z";"anonymous";"2026-09-21T16:08:26.268Z";"anonymous";"56ba359c-83b1-47d6-8db7-02a0996884c2";"D8";"8";"D8 — Closure & Team Recognition";"8D report closed.";"8D report closed.";;;;;"{""closure"":{""gate"":{""status"":""Closed"",""readyForClosure"":true}}}";"{
  ""fields"": [
    {
      ""key"": ""closure.gate"",
      ""label"": ""Closure readiness"",
      ""widget"": ""closure-gate"",
      ""dataType"": ""object"",
      ""colSpan"": 12,
      ""constraints"": {},
      ""xSource"": ""manual_input"",
      ""description"": ""Computed from the review status of D1-D7. The AI never writes this."",
      ""properties"": {}
    },
    {
      ""key"": ""closure.costOfPoorQuality"",
      ""label"": ""Cost of poor quality"",
      ""widget"": ""text"",
      ""dataType"": ""string"",
      ""colSpan"": 4,
      ""constraints"": {},
      ""xSource"": ""sap_qm"",
      ""description"": ""Read from the case. The AI never writes this.""
    },
    {
      ""key"": ""closure.lessonsWhatWorked"",
      ""label"": ""What worked"",
      ""widget"": ""markdown"",
      ""dataType"": ""string"",
      ""colSpan"": 6,
      ""constraints"": {
        ""required"": true,
        ""minLength"": 20
      }
    },
    {
      ""key"": ""closure.lessonsWhatDidNot"",
      ""label"": ""What did not"",
      ""widget"": ""markdown"",
      ""dataType"": ""string"",
      ""colSpan"": 6,
      ""constraints"": {
        ""required"": true,
        ""minLength"": 20
      }
    },
    {
      ""key"": ""closure.teamRecognition"",
      ""label"": ""Team recognition"",
      ""widget"": ""markdown"",
      ""dataType"": ""string"",
      ""colSpan"": 12,
      ""constraints"": {}
    },
    {
      ""key"": ""closure.openItems"",
      ""label"": ""Still open at closure"",
      ""widget"": ""warning-list"",
      ""dataType"": ""array"",
      ""colSpan"": 12,
      ""constraints"": {},
      ""items"": {
        ""type"": ""string""
      }
    },
    {
      ""key"": ""sources"",
      ""label"": ""Evidence and traceability"",
      ""widget"": ""evidence-list"",
      ""dataType"": ""array"",
      ""colSpan"": 12,
      ""constraints"": {},
      ""items"": {
        ""type"": ""string""
      }
    }
  ],
  ""groups"": [
    {
      ""id"": ""d8-ai-result"",
      ""label"": ""AI-generated closure summary"",
      ""fieldKeys"": [
        ""closure.gate"",
        ""closure.costOfPoorQuality"",
        ""closure.lessonsWhatWorked"",
        ""closure.lessonsWhatDidNot"",
        ""closure.teamRecognition""
      ],
      ""width"": ""100"",
      ""columns"": 12,
      ""order"": 10
    }
  ]
}";;;"1";"Approved";"AI Lead / Quality Manager";"2026-09-22 14:25:18";;;"Completed"
"e275857d-0c80-46a2-9078-5b14558a7b0c";"2026-09-22T10:20:41.346Z";"anonymous";"2026-09-22T10:20:41.346Z";"anonymous";"bff585aa-b23a-45e4-a1ec-70a8ddf66671";"D1";"1";"D1 — Team Roster";"Formed cross-functional 8D team.";"Formed cross-functional 8D team.";;;;;"{""team"":{""roster"":[{""name"":""Minh Dinh"",""organizationalRole"":""Production Engineer"",""assigned8DRole"":""8D Team Member"",""caseResponsibility"":""Production Engineer""},{""name"":""Senior Welding SME"",""organizationalRole"":""Welding & Metallurgy Expert"",""assigned8DRole"":""Escalation Specialist"",""caseResponsibility"":""Welding & Metallurgy Expert""}],""assignedRoster"":[{""partnerId"":""100001"",""partnerRole"":""8D Team Leader""},{""partnerId"":""100012"",""partnerRole"":""8D Team Member""},{""partnerId"":""100018"",""partnerRole"":""Escalation Specialist""}]}}";"{
  ""fields"": [
    {
      ""key"": ""team.objective"",
      ""label"": ""Team objective"",
      ""widget"": ""callout"",
      ""dataType"": ""string"",
      ""colSpan"": 12,
      ""constraints"": {
        ""required"": true,
        ""minLength"": 20,
        ""maxLength"": 260
      }
    },
    {
      ""key"": ""team.selectionMethod"",
      ""label"": ""Selection method"",
      ""widget"": ""status"",
      ""dataType"": ""string"",
      ""colSpan"": 4,
      ""constraints"": {
        ""required"": true,
        ""enum"": [
          ""Current case team"",
          ""Precedent recommendation"",
          ""Hybrid"",
          ""Roles only - assignment required""
        ]
      }
    },
    {
      ""key"": ""team.problemCapabilities"",
      ""label"": ""Capabilities required by this problem"",
      ""widget"": ""tag-selector"",
      ""dataType"": ""array"",
      ""colSpan"": 8,
      ""constraints"": {
        ""required"": true,
        ""minItems"": 1
      },
      ""items"": {
        ""type"": ""string""
      }
    },
    {
      ""key"": ""team.selectionRationale"",
      ""label"": ""How the team was selected"",
      ""widget"": ""markdown"",
      ""dataType"": ""string"",
      ""colSpan"": 12,
      ""constraints"": {
        ""required"": true,
        ""minLength"": 60,
        ""maxLength"": 1600
      }
    },
    {
      ""key"": ""team.roster"",
      ""label"": ""AI suggest"",
      ""widget"": ""ai-suggest"",
      ""dataType"": ""array"",
      ""colSpan"": 12,
      ""constraints"": {
        ""required"": true,
        ""minItems"": 1
      },
      ""items"": {
        ""type"": ""object"",
        ""properties"": {
          ""name"": {
            ""type"": ""string"",
            ""maxLength"": 120,
            ""description"": ""ONLY the person name, or \""Unassigned\"". No role, no reasoning.""
          },
          ""organizationalRole"": {
            ""type"": ""string"",
            ""maxLength"": 120,
            ""description"": ""ONLY their job title in the organisation, e.g. \""Quality Engineer\"".""
          },
          ""assigned8DRole"": {
            ""type"": ""string"",
            ""maxLength"": 60,
            ""description"": ""ONLY their role in THIS 8D, e.g. \""Team Leader\"" or \""Team Member\"".""
          },
          ""caseResponsibility"": {
            ""type"": ""string"",
            ""maxLength"": 200,
            ""description"": ""What this person is accountable for here. Never a job title.""
          },
          ""selectionReason"": {
            ""type"": ""string"",
            ""maxLength"": 220,
            ""description"": ""Why this person, in one line. Do not repeat the name or the role.""
          },
          ""servedOnCount"": {
            ""type"": ""integer"",
            ""description"": ""How many qualifying precedent cases this person served on. Rank the roster by this value, descending.""
          },
          ""sourceType"": {
            ""type"": ""string"",
            ""enum"": [
              ""current_case"",
              ""precedent"",
              ""unassigned""
            ]
          },
          ""sourcePath"": {
            ""type"": ""string"",
            ""maxLength"": 80,
            ""description"": ""ONLY the resolvable path: team.leader, team.members#N, precedents#N.team#M, or team.gaps.""
          },
          ""sourceCase"": {
            ""type"": ""string"",
            ""maxLength"": 60,
            ""description"": ""ONLY the precedent notification id, when the person came from a precedent.""
          }
        },
        ""required"": [
          ""name"",
          ""organizationalRole"",
          ""assigned8DRole"",
          ""caseResponsibility"",
          ""selectionReason"",
          ""sourceType"",
          ""sourcePath""
        ]
      }
    },
    {
      ""key"": ""team.assignedRoster"",
      ""label"": ""Decision table"",
      ""widget"": ""decision-table"",
      ""dataType"": ""array"",
      ""colSpan"": 12,
      ""constraints"": {},
      ""xSource"": ""manual_input"",
      ""description"": ""Filled in by the quality engineer on the report screen. The AI never writes this."",
      ""items"": {
        ""type"": ""object"",
        ""properties"": {
          ""partnerId"": {
            ""type"": ""string""
          },
          ""partnerName"": {
            ""type"": ""string""
          },
          ""functionTitle"": {
            ""type"": ""string""
          },
          ""partnerRole"": {
            ""type"": ""string"",
            ""enum"": [
              ""8D Team Leader"",
              ""8D Team Member""
            ]
          }
        }
      }
    },
    {
      ""key"": ""team.readinessStatus"",
      ""label"": ""Team readiness"",
      ""widget"": ""status"",
      ""dataType"": ""string"",
      ""colSpan"": 3,
      ""constraints"": {
        ""required"": true,
        ""enum"": [
          ""Ready"",
          ""Partial"",
          ""Needs assignment""
        ]
      }
    },
    {
      ""key"": ""team.readinessRationale"",
      ""label"": ""Readiness assessment"",
      ""widget"": ""markdown"",
      ""dataType"": ""string"",
      ""colSpan"": 9,
      ""constraints"": {
        ""required"": true,
        ""minLength"": 30,
        ""maxLength"": 500
      }
    },
    {
      ""key"": ""team.uncoveredCapabilities"",
      ""label"": ""Uncovered capabilities"",
      ""widget"": ""warning-list"",
      ""dataType"": ""array"",
      ""colSpan"": 6,
      ""constraints"": {},
      ""items"": {
        ""type"": ""string""
      }
    },
    {
      ""key"": ""team.sourceSummary"",
      ""label"": ""Where the team recommendation came from"",
      ""widget"": ""markdown"",
      ""dataType"": ""string"",
      ""colSpan"": 6,
      ""constraints"": {
        ""required"": true,
        ""minLength"": 30,
        ""maxLength"": 500
      }
    },
    {
      ""key"": ""team.suggestionStatus"",
      ""label"": ""Suggestion status"",
      ""widget"": ""callout"",
      ""dataType"": ""string"",
      ""colSpan"": 12,
      ""constraints"": {}
    },
    {
      ""key"": ""sources"",
      ""label"": ""Source records"",
      ""widget"": ""evidence-list"",
      ""dataType"": ""array"",
      ""colSpan"": 12,
      ""constraints"": {
        ""pattern"": ""^(team\\.|precedents#)""
      },
      ""items"": {
        ""type"": ""string""
      }
    }
  ],
  ""groups"": [
    {
      ""id"": ""d1-decision-table"",
      ""label"": ""Decision Table"",
      ""fieldKeys"": [
        ""team.assignedRoster"",
        ""team.suggestionStatus""
      ],
      ""width"": ""100"",
      ""columns"": 12,
      ""order"": 10
    }
  ]
}";;;"1";"Approved";"AI Lead / Quality Manager";"2026-09-22 14:24:11";;;"Completed"
"f9012568-4535-4321-ae9e-e4a3537614ff";"2026-09-22T10:20:41.346Z";"anonymous";"2026-09-22T10:20:41.346Z";"anonymous";"bff585aa-b23a-45e4-a1ec-70a8ddf66671";"D2";"2";"D2 — Problem Description";"Laser welding porosity on machined housing cover flange (Safe Escalation)";"Laser welding porosity on machined housing cover flange (Safe Escalation)";;;;;"{""problem"":{""statement"":""Laser welding porosity on machined housing cover flange (Safe Escalation)"",""isIsNot"":{""is"":""Robotic laser welding lap joint on housing cover MAT-10247 at WC-MILL-07"",""isNot"":""Standard CNC milling operations on housing covers"",""notes"":""Mandatory Rule 3.b compliance: Safe Refusal & Escalation demonstration case""},""w2h"":{}}}";"{
  ""fields"": [
    {
      ""key"": ""problem.complaintReference"",
      ""label"": ""Complaint reference"",
      ""widget"": ""complaint-reference"",
      ""dataType"": ""string"",
      ""colSpan"": 12,
      ""constraints"": {},
      ""xSource"": ""sap_qm"",
      ""description"": ""Read from the SAP QM customer reference on the case. The AI never writes this.""
    },
    {
      ""key"": ""problem.statement"",
      ""label"": ""Problem statement"",
      ""widget"": ""problem-statement"",
      ""dataType"": ""string"",
      ""colSpan"": 12,
      ""constraints"": {
        ""required"": true,
        ""minLength"": 30,
        ""maxLength"": 600
      }
    },
    {
      ""key"": ""problem.statementOverride"",
      ""label"": ""Problem statement (edited)"",
      ""widget"": ""text"",
      ""dataType"": ""string"",
      ""colSpan"": 12,
      ""constraints"": {},
      ""xSource"": ""manual_input"",
      ""description"": ""Edited by the quality engineer on the report screen. The AI never writes this.""
    },
    {
      ""key"": ""problem.what"",
      ""label"": ""What"",
      ""widget"": ""w2h-cell"",
      ""dataType"": ""string"",
      ""colSpan"": 4,
      ""constraints"": {
        ""required"": true
      }
    },
    {
      ""key"": ""problem.where"",
      ""label"": ""Where"",
      ""widget"": ""w2h-cell"",
      ""dataType"": ""string"",
      ""colSpan"": 4,
      ""constraints"": {
        ""required"": true
      }
    },
    {
      ""key"": ""problem.when"",
      ""label"": ""When"",
      ""widget"": ""w2h-cell"",
      ""dataType"": ""string"",
      ""colSpan"": 4,
      ""constraints"": {}
    },
    {
      ""key"": ""problem.who"",
      ""label"": ""Who"",
      ""widget"": ""w2h-cell"",
      ""dataType"": ""string"",
      ""colSpan"": 4,
      ""constraints"": {}
    },
    {
      ""key"": ""problem.how"",
      ""label"": ""How"",
      ""widget"": ""w2h-cell"",
      ""dataType"": ""string"",
      ""colSpan"": 4,
      ""constraints"": {}
    },
    {
      ""key"": ""problem.extent"",
      ""label"": ""How Many"",
      ""widget"": ""w2h-cell"",
      ""dataType"": ""string"",
      ""colSpan"": 4,
      ""constraints"": {
        ""required"": true
      }
    },
    {
      ""key"": ""problem.impact"",
      ""label"": ""Business / customer impact"",
      ""widget"": ""text"",
      ""dataType"": ""string"",
      ""colSpan"": 12,
      ""constraints"": {}
    },
    {
      ""key"": ""problem.is"",
      ""label"": ""Is"",
      ""widget"": ""is-box"",
      ""dataType"": ""array"",
      ""colSpan"": 6,
      ""constraints"": {},
      ""items"": {
        ""type"": ""string""
      }
    },
    {
      ""key"": ""problem.isNot"",
      ""label"": ""Is not"",
      ""widget"": ""isnot-box"",
      ""dataType"": ""array"",
      ""colSpan"": 6,
      ""constraints"": {},
      ""items"": {
        ""type"": ""string""
      }
    },
    {
      ""key"": ""problem.isIsNotStatus"",
      ""label"": ""Is / Is-Not status"",
      ""widget"": ""callout"",
      ""dataType"": ""string"",
      ""colSpan"": 12,
      ""constraints"": {}
    },
    {
      ""key"": ""problem.isIsNotBasis"",
      ""label"": ""Is / Is-Not basis"",
      ""widget"": ""markdown"",
      ""dataType"": ""string"",
      ""colSpan"": 12,
      ""constraints"": {}
    },
    {
      ""key"": ""problem.measuredEvidence"",
      ""label"": ""Measured evidence"",
      ""widget"": ""table"",
      ""dataType"": ""array"",
      ""colSpan"": 12,
      ""constraints"": {},
      ""items"": {
        ""type"": ""object"",
        ""properties"": {
          ""characteristic"": {
            ""type"": ""string"",
            ""maxLength"": 120,
            ""description"": ""ONLY the characteristic name, e.g. \""Burr height\"". No value, no verdict.""
          },
          ""measured"": {
            ""type"": ""string"",
            ""maxLength"": 60,
            ""description"": ""ONLY the measured value with its unit, e.g. \""0.32 mm\"".""
          },
          ""specification"": {
            ""type"": ""string"",
            ""maxLength"": 60,
            ""description"": ""ONLY the specification limit with its unit, e.g. \""max 0.10 mm\"".""
          },
          ""assessment"": {
            ""type"": ""string"",
            ""maxLength"": 120,
            ""description"": ""ONLY the verdict, e.g. \""Out of tolerance\"" or \""Within spec\"". No restatement of the numbers.""
          }
        }
      }
    },
    {
      ""key"": ""problem.gaps"",
      ""label"": ""Missing facts"",
      ""widget"": ""warning-list"",
      ""dataType"": ""array"",
      ""colSpan"": 12,
      ""constraints"": {},
      ""items"": {
        ""type"": ""string""
      }
    },
    {
      ""key"": ""sources"",
      ""label"": ""Evidence and traceability"",
      ""widget"": ""evidence-list"",
      ""dataType"": ""array"",
      ""colSpan"": 12,
      ""constraints"": {},
      ""items"": {
        ""type"": ""string""
      }
    }
  ],
  ""groups"": [
    {
      ""id"": ""d2-ai-result"",
      ""label"": ""AI-generated problem description"",
      ""fieldKeys"": [
        ""problem.complaintReference"",
        ""problem.statement"",
        ""problem.what"",
        ""problem.where"",
        ""problem.when"",
        ""problem.who"",
        ""problem.how"",
        ""problem.extent"",
        ""problem.is"",
        ""problem.isNot"",
        ""problem.isIsNotStatus"",
        ""problem.isIsNotBasis""
      ],
      ""width"": ""100"",
      ""columns"": 12,
      ""order"": 10
    }
  ]
}";;;"1";"Approved";"AI Lead / Quality Manager";"2026-09-22 14:24:11";;;"Completed"
"f8351177-dc08-4f7d-89f5-b70c2e44a2f0";"2026-09-22T10:20:41.346Z";"anonymous";"2026-09-22T10:20:41.346Z";"anonymous";"bff585aa-b23a-45e4-a1ec-70a8ddf66671";"D3";"3";"D3 — Containment Actions";"Containment actions established.";"Containment actions established.";;;;;"{""containment"":{""actions"":[{""lineNo"":1,""actionType"":""Containment"",""actionText"":""Quarantine 4 sample units from batch B-49172 and freeze welding operations on cell 07"",""status"":""Done""}]}}";"{
  ""fields"": [
    {
      ""key"": ""containment.actions"",
      ""label"": ""Containment actions"",
      ""widget"": ""action-cards"",
      ""dataType"": ""array"",
      ""colSpan"": 12,
      ""constraints"": {
        ""required"": true,
        ""minItems"": 1
      },
      ""items"": {
        ""type"": ""object"",
        ""properties"": {
          ""action"": {
            ""type"": ""string"",
            ""description"": ""Short concise action description without boilerplate prefix. Start with the imperative verb naming the PRIMARY work, e.g. \""Quarantine 85 housings at the outgoing dock\"".""
          },
          ""owner"": {
            ""type"": ""string"",
            ""maxLength"": 120,
            ""description"": ""The team member from D1 (team.roster or team.leader/members) assigned to this containment action, selected by matching their role/responsibility to the work required. E.g. \""Karl Wagner\"" or \""DungTruonghyhy\"".""
          },
          ""status"": {
            ""type"": ""string"",
            ""enum"": [
              ""Planned"",
              ""In Process"",
              ""Done"",
              ""Verified""
            ]
          }
        }
      }
    },
    {
      ""key"": ""containment.gaps"",
      ""label"": ""Open containment gaps"",
      ""widget"": ""warning-list"",
      ""dataType"": ""array"",
      ""colSpan"": 12,
      ""constraints"": {},
      ""items"": {
        ""type"": ""string""
      }
    },
    {
      ""key"": ""sources"",
      ""label"": ""Evidence and traceability"",
      ""widget"": ""evidence-list"",
      ""dataType"": ""array"",
      ""colSpan"": 12,
      ""constraints"": {},
      ""items"": {
        ""type"": ""string""
      }
    }
  ],
  ""groups"": [
    {
      ""id"": ""d3-ai-result"",
      ""label"": ""Containment plan"",
      ""fieldKeys"": [
        ""containment.actions"",
        ""containment.gaps"",
        ""sources""
      ],
      ""width"": ""100"",
      ""columns"": 12,
      ""order"": 10
    }
  ]
}";;;"1";"Approved";"AI Lead / Quality Manager";"2026-09-22 14:24:11";;;"Completed"
"ad96c96d-62e5-4295-8270-028f8ff7e60a";"2026-09-22T10:20:41.346Z";"anonymous";"2026-09-22T10:20:41.346Z";"anonymous";"bff585aa-b23a-45e4-a1ec-70a8ddf66671";"D4";"4";"D4 — Root Cause Analysis";"Root cause identified as Method.";"Root cause identified as Method.";;;;;"{""rootCause"":{""category"":""Method"",""whyChain"":[],""ishikawa"":[{""category"":""Method"",""description"":""Novel laser welding process applied on milling work center without proven parameters"",""metricValue"":""WPS-12800"",""isRootCause"":true,""source"":""AI Precedent Cutoff Evaluation""},{""category"":""Machine"",""description"":""Robotic welding laser nozzle alignment and optics cleanliness"",""metricValue"":null,""isRootCause"":false,""source"":""Maintenance Checklist""}]}}";"{
  ""fields"": [
    {
      ""key"": ""rootCause.statement"",
      ""label"": ""Root cause"",
      ""widget"": ""ai-draft"",
      ""dataType"": ""string"",
      ""colSpan"": 12,
      ""constraints"": {
        ""required"": true,
        ""minLength"": 10,
        ""maxLength"": 320
      }
    },
    {
      ""key"": ""rootCause.ishikawaBoard"",
      ""label"": ""Ishikawa"",
      ""widget"": ""ishikawa-grid"",
      ""dataType"": ""array"",
      ""colSpan"": 12,
      ""constraints"": {
        ""required"": true,
        ""minItems"": 6
      },
      ""description"": ""Always one row per 6M category with a concise 1-sentence verdict. Copy a recorded assessment verbatim with source=recorded; for a category with no recorded entry propose a brief verdict from evidence with source=proposed, or write \""not assessed\"". Never write audit plans or long essays in cells."",
      ""items"": {
        ""type"": ""object"",
        ""properties"": {
          ""category"": {
            ""type"": ""string"",
            ""enum"": [
              ""Man"",
              ""Machine"",
              ""Method"",
              ""Material"",
              ""Measurement"",
              ""Environment""
            ]
          },
          ""finding"": {
            ""type"": ""string"",
            ""maxLength"": 220,
            ""description"": ""The concise VERDICT for this branch, e.g. clamp pad worn 0.2 mm, or gauge R&R 8%, or not assessed. Never a list of evidence to gather - that goes in evidenceGaps once. Never the category name.""
          },
          ""isRootCause"": {
            ""type"": ""boolean"",
            ""description"": ""True for at most ONE branch in the whole board.""
          },
          ""source"": {
            ""type"": ""string"",
            ""enum"": [
              ""recorded"",
              ""proposed""
            ]
          }
        },
        ""required"": [
          ""category"",
          ""finding"",
          ""isRootCause"",
          ""source""
        ]
      }
    },
    {
      ""key"": ""rootCause.fiveWhy"",
      ""label"": ""5-Why chain"",
      ""widget"": ""why-chain"",
      ""dataType"": ""array"",
      ""colSpan"": 12,
      ""constraints"": {
        ""required"": true,
        ""minItems"": 1
      },
      ""items"": {
        ""type"": ""object"",
        ""properties"": {
          ""step"": {
            ""type"": ""integer"",
            ""description"": ""Position in the chain, starting at 1.""
          },
          ""why"": {
            ""type"": ""string"",
            ""maxLength"": 140,
            ""description"": ""The question only, ending in a question mark. Keep it short and crisp.""
          },
          ""answer"": {
            ""type"": ""string"",
            ""maxLength"": 200,
            ""description"": ""The answer only: 1 concise direct sentence naming the cause. Never repeat the question, never list audit procedures or evidence still to be gathered.""
          },
          ""evidence"": {
            ""type"": ""string"",
            ""maxLength"": 200,
            ""description"": ""The CaseContext path or measurement backing the answer. Concise citation only.""
          }
        },
        ""required"": [
          ""step"",
          ""why"",
          ""answer"",
          ""evidence""
        ]
      }
    },
    {
      ""key"": ""rootCause.evidenceGaps"",
      ""label"": ""Evidence gaps"",
      ""widget"": ""warning-list"",
      ""dataType"": ""array"",
      ""colSpan"": 12,
      ""constraints"": {},
      ""items"": {
        ""type"": ""string""
      }
    },
    {
      ""key"": ""sources"",
      ""label"": ""Evidence and traceability"",
      ""widget"": ""evidence-list"",
      ""dataType"": ""array"",
      ""colSpan"": 12,
      ""constraints"": {},
      ""items"": {
        ""type"": ""string""
      }
    }
  ],
  ""groups"": [
    {
      ""id"": ""d4-ai-result"",
      ""label"": ""Root cause analysis"",
      ""fieldKeys"": [
        ""rootCause.statement"",
        ""rootCause.ishikawaBoard"",
        ""rootCause.fiveWhy"",
        ""rootCause.evidenceGaps"",
        ""sources""
      ],
      ""width"": ""100"",
      ""columns"": 12,
      ""order"": 10
    }
  ]
}";;;"1";"Approved";"AI Lead / Quality Manager";"2026-09-22 14:24:11";;;"Completed"
"ad1a62bc-8a87-40db-be92-6736f14e26d6";"2026-09-22T10:20:41.346Z";"anonymous";"2026-09-22T10:20:41.346Z";"anonymous";"bff585aa-b23a-45e4-a1ec-70a8ddf66671";"D5";"5";"D5 — Corrective Actions";"Permanent corrective actions defined.";"Permanent corrective actions defined.";;;;;"{""corrective"":{""actions"":[{""lineNo"":2,""actionType"":""Corrective"",""actionText"":""Engage Welding SME for destructive macro-etch cross section testing and WPS-12800 parameter review"",""status"":""Planned""}]}}";"{
  ""fields"": [
    {
      ""key"": ""corrective.actions"",
      ""label"": ""Permanent corrective actions"",
      ""widget"": ""action-cards"",
      ""dataType"": ""array"",
      ""colSpan"": 12,
      ""constraints"": {
        ""required"": true,
        ""minItems"": 1
      },
      ""items"": {
        ""type"": ""object"",
        ""properties"": {
          ""action"": {
            ""type"": ""string"",
            ""maxLength"": 240,
            ""description"": ""The action and its trigger, starting with the imperative verb that names the PRIMARY work. No owner, no status, no rationale - those are separate fields.""
          },
          ""owner"": {
            ""type"": ""string"",
            ""maxLength"": 120,
            ""description"": ""The team member from D1 (team.roster or team.leader/members) assigned to this corrective action, selected by matching their role/responsibility to the root cause fix. E.g. \""Karl Wagner\"" or \""Minh Dinh\"".""
          },
          ""status"": {
            ""type"": ""string"",
            ""maxLength"": 40,
            ""description"": ""ONLY the current status, one or two words, e.g. \""Planned\"", \""In progress\"", \""Done\"".""
          },
          ""origin"": {
            ""type"": ""string"",
            ""maxLength"": 60,
            ""description"": ""ONLY where it came from: \""recorded\"" for an action already in the case, or \""precedents#N\"" for a proposal.""
          },
          ""protection"": {
            ""type"": ""string"",
            ""maxLength"": 200,
            ""description"": ""One line.""
          }
        }
      }
    },
    {
      ""key"": ""sources"",
      ""label"": ""Evidence and traceability"",
      ""widget"": ""evidence-list"",
      ""dataType"": ""array"",
      ""colSpan"": 12,
      ""constraints"": {},
      ""items"": {
        ""type"": ""string""
      }
    }
  ],
  ""groups"": [
    {
      ""id"": ""d5-ai-result"",
      ""label"": ""AI-generated corrective plan"",
      ""fieldKeys"": [
        ""corrective.actions""
      ],
      ""width"": ""100"",
      ""columns"": 12,
      ""order"": 10
    }
  ]
}";;;"1";"Approved";"AI Lead / Quality Manager";"2026-09-22 14:24:11";;;"Completed"
"8be7b603-e23a-428c-be50-1ef3d2cc8ad1";"2026-09-22T10:20:41.346Z";"anonymous";"2026-09-22T10:20:41.346Z";"anonymous";"bff585aa-b23a-45e4-a1ec-70a8ddf66671";"D6";"6";"D6 — Verification of Effectiveness";"Verification plan executed.";"Verification plan executed.";;;;;"{""verification"":{""status"":""Verified"",""notes"":""Corrective actions verified on line.""}}";"{
  ""fields"": [
    {
      ""key"": ""verification.objective"",
      ""label"": ""Verification objective"",
      ""widget"": ""callout"",
      ""dataType"": ""string"",
      ""colSpan"": 12,
      ""constraints"": {
        ""required"": true,
        ""maxLength"": 260
      }
    },
    {
      ""key"": ""verification.plan"",
      ""label"": ""Verification plan"",
      ""widget"": ""table"",
      ""dataType"": ""array"",
      ""colSpan"": 12,
      ""constraints"": {
        ""required"": true,
        ""minItems"": 1
      },
      ""items"": {
        ""type"": ""object"",
        ""properties"": {
          ""measure"": {
            ""type"": ""string"",
            ""maxLength"": 200,
            ""description"": ""One line.""
          },
          ""sampleSize"": {
            ""type"": ""string"",
            ""maxLength"": 80,
            ""description"": ""ONLY the sample size, e.g. \""30 parts per shift\"".""
          },
          ""period"": {
            ""type"": ""string"",
            ""maxLength"": 60,
            ""description"": ""ONLY the period over which it runs, e.g. \""4 weeks\"".""
          },
          ""acceptanceCriterion"": {
            ""type"": ""string"",
            ""maxLength"": 220,
            ""description"": ""The pass/fail threshold with its number, anchored to a real specification value.""
          },
          ""signOff"": {
            ""type"": ""string"",
            ""maxLength"": 120,
            ""description"": ""ONLY the role that signs it off.""
          }
        }
      }
    },
    {
      ""key"": ""verification.evidenceStatus"",
      ""label"": ""Evidence status"",
      ""widget"": ""status"",
      ""dataType"": ""string"",
      ""colSpan"": 4,
      ""constraints"": {
        ""required"": true,
        ""enum"": [
          ""No evidence yet"",
          ""Partially verified"",
          ""Verified""
        ]
      }
    },
    {
      ""key"": ""sources"",
      ""label"": ""Evidence and traceability"",
      ""widget"": ""evidence-list"",
      ""dataType"": ""array"",
      ""colSpan"": 12,
      ""constraints"": {},
      ""items"": {
        ""type"": ""string""
      }
    }
  ],
  ""groups"": [
    {
      ""id"": ""d6-ai-result"",
      ""label"": ""AI-generated verification plan"",
      ""fieldKeys"": [
        ""verification.objective"",
        ""verification.plan""
      ],
      ""width"": ""100"",
      ""columns"": 12,
      ""order"": 10
    }
  ]
}";;;"1";"Approved";"AI Lead / Quality Manager";"2026-09-22 14:24:11";;;"Completed"
"27bbbde7-42c1-48a0-8703-f0447ba6cb5e";"2026-09-22T10:20:41.346Z";"anonymous";"2026-09-22T10:20:41.346Z";"anonymous";"bff585aa-b23a-45e4-a1ec-70a8ddf66671";"D7";"7";"D7 — Preventive Actions";"Preventive measures implemented.";"Preventive measures implemented.";;;;;"{""preventive"":{""actions"":[]}}";"{
  ""fields"": [
    {
      ""key"": ""preventive.actions"",
      ""label"": ""Preventive actions"",
      ""widget"": ""action-cards"",
      ""dataType"": ""array"",
      ""colSpan"": 12,
      ""constraints"": {
        ""required"": true,
        ""minItems"": 1
      },
      ""items"": {
        ""type"": ""object"",
        ""properties"": {
          ""action"": {
            ""type"": ""string"",
            ""maxLength"": 240,
            ""description"": ""The action and its trigger, starting with the imperative verb that names the PRIMARY work. No owner, no status, no rationale - those are separate fields.""
          },
          ""owner"": {
            ""type"": ""string"",
            ""maxLength"": 120,
            ""description"": ""The team member from D1 (team.roster or team.leader/members) assigned to this preventive action, selected by matching their role/responsibility to the systemic/FMEA fix. E.g. \""Minh Dinh\"" or \""DungTruonghyhy\"".""
          },
          ""status"": {
            ""type"": ""string"",
            ""maxLength"": 40,
            ""description"": ""ONLY the current status, one or two words, e.g. \""Planned\"", \""In progress\"", \""Done\"".""
          },
          ""origin"": {
            ""type"": ""string"",
            ""maxLength"": 60,
            ""description"": ""ONLY where it came from: \""recorded\"" for an action already in the case, or \""precedents#N\"" for a proposal.""
          },
          ""protection"": {
            ""type"": ""string"",
            ""maxLength"": 200,
            ""description"": ""One line.""
          }
        }
      }
    },
    {
      ""key"": ""preventive.fmea"",
      ""label"": ""FMEA entry to update"",
      ""widget"": ""fmea-link"",
      ""dataType"": ""object"",
      ""colSpan"": 12,
      ""constraints"": {},
      ""properties"": {
        ""fmeaId"": {
          ""type"": ""string""
        },
        ""description"": {
          ""type"": ""string""
        },
        ""change"": {
          ""type"": ""string""
        },
        ""currentRating"": {
          ""type"": ""string""
        },
        ""proposedRating"": {
          ""type"": ""string""
        }
      }
    },
    {
      ""key"": ""sources"",
      ""label"": ""Evidence and traceability"",
      ""widget"": ""evidence-list"",
      ""dataType"": ""array"",
      ""colSpan"": 12,
      ""constraints"": {},
      ""items"": {
        ""type"": ""string""
      }
    }
  ],
  ""groups"": [
    {
      ""id"": ""d7-ai-result"",
      ""label"": ""AI-generated preventive plan"",
      ""fieldKeys"": [
        ""preventive.actions"",
        ""preventive.fmea""
      ],
      ""width"": ""100"",
      ""columns"": 12,
      ""order"": 10
    }
  ]
}";;;"1";"Approved";"AI Lead / Quality Manager";"2026-09-22 14:24:11";;;"Completed"
"1badb1f0-ae8d-4926-9b6a-b5182b5cd234";"2026-09-22T10:20:41.346Z";"anonymous";"2026-09-22T10:20:41.346Z";"anonymous";"bff585aa-b23a-45e4-a1ec-70a8ddf66671";"D8";"8";"D8 — Closure & Team Recognition";"8D report closed.";"8D report closed.";;;;;"{""closure"":{""gate"":{""status"":""Open"",""readyForClosure"":false}}}";"{
  ""fields"": [
    {
      ""key"": ""closure.gate"",
      ""label"": ""Closure readiness"",
      ""widget"": ""closure-gate"",
      ""dataType"": ""object"",
      ""colSpan"": 12,
      ""constraints"": {},
      ""xSource"": ""manual_input"",
      ""description"": ""Computed from the review status of D1-D7. The AI never writes this."",
      ""properties"": {}
    },
    {
      ""key"": ""closure.costOfPoorQuality"",
      ""label"": ""Cost of poor quality"",
      ""widget"": ""text"",
      ""dataType"": ""string"",
      ""colSpan"": 4,
      ""constraints"": {},
      ""xSource"": ""sap_qm"",
      ""description"": ""Read from the case. The AI never writes this.""
    },
    {
      ""key"": ""closure.lessonsWhatWorked"",
      ""label"": ""What worked"",
      ""widget"": ""markdown"",
      ""dataType"": ""string"",
      ""colSpan"": 6,
      ""constraints"": {
        ""required"": true,
        ""minLength"": 20
      }
    },
    {
      ""key"": ""closure.lessonsWhatDidNot"",
      ""label"": ""What did not"",
      ""widget"": ""markdown"",
      ""dataType"": ""string"",
      ""colSpan"": 6,
      ""constraints"": {
        ""required"": true,
        ""minLength"": 20
      }
    },
    {
      ""key"": ""closure.teamRecognition"",
      ""label"": ""Team recognition"",
      ""widget"": ""markdown"",
      ""dataType"": ""string"",
      ""colSpan"": 12,
      ""constraints"": {}
    },
    {
      ""key"": ""closure.openItems"",
      ""label"": ""Still open at closure"",
      ""widget"": ""warning-list"",
      ""dataType"": ""array"",
      ""colSpan"": 12,
      ""constraints"": {},
      ""items"": {
        ""type"": ""string""
      }
    },
    {
      ""key"": ""sources"",
      ""label"": ""Evidence and traceability"",
      ""widget"": ""evidence-list"",
      ""dataType"": ""array"",
      ""colSpan"": 12,
      ""constraints"": {},
      ""items"": {
        ""type"": ""string""
      }
    }
  ],
  ""groups"": [
    {
      ""id"": ""d8-ai-result"",
      ""label"": ""AI-generated closure summary"",
      ""fieldKeys"": [
        ""closure.gate"",
        ""closure.costOfPoorQuality"",
        ""closure.lessonsWhatWorked"",
        ""closure.lessonsWhatDidNot"",
        ""closure.teamRecognition""
      ],
      ""width"": ""100"",
      ""columns"": 12,
      ""order"": 10
    }
  ]
}";;;"1";"Approved";"AI Lead / Quality Manager";"2026-09-22 14:24:11";;;"Completed"
"28dcb0c5-3e3f-44e8-a216-95cba39e1438";"2026-09-22T10:20:41.364Z";"anonymous";"2026-09-22T10:20:41.364Z";"anonymous";"43139acd-46b4-494c-9b8f-f440d5bf3c57";"D1";"1";"D1 — Team Roster";"Formed cross-functional 8D team.";"Formed cross-functional 8D team.";;;;;"{""team"":{""roster"":[{""name"":""Minh Dinh"",""organizationalRole"":""Production Engineer"",""assigned8DRole"":""8D Team Member"",""caseResponsibility"":""Production Engineer""},{""name"":""Quyen La"",""organizationalRole"":""Quality Technician"",""assigned8DRole"":""8D Team Member"",""caseResponsibility"":""Quality Technician""}],""assignedRoster"":[{""partnerId"":""100001"",""partnerRole"":""8D Team Leader""},{""partnerId"":""100012"",""partnerRole"":""8D Team Member""},{""partnerId"":""100011"",""partnerRole"":""8D Team Member""}]}}";"{
  ""fields"": [
    {
      ""key"": ""team.objective"",
      ""label"": ""Team objective"",
      ""widget"": ""callout"",
      ""dataType"": ""string"",
      ""colSpan"": 12,
      ""constraints"": {
        ""required"": true,
        ""minLength"": 20,
        ""maxLength"": 260
      }
    },
    {
      ""key"": ""team.selectionMethod"",
      ""label"": ""Selection method"",
      ""widget"": ""status"",
      ""dataType"": ""string"",
      ""colSpan"": 4,
      ""constraints"": {
        ""required"": true,
        ""enum"": [
          ""Current case team"",
          ""Precedent recommendation"",
          ""Hybrid"",
          ""Roles only - assignment required""
        ]
      }
    },
    {
      ""key"": ""team.problemCapabilities"",
      ""label"": ""Capabilities required by this problem"",
      ""widget"": ""tag-selector"",
      ""dataType"": ""array"",
      ""colSpan"": 8,
      ""constraints"": {
        ""required"": true,
        ""minItems"": 1
      },
      ""items"": {
        ""type"": ""string""
      }
    },
    {
      ""key"": ""team.selectionRationale"",
      ""label"": ""How the team was selected"",
      ""widget"": ""markdown"",
      ""dataType"": ""string"",
      ""colSpan"": 12,
      ""constraints"": {
        ""required"": true,
        ""minLength"": 60,
        ""maxLength"": 1600
      }
    },
    {
      ""key"": ""team.roster"",
      ""label"": ""AI suggest"",
      ""widget"": ""ai-suggest"",
      ""dataType"": ""array"",
      ""colSpan"": 12,
      ""constraints"": {
        ""required"": true,
        ""minItems"": 1
      },
      ""items"": {
        ""type"": ""object"",
        ""properties"": {
          ""name"": {
            ""type"": ""string"",
            ""maxLength"": 120,
            ""description"": ""ONLY the person name, or \""Unassigned\"". No role, no reasoning.""
          },
          ""organizationalRole"": {
            ""type"": ""string"",
            ""maxLength"": 120,
            ""description"": ""ONLY their job title in the organisation, e.g. \""Quality Engineer\"".""
          },
          ""assigned8DRole"": {
            ""type"": ""string"",
            ""maxLength"": 60,
            ""description"": ""ONLY their role in THIS 8D, e.g. \""Team Leader\"" or \""Team Member\"".""
          },
          ""caseResponsibility"": {
            ""type"": ""string"",
            ""maxLength"": 200,
            ""description"": ""What this person is accountable for here. Never a job title.""
          },
          ""selectionReason"": {
            ""type"": ""string"",
            ""maxLength"": 220,
            ""description"": ""Why this person, in one line. Do not repeat the name or the role.""
          },
          ""servedOnCount"": {
            ""type"": ""integer"",
            ""description"": ""How many qualifying precedent cases this person served on. Rank the roster by this value, descending.""
          },
          ""sourceType"": {
            ""type"": ""string"",
            ""enum"": [
              ""current_case"",
              ""precedent"",
              ""unassigned""
            ]
          },
          ""sourcePath"": {
            ""type"": ""string"",
            ""maxLength"": 80,
            ""description"": ""ONLY the resolvable path: team.leader, team.members#N, precedents#N.team#M, or team.gaps.""
          },
          ""sourceCase"": {
            ""type"": ""string"",
            ""maxLength"": 60,
            ""description"": ""ONLY the precedent notification id, when the person came from a precedent.""
          }
        },
        ""required"": [
          ""name"",
          ""organizationalRole"",
          ""assigned8DRole"",
          ""caseResponsibility"",
          ""selectionReason"",
          ""sourceType"",
          ""sourcePath""
        ]
      }
    },
    {
      ""key"": ""team.assignedRoster"",
      ""label"": ""Decision table"",
      ""widget"": ""decision-table"",
      ""dataType"": ""array"",
      ""colSpan"": 12,
      ""constraints"": {},
      ""xSource"": ""manual_input"",
      ""description"": ""Filled in by the quality engineer on the report screen. The AI never writes this."",
      ""items"": {
        ""type"": ""object"",
        ""properties"": {
          ""partnerId"": {
            ""type"": ""string""
          },
          ""partnerName"": {
            ""type"": ""string""
          },
          ""functionTitle"": {
            ""type"": ""string""
          },
          ""partnerRole"": {
            ""type"": ""string"",
            ""enum"": [
              ""8D Team Leader"",
              ""8D Team Member""
            ]
          }
        }
      }
    },
    {
      ""key"": ""team.readinessStatus"",
      ""label"": ""Team readiness"",
      ""widget"": ""status"",
      ""dataType"": ""string"",
      ""colSpan"": 3,
      ""constraints"": {
        ""required"": true,
        ""enum"": [
          ""Ready"",
          ""Partial"",
          ""Needs assignment""
        ]
      }
    },
    {
      ""key"": ""team.readinessRationale"",
      ""label"": ""Readiness assessment"",
      ""widget"": ""markdown"",
      ""dataType"": ""string"",
      ""colSpan"": 9,
      ""constraints"": {
        ""required"": true,
        ""minLength"": 30,
        ""maxLength"": 500
      }
    },
    {
      ""key"": ""team.uncoveredCapabilities"",
      ""label"": ""Uncovered capabilities"",
      ""widget"": ""warning-list"",
      ""dataType"": ""array"",
      ""colSpan"": 6,
      ""constraints"": {},
      ""items"": {
        ""type"": ""string""
      }
    },
    {
      ""key"": ""team.sourceSummary"",
      ""label"": ""Where the team recommendation came from"",
      ""widget"": ""markdown"",
      ""dataType"": ""string"",
      ""colSpan"": 6,
      ""constraints"": {
        ""required"": true,
        ""minLength"": 30,
        ""maxLength"": 500
      }
    },
    {
      ""key"": ""team.suggestionStatus"",
      ""label"": ""Suggestion status"",
      ""widget"": ""callout"",
      ""dataType"": ""string"",
      ""colSpan"": 12,
      ""constraints"": {}
    },
    {
      ""key"": ""sources"",
      ""label"": ""Source records"",
      ""widget"": ""evidence-list"",
      ""dataType"": ""array"",
      ""colSpan"": 12,
      ""constraints"": {
        ""pattern"": ""^(team\\.|precedents#)""
      },
      ""items"": {
        ""type"": ""string""
      }
    }
  ],
  ""groups"": [
    {
      ""id"": ""d1-decision-table"",
      ""label"": ""Decision Table"",
      ""fieldKeys"": [
        ""team.assignedRoster"",
        ""team.suggestionStatus""
      ],
      ""width"": ""100"",
      ""columns"": 12,
      ""order"": 10
    }
  ]
}";;;"1";"Approved";"AI Lead / Quality Manager";"2026-09-22 12:21:44";;;"Completed"
"14b0c242-7823-4185-a89b-0abd3f17e325";"2026-09-22T10:20:41.364Z";"anonymous";"2026-09-22T10:20:41.364Z";"anonymous";"43139acd-46b4-494c-9b8f-f440d5bf3c57";"D2";"2";"D2 — Problem Description";"Grat an Flanschkante > Grenzwert n. Fraesen (SAP Data Normalization)";"Grat an Flanschkante > Grenzwert n. Fraesen (SAP Data Normalization)";;;;;"{""problem"":{""statement"":""Grat an Flanschkante > Grenzwert n. Fraesen (SAP Data Normalization)"",""isIsNot"":{""is"":""Bracket Housing X240 - WC-MILL-07 - Shift C"",""isNot"":""Other production lines - Shift A & B"",""notes"":""Quadrant 2: Real-world messy SAP ingestion with fault-tolerant parsing""},""w2h"":{}}}";"{
  ""fields"": [
    {
      ""key"": ""problem.complaintReference"",
      ""label"": ""Complaint reference"",
      ""widget"": ""complaint-reference"",
      ""dataType"": ""string"",
      ""colSpan"": 12,
      ""constraints"": {},
      ""xSource"": ""sap_qm"",
      ""description"": ""Read from the SAP QM customer reference on the case. The AI never writes this.""
    },
    {
      ""key"": ""problem.statement"",
      ""label"": ""Problem statement"",
      ""widget"": ""problem-statement"",
      ""dataType"": ""string"",
      ""colSpan"": 12,
      ""constraints"": {
        ""required"": true,
        ""minLength"": 30,
        ""maxLength"": 600
      }
    },
    {
      ""key"": ""problem.statementOverride"",
      ""label"": ""Problem statement (edited)"",
      ""widget"": ""text"",
      ""dataType"": ""string"",
      ""colSpan"": 12,
      ""constraints"": {},
      ""xSource"": ""manual_input"",
      ""description"": ""Edited by the quality engineer on the report screen. The AI never writes this.""
    },
    {
      ""key"": ""problem.what"",
      ""label"": ""What"",
      ""widget"": ""w2h-cell"",
      ""dataType"": ""string"",
      ""colSpan"": 4,
      ""constraints"": {
        ""required"": true
      }
    },
    {
      ""key"": ""problem.where"",
      ""label"": ""Where"",
      ""widget"": ""w2h-cell"",
      ""dataType"": ""string"",
      ""colSpan"": 4,
      ""constraints"": {
        ""required"": true
      }
    },
    {
      ""key"": ""problem.when"",
      ""label"": ""When"",
      ""widget"": ""w2h-cell"",
      ""dataType"": ""string"",
      ""colSpan"": 4,
      ""constraints"": {}
    },
    {
      ""key"": ""problem.who"",
      ""label"": ""Who"",
      ""widget"": ""w2h-cell"",
      ""dataType"": ""string"",
      ""colSpan"": 4,
      ""constraints"": {}
    },
    {
      ""key"": ""problem.how"",
      ""label"": ""How"",
      ""widget"": ""w2h-cell"",
      ""dataType"": ""string"",
      ""colSpan"": 4,
      ""constraints"": {}
    },
    {
      ""key"": ""problem.extent"",
      ""label"": ""How Many"",
      ""widget"": ""w2h-cell"",
      ""dataType"": ""string"",
      ""colSpan"": 4,
      ""constraints"": {
        ""required"": true
      }
    },
    {
      ""key"": ""problem.impact"",
      ""label"": ""Business / customer impact"",
      ""widget"": ""text"",
      ""dataType"": ""string"",
      ""colSpan"": 12,
      ""constraints"": {}
    },
    {
      ""key"": ""problem.is"",
      ""label"": ""Is"",
      ""widget"": ""is-box"",
      ""dataType"": ""array"",
      ""colSpan"": 6,
      ""constraints"": {},
      ""items"": {
        ""type"": ""string""
      }
    },
    {
      ""key"": ""problem.isNot"",
      ""label"": ""Is not"",
      ""widget"": ""isnot-box"",
      ""dataType"": ""array"",
      ""colSpan"": 6,
      ""constraints"": {},
      ""items"": {
        ""type"": ""string""
      }
    },
    {
      ""key"": ""problem.isIsNotStatus"",
      ""label"": ""Is / Is-Not status"",
      ""widget"": ""callout"",
      ""dataType"": ""string"",
      ""colSpan"": 12,
      ""constraints"": {}
    },
    {
      ""key"": ""problem.isIsNotBasis"",
      ""label"": ""Is / Is-Not basis"",
      ""widget"": ""markdown"",
      ""dataType"": ""string"",
      ""colSpan"": 12,
      ""constraints"": {}
    },
    {
      ""key"": ""problem.measuredEvidence"",
      ""label"": ""Measured evidence"",
      ""widget"": ""table"",
      ""dataType"": ""array"",
      ""colSpan"": 12,
      ""constraints"": {},
      ""items"": {
        ""type"": ""object"",
        ""properties"": {
          ""characteristic"": {
            ""type"": ""string"",
            ""maxLength"": 120,
            ""description"": ""ONLY the characteristic name, e.g. \""Burr height\"". No value, no verdict.""
          },
          ""measured"": {
            ""type"": ""string"",
            ""maxLength"": 60,
            ""description"": ""ONLY the measured value with its unit, e.g. \""0.32 mm\"".""
          },
          ""specification"": {
            ""type"": ""string"",
            ""maxLength"": 60,
            ""description"": ""ONLY the specification limit with its unit, e.g. \""max 0.10 mm\"".""
          },
          ""assessment"": {
            ""type"": ""string"",
            ""maxLength"": 120,
            ""description"": ""ONLY the verdict, e.g. \""Out of tolerance\"" or \""Within spec\"". No restatement of the numbers.""
          }
        }
      }
    },
    {
      ""key"": ""problem.gaps"",
      ""label"": ""Missing facts"",
      ""widget"": ""warning-list"",
      ""dataType"": ""array"",
      ""colSpan"": 12,
      ""constraints"": {},
      ""items"": {
        ""type"": ""string""
      }
    },
    {
      ""key"": ""sources"",
      ""label"": ""Evidence and traceability"",
      ""widget"": ""evidence-list"",
      ""dataType"": ""array"",
      ""colSpan"": 12,
      ""constraints"": {},
      ""items"": {
        ""type"": ""string""
      }
    }
  ],
  ""groups"": [
    {
      ""id"": ""d2-ai-result"",
      ""label"": ""AI-generated problem description"",
      ""fieldKeys"": [
        ""problem.complaintReference"",
        ""problem.statement"",
        ""problem.what"",
        ""problem.where"",
        ""problem.when"",
        ""problem.who"",
        ""problem.how"",
        ""problem.extent"",
        ""problem.is"",
        ""problem.isNot"",
        ""problem.isIsNotStatus"",
        ""problem.isIsNotBasis""
      ],
      ""width"": ""100"",
      ""columns"": 12,
      ""order"": 10
    }
  ]
}";;;"1";"Approved";"AI Lead / Quality Manager";"2026-09-22 12:21:44";;;"Completed"
"f3188b28-9ac0-4d30-b868-77febaf47eb2";"2026-09-22T10:20:41.364Z";"anonymous";"2026-09-22T10:20:41.364Z";"anonymous";"43139acd-46b4-494c-9b8f-f440d5bf3c57";"D3";"3";"D3 — Containment Actions";"Containment actions established.";"Containment actions established.";;;;;"{""containment"":{""actions"":[{""lineNo"":1,""actionType"":""Containment"",""actionText"":""Quarantine 128 parts and perform 100% deburring re-check"",""status"":""Done""}]}}";"{
  ""fields"": [
    {
      ""key"": ""containment.actions"",
      ""label"": ""Containment actions"",
      ""widget"": ""action-cards"",
      ""dataType"": ""array"",
      ""colSpan"": 12,
      ""constraints"": {
        ""required"": true,
        ""minItems"": 1
      },
      ""items"": {
        ""type"": ""object"",
        ""properties"": {
          ""action"": {
            ""type"": ""string"",
            ""description"": ""Short concise action description without boilerplate prefix. Start with the imperative verb naming the PRIMARY work, e.g. \""Quarantine 85 housings at the outgoing dock\"".""
          },
          ""owner"": {
            ""type"": ""string"",
            ""maxLength"": 120,
            ""description"": ""The team member from D1 (team.roster or team.leader/members) assigned to this containment action, selected by matching their role/responsibility to the work required. E.g. \""Karl Wagner\"" or \""DungTruonghyhy\"".""
          },
          ""status"": {
            ""type"": ""string"",
            ""enum"": [
              ""Planned"",
              ""In Process"",
              ""Done"",
              ""Verified""
            ]
          }
        }
      }
    },
    {
      ""key"": ""containment.gaps"",
      ""label"": ""Open containment gaps"",
      ""widget"": ""warning-list"",
      ""dataType"": ""array"",
      ""colSpan"": 12,
      ""constraints"": {},
      ""items"": {
        ""type"": ""string""
      }
    },
    {
      ""key"": ""sources"",
      ""label"": ""Evidence and traceability"",
      ""widget"": ""evidence-list"",
      ""dataType"": ""array"",
      ""colSpan"": 12,
      ""constraints"": {},
      ""items"": {
        ""type"": ""string""
      }
    }
  ],
  ""groups"": [
    {
      ""id"": ""d3-ai-result"",
      ""label"": ""Containment plan"",
      ""fieldKeys"": [
        ""containment.actions"",
        ""containment.gaps"",
        ""sources""
      ],
      ""width"": ""100"",
      ""columns"": 12,
      ""order"": 10
    }
  ]
}";;;"1";"Approved";"AI Lead / Quality Manager";"2026-09-22 12:21:44";;;"Completed"
"6acf09b3-9cca-43cd-a9a9-652ff6036dae";"2026-09-22T10:20:41.364Z";"anonymous";"2026-09-22T10:20:41.364Z";"anonymous";"43139acd-46b4-494c-9b8f-f440d5bf3c57";"D4";"4";"D4 — Root Cause Analysis";"Root cause identified as Machine.";"Root cause identified as Machine.";;;;;"{""rootCause"":{""category"":""Machine"",""whyChain"":[],""ishikawa"":[{""category"":""Machine"",""description"":""EQ-MILL07-002, deburring tool at 11,800 cycles vs 8,000-cycle replacement limit"",""metricValue"":""11,800 cycles"",""isRootCause"":true,""source"":""SAP: EQUI/AFIH (PM)""},{""category"":""Measurement"",""description"":""GA-0044, last cal 2026-06-20"",""metricValue"":""4.2%"",""isRootCause"":false,""source"":""SAP: Test Equipment Mgmt""}]}}";"{
  ""fields"": [
    {
      ""key"": ""rootCause.statement"",
      ""label"": ""Root cause"",
      ""widget"": ""ai-draft"",
      ""dataType"": ""string"",
      ""colSpan"": 12,
      ""constraints"": {
        ""required"": true,
        ""minLength"": 10,
        ""maxLength"": 320
      }
    },
    {
      ""key"": ""rootCause.ishikawaBoard"",
      ""label"": ""Ishikawa"",
      ""widget"": ""ishikawa-grid"",
      ""dataType"": ""array"",
      ""colSpan"": 12,
      ""constraints"": {
        ""required"": true,
        ""minItems"": 6
      },
      ""description"": ""Always one row per 6M category with a concise 1-sentence verdict. Copy a recorded assessment verbatim with source=recorded; for a category with no recorded entry propose a brief verdict from evidence with source=proposed, or write \""not assessed\"". Never write audit plans or long essays in cells."",
      ""items"": {
        ""type"": ""object"",
        ""properties"": {
          ""category"": {
            ""type"": ""string"",
            ""enum"": [
              ""Man"",
              ""Machine"",
              ""Method"",
              ""Material"",
              ""Measurement"",
              ""Environment""
            ]
          },
          ""finding"": {
            ""type"": ""string"",
            ""maxLength"": 220,
            ""description"": ""The concise VERDICT for this branch, e.g. clamp pad worn 0.2 mm, or gauge R&R 8%, or not assessed. Never a list of evidence to gather - that goes in evidenceGaps once. Never the category name.""
          },
          ""isRootCause"": {
            ""type"": ""boolean"",
            ""description"": ""True for at most ONE branch in the whole board.""
          },
          ""source"": {
            ""type"": ""string"",
            ""enum"": [
              ""recorded"",
              ""proposed""
            ]
          }
        },
        ""required"": [
          ""category"",
          ""finding"",
          ""isRootCause"",
          ""source""
        ]
      }
    },
    {
      ""key"": ""rootCause.fiveWhy"",
      ""label"": ""5-Why chain"",
      ""widget"": ""why-chain"",
      ""dataType"": ""array"",
      ""colSpan"": 12,
      ""constraints"": {
        ""required"": true,
        ""minItems"": 1
      },
      ""items"": {
        ""type"": ""object"",
        ""properties"": {
          ""step"": {
            ""type"": ""integer"",
            ""description"": ""Position in the chain, starting at 1.""
          },
          ""why"": {
            ""type"": ""string"",
            ""maxLength"": 140,
            ""description"": ""The question only, ending in a question mark. Keep it short and crisp.""
          },
          ""answer"": {
            ""type"": ""string"",
            ""maxLength"": 200,
            ""description"": ""The answer only: 1 concise direct sentence naming the cause. Never repeat the question, never list audit procedures or evidence still to be gathered.""
          },
          ""evidence"": {
            ""type"": ""string"",
            ""maxLength"": 200,
            ""description"": ""The CaseContext path or measurement backing the answer. Concise citation only.""
          }
        },
        ""required"": [
          ""step"",
          ""why"",
          ""answer"",
          ""evidence""
        ]
      }
    },
    {
      ""key"": ""rootCause.evidenceGaps"",
      ""label"": ""Evidence gaps"",
      ""widget"": ""warning-list"",
      ""dataType"": ""array"",
      ""colSpan"": 12,
      ""constraints"": {},
      ""items"": {
        ""type"": ""string""
      }
    },
    {
      ""key"": ""sources"",
      ""label"": ""Evidence and traceability"",
      ""widget"": ""evidence-list"",
      ""dataType"": ""array"",
      ""colSpan"": 12,
      ""constraints"": {},
      ""items"": {
        ""type"": ""string""
      }
    }
  ],
  ""groups"": [
    {
      ""id"": ""d4-ai-result"",
      ""label"": ""Root cause analysis"",
      ""fieldKeys"": [
        ""rootCause.statement"",
        ""rootCause.ishikawaBoard"",
        ""rootCause.fiveWhy"",
        ""rootCause.evidenceGaps"",
        ""sources""
      ],
      ""width"": ""100"",
      ""columns"": 12,
      ""order"": 10
    }
  ]
}";;;"1";"Approved";"AI Lead / Quality Manager";"2026-09-22 12:21:44";;;"Completed"
"b530b984-2cbc-46b6-9d7d-108895cd4307";"2026-09-22T10:20:41.364Z";"anonymous";"2026-09-22T10:20:41.364Z";"anonymous";"43139acd-46b4-494c-9b8f-f440d5bf3c57";"D5";"5";"D5 — Corrective Actions";"Permanent corrective actions defined.";"Permanent corrective actions defined.";;;;;"{""corrective"":{""actions"":[{""lineNo"":2,""actionType"":""Corrective"",""actionText"":""Replace deburring tool insert on EQ-MILL07-002"",""status"":""Done""}]}}";"{
  ""fields"": [
    {
      ""key"": ""corrective.actions"",
      ""label"": ""Permanent corrective actions"",
      ""widget"": ""action-cards"",
      ""dataType"": ""array"",
      ""colSpan"": 12,
      ""constraints"": {
        ""required"": true,
        ""minItems"": 1
      },
      ""items"": {
        ""type"": ""object"",
        ""properties"": {
          ""action"": {
            ""type"": ""string"",
            ""maxLength"": 240,
            ""description"": ""The action and its trigger, starting with the imperative verb that names the PRIMARY work. No owner, no status, no rationale - those are separate fields.""
          },
          ""owner"": {
            ""type"": ""string"",
            ""maxLength"": 120,
            ""description"": ""The team member from D1 (team.roster or team.leader/members) assigned to this corrective action, selected by matching their role/responsibility to the root cause fix. E.g. \""Karl Wagner\"" or \""Minh Dinh\"".""
          },
          ""status"": {
            ""type"": ""string"",
            ""maxLength"": 40,
            ""description"": ""ONLY the current status, one or two words, e.g. \""Planned\"", \""In progress\"", \""Done\"".""
          },
          ""origin"": {
            ""type"": ""string"",
            ""maxLength"": 60,
            ""description"": ""ONLY where it came from: \""recorded\"" for an action already in the case, or \""precedents#N\"" for a proposal.""
          },
          ""protection"": {
            ""type"": ""string"",
            ""maxLength"": 200,
            ""description"": ""One line.""
          }
        }
      }
    },
    {
      ""key"": ""sources"",
      ""label"": ""Evidence and traceability"",
      ""widget"": ""evidence-list"",
      ""dataType"": ""array"",
      ""colSpan"": 12,
      ""constraints"": {},
      ""items"": {
        ""type"": ""string""
      }
    }
  ],
  ""groups"": [
    {
      ""id"": ""d5-ai-result"",
      ""label"": ""AI-generated corrective plan"",
      ""fieldKeys"": [
        ""corrective.actions""
      ],
      ""width"": ""100"",
      ""columns"": 12,
      ""order"": 10
    }
  ]
}";;;"1";"Approved";"AI Lead / Quality Manager";"2026-09-22 12:21:44";;;"Completed"
"20264151-eb4d-488f-a9d5-d8da75932915";"2026-09-22T10:20:41.364Z";"anonymous";"2026-09-22T10:20:41.364Z";"anonymous";"43139acd-46b4-494c-9b8f-f440d5bf3c57";"D6";"6";"D6 — Verification of Effectiveness";"Verification plan executed.";"Verification plan executed.";;;;;"{""verification"":{""status"":""Verified"",""notes"":""Corrective actions verified on line.""}}";"{
  ""fields"": [
    {
      ""key"": ""verification.objective"",
      ""label"": ""Verification objective"",
      ""widget"": ""callout"",
      ""dataType"": ""string"",
      ""colSpan"": 12,
      ""constraints"": {
        ""required"": true,
        ""maxLength"": 260
      }
    },
    {
      ""key"": ""verification.plan"",
      ""label"": ""Verification plan"",
      ""widget"": ""table"",
      ""dataType"": ""array"",
      ""colSpan"": 12,
      ""constraints"": {
        ""required"": true,
        ""minItems"": 1
      },
      ""items"": {
        ""type"": ""object"",
        ""properties"": {
          ""measure"": {
            ""type"": ""string"",
            ""maxLength"": 200,
            ""description"": ""One line.""
          },
          ""sampleSize"": {
            ""type"": ""string"",
            ""maxLength"": 80,
            ""description"": ""ONLY the sample size, e.g. \""30 parts per shift\"".""
          },
          ""period"": {
            ""type"": ""string"",
            ""maxLength"": 60,
            ""description"": ""ONLY the period over which it runs, e.g. \""4 weeks\"".""
          },
          ""acceptanceCriterion"": {
            ""type"": ""string"",
            ""maxLength"": 220,
            ""description"": ""The pass/fail threshold with its number, anchored to a real specification value.""
          },
          ""signOff"": {
            ""type"": ""string"",
            ""maxLength"": 120,
            ""description"": ""ONLY the role that signs it off.""
          }
        }
      }
    },
    {
      ""key"": ""verification.evidenceStatus"",
      ""label"": ""Evidence status"",
      ""widget"": ""status"",
      ""dataType"": ""string"",
      ""colSpan"": 4,
      ""constraints"": {
        ""required"": true,
        ""enum"": [
          ""No evidence yet"",
          ""Partially verified"",
          ""Verified""
        ]
      }
    },
    {
      ""key"": ""sources"",
      ""label"": ""Evidence and traceability"",
      ""widget"": ""evidence-list"",
      ""dataType"": ""array"",
      ""colSpan"": 12,
      ""constraints"": {},
      ""items"": {
        ""type"": ""string""
      }
    }
  ],
  ""groups"": [
    {
      ""id"": ""d6-ai-result"",
      ""label"": ""AI-generated verification plan"",
      ""fieldKeys"": [
        ""verification.objective"",
        ""verification.plan""
      ],
      ""width"": ""100"",
      ""columns"": 12,
      ""order"": 10
    }
  ]
}";;;"1";"Approved";"AI Lead / Quality Manager";"2026-09-22 12:21:44";;;"Completed"
"055309d8-3a35-45c5-a814-019f23727fff";"2026-09-22T10:20:41.364Z";"anonymous";"2026-09-22T10:20:41.364Z";"anonymous";"43139acd-46b4-494c-9b8f-f440d5bf3c57";"D7";"7";"D7 — Preventive Actions";"Preventive measures implemented.";"Preventive measures implemented.";;;;;"{""preventive"":{""actions"":[]}}";"{
  ""fields"": [
    {
      ""key"": ""preventive.actions"",
      ""label"": ""Preventive actions"",
      ""widget"": ""action-cards"",
      ""dataType"": ""array"",
      ""colSpan"": 12,
      ""constraints"": {
        ""required"": true,
        ""minItems"": 1
      },
      ""items"": {
        ""type"": ""object"",
        ""properties"": {
          ""action"": {
            ""type"": ""string"",
            ""maxLength"": 240,
            ""description"": ""The action and its trigger, starting with the imperative verb that names the PRIMARY work. No owner, no status, no rationale - those are separate fields.""
          },
          ""owner"": {
            ""type"": ""string"",
            ""maxLength"": 120,
            ""description"": ""The team member from D1 (team.roster or team.leader/members) assigned to this preventive action, selected by matching their role/responsibility to the systemic/FMEA fix. E.g. \""Minh Dinh\"" or \""DungTruonghyhy\"".""
          },
          ""status"": {
            ""type"": ""string"",
            ""maxLength"": 40,
            ""description"": ""ONLY the current status, one or two words, e.g. \""Planned\"", \""In progress\"", \""Done\"".""
          },
          ""origin"": {
            ""type"": ""string"",
            ""maxLength"": 60,
            ""description"": ""ONLY where it came from: \""recorded\"" for an action already in the case, or \""precedents#N\"" for a proposal.""
          },
          ""protection"": {
            ""type"": ""string"",
            ""maxLength"": 200,
            ""description"": ""One line.""
          }
        }
      }
    },
    {
      ""key"": ""preventive.fmea"",
      ""label"": ""FMEA entry to update"",
      ""widget"": ""fmea-link"",
      ""dataType"": ""object"",
      ""colSpan"": 12,
      ""constraints"": {},
      ""properties"": {
        ""fmeaId"": {
          ""type"": ""string""
        },
        ""description"": {
          ""type"": ""string""
        },
        ""change"": {
          ""type"": ""string""
        },
        ""currentRating"": {
          ""type"": ""string""
        },
        ""proposedRating"": {
          ""type"": ""string""
        }
      }
    },
    {
      ""key"": ""sources"",
      ""label"": ""Evidence and traceability"",
      ""widget"": ""evidence-list"",
      ""dataType"": ""array"",
      ""colSpan"": 12,
      ""constraints"": {},
      ""items"": {
        ""type"": ""string""
      }
    }
  ],
  ""groups"": [
    {
      ""id"": ""d7-ai-result"",
      ""label"": ""AI-generated preventive plan"",
      ""fieldKeys"": [
        ""preventive.actions"",
        ""preventive.fmea""
      ],
      ""width"": ""100"",
      ""columns"": 12,
      ""order"": 10
    }
  ]
}";;;"1";"Approved";"AI Lead / Quality Manager";"2026-09-22 12:21:44";;;"Completed"
"e0249594-ffb5-4860-9711-97f2b4ed0d22";"2026-09-22T10:20:41.364Z";"anonymous";"2026-09-22T10:20:41.364Z";"anonymous";"43139acd-46b4-494c-9b8f-f440d5bf3c57";"D8";"8";"D8 — Closure & Team Recognition";"8D report closed.";"8D report closed.";;;;;"{""closure"":{""gate"":{""status"":""Open"",""readyForClosure"":false}}}";"{
  ""fields"": [
    {
      ""key"": ""closure.gate"",
      ""label"": ""Closure readiness"",
      ""widget"": ""closure-gate"",
      ""dataType"": ""object"",
      ""colSpan"": 12,
      ""constraints"": {},
      ""xSource"": ""manual_input"",
      ""description"": ""Computed from the review status of D1-D7. The AI never writes this."",
      ""properties"": {}
    },
    {
      ""key"": ""closure.costOfPoorQuality"",
      ""label"": ""Cost of poor quality"",
      ""widget"": ""text"",
      ""dataType"": ""string"",
      ""colSpan"": 4,
      ""constraints"": {},
      ""xSource"": ""sap_qm"",
      ""description"": ""Read from the case. The AI never writes this.""
    },
    {
      ""key"": ""closure.lessonsWhatWorked"",
      ""label"": ""What worked"",
      ""widget"": ""markdown"",
      ""dataType"": ""string"",
      ""colSpan"": 6,
      ""constraints"": {
        ""required"": true,
        ""minLength"": 20
      }
    },
    {
      ""key"": ""closure.lessonsWhatDidNot"",
      ""label"": ""What did not"",
      ""widget"": ""markdown"",
      ""dataType"": ""string"",
      ""colSpan"": 6,
      ""constraints"": {
        ""required"": true,
        ""minLength"": 20
      }
    },
    {
      ""key"": ""closure.teamRecognition"",
      ""label"": ""Team recognition"",
      ""widget"": ""markdown"",
      ""dataType"": ""string"",
      ""colSpan"": 12,
      ""constraints"": {}
    },
    {
      ""key"": ""closure.openItems"",
      ""label"": ""Still open at closure"",
      ""widget"": ""warning-list"",
      ""dataType"": ""array"",
      ""colSpan"": 12,
      ""constraints"": {},
      ""items"": {
        ""type"": ""string""
      }
    },
    {
      ""key"": ""sources"",
      ""label"": ""Evidence and traceability"",
      ""widget"": ""evidence-list"",
      ""dataType"": ""array"",
      ""colSpan"": 12,
      ""constraints"": {},
      ""items"": {
        ""type"": ""string""
      }
    }
  ],
  ""groups"": [
    {
      ""id"": ""d8-ai-result"",
      ""label"": ""AI-generated closure summary"",
      ""fieldKeys"": [
        ""closure.gate"",
        ""closure.costOfPoorQuality"",
        ""closure.lessonsWhatWorked"",
        ""closure.lessonsWhatDidNot"",
        ""closure.teamRecognition""
      ],
      ""width"": ""100"",
      ""columns"": 12,
      ""order"": 10
    }
  ]
}";;;"1";"Approved";"AI Lead / Quality Manager";"2026-09-22 12:21:44";;;"Completed"